,Stvarna potrošnja,Random Forest predikcija,LSTM predikcija,Temperatura,Sat,Mjesec,Vikend
2018-03-16 00:00:00,27423.000000000004,28781.430000000004,25976.953755760194,7.0,0,3,0
2018-03-16 01:00:00,25497.0,26623.46,24672.63588485718,6.430000000000007,1,3,0
2018-03-16 02:00:00,24241.0,23270.69333333333,23452.23653841019,6.430000000000007,2,3,0
2018-03-16 03:00:00,23796.0,23220.86,22818.14124298096,6.860000000000014,3,3,0
2018-03-16 04:00:00,23848.0,22569.3,22860.739007759097,6.430000000000007,4,3,0
2018-03-16 05:00:00,24457.999999999996,23667.35,23774.224950599673,6.0,5,3,0
2018-03-16 06:00:00,27295.999999999996,25900.648333333334,25929.482373046878,5.430000000000007,6,3,0
2018-03-16 07:00:00,30934.0,27475.72,28988.434552001956,5.650000000000034,7,3,0
2018-03-16 08:00:00,33518.0,31252.18,31534.924340057376,4.980000000000018,8,3,0
2018-03-16 09:00:00,34691.0,32855.65,32999.53931388855,4.360000000000014,9,3,0
2018-03-16 10:00:00,34920.0,33616.6,33745.39086828232,5.010000000000048,10,3,0
2018-03-16 11:00:00,34837.0,34547.04,34015.698420143126,5.970000000000027,11,3,0
2018-03-16 12:00:00,34651.0,31332.07,33868.70854053497,7.3700000000000045,12,3,0
2018-03-16 13:00:00,34338.0,33717.74,33347.861378097536,8.980000000000018,13,3,0
2018-03-16 14:00:00,33245.0,32848.34,32604.60534267426,9.180000000000007,14,3,0
2018-03-16 15:00:00,32434.0,32858.75,31907.565660095217,8.560000000000002,15,3,0
2018-03-16 16:00:00,31990.0,32054.65,31557.195016002657,8.390000000000043,16,3,0
2018-03-16 17:00:00,31696.0,32196.67,31802.358020019532,8.770000000000039,17,3,0
2018-03-16 18:00:00,31598.0,32226.72,32618.884359550477,8.590000000000032,18,3,0
2018-03-16 19:00:00,33465.0,32766.24,33603.87526292801,8.400000000000034,19,3,0
2018-03-16 20:00:00,34866.0,33065.47,34063.68988332748,7.590000000000032,20,3,0
2018-03-16 21:00:00,34068.0,32053.97,33278.09734420777,7.230000000000018,21,3,0
2018-03-16 22:00:00,31909.0,29941.44333333333,30896.744093322755,6.9500000000000455,22,3,0
2018-03-16 23:00:00,29497.0,27673.21,28070.983300781252,6.650000000000034,23,3,0
2018-03-17 00:00:00,27572.0,25616.25,26172.438087177277,5.650000000000034,0,3,1
2018-03-17 01:00:00,25634.0,24218.4335,24859.8062538147,5.860000000000014,1,3,1
2018-03-17 02:00:00,24440.0,22474.32,23553.81094026566,5.430000000000007,2,3,1
2018-03-17 03:00:00,23750.0,21957.57,22769.61504917145,5.430000000000007,3,3,1
2018-03-17 04:00:00,23277.0,22704.521333333334,22548.785951137546,5.0,4,3,1
2018-03-17 05:00:00,23353.0,21068.99,22877.865037918094,4.430000000000007,5,3,1
2018-03-17 06:00:00,24036.999999999996,24681.61,23882.550631809238,5.430000000000007,6,3,1
2018-03-17 07:00:00,24808.000000000004,29793.77,25689.547032356266,5.300000000000011,7,3,1
2018-03-17 08:00:00,26723.0,30373.45,28024.639979934695,4.5,8,3,1
2018-03-17 09:00:00,29594.0,28300.7,30121.648389625552,4.5,9,3,1
2018-03-17 10:00:00,31249.0,31438.44,31463.021383666994,3.3600000000000136,10,3,1
2018-03-17 11:00:00,31699.0,31720.14,32045.46756076813,3.580000000000041,11,3,1
2018-03-17 12:00:00,31175.0,31635.75,31963.475531578068,2.7900000000000205,12,3,1
2018-03-17 13:00:00,31393.000000000004,31886.14,31383.014450359347,3.7700000000000387,13,3,1
2018-03-17 14:00:00,30682.0,30363.3,30539.754021263125,6.189999999999998,14,3,1
2018-03-17 15:00:00,29529.0,29708.29,29695.23367891312,6.57000000000005,15,3,1
2018-03-17 16:00:00,28725.0,29328.78,29128.761053180697,7.770000000000039,16,3,1
2018-03-17 17:00:00,28650.000000000004,28099.07,29076.091307449344,8.57000000000005,17,3,1
2018-03-17 18:00:00,29025.0,28607.97,29641.34797039032,8.170000000000016,18,3,1
2018-03-17 19:00:00,30539.0,29536.5,30622.197763538363,8.400000000000034,19,3,1
2018-03-17 20:00:00,31888.0,31344.39,31478.660423183443,7.590000000000032,20,3,1
2018-03-17 21:00:00,31615.0,31724.46,31396.814895534517,7.490000000000009,21,3,1
2018-03-17 22:00:00,30256.0,30172.83,29413.374480533603,7.430000000000007,22,3,1
2018-03-17 23:00:00,28147.0,27733.63,26424.14971008301,6.860000000000014,23,3,1
2018-03-18 00:00:00,25968.0,26053.91676190476,24569.735644054414,6.860000000000014,0,3,1
2018-03-18 01:00:00,24055.0,24780.394904761903,23287.45160493851,5.860000000000014,1,3,1
2018-03-18 02:00:00,22580.000000000004,22705.14,22094.538389301302,5.2900000000000205,2,3,1
2018-03-18 03:00:00,21802.0,21423.42,21450.668999385834,5.2900000000000205,3,3,1
2018-03-18 04:00:00,21427.0,21541.371714285713,21359.969895267488,7.0,4,3,1
2018-03-18 05:00:00,21512.0,21738.56,21723.00315589905,5.2900000000000205,5,3,1
2018-03-18 06:00:00,22029.0,22851.54,22525.248036861423,5.2900000000000205,6,3,1
2018-03-18 07:00:00,22134.0,24023.88,23861.44708480835,4.960000000000036,7,3,1
2018-03-18 08:00:00,23412.0,25268.84,25718.735022735596,4.480000000000018,8,3,1
2018-03-18 09:00:00,25873.000000000004,26230.47,27686.175027751924,4.710000000000036,9,3,1
2018-03-18 10:00:00,27680.0,27840.96,29172.862900447846,5.550000000000011,10,3,1
2018-03-18 11:00:00,28490.000000000004,31214.58,29896.141009044648,7.3700000000000045,11,3,1
2018-03-18 12:00:00,28326.000000000004,27773.67,29878.743951034547,8.379999999999995,12,3,1
2018-03-18 13:00:00,28580.0,28478.86,29293.61679573059,9.370000000000005,13,3,1
2018-03-18 14:00:00,28164.0,26960.33,28438.072212409974,10.610000000000014,14,3,1
2018-03-18 15:00:00,26947.0,26688.78,27626.954221439362,10.78000000000003,15,3,1
2018-03-18 16:00:00,26037.999999999996,26656.293333333335,27102.319994163514,12.0,16,3,1
2018-03-18 17:00:00,25660.0,26461.55,27098.193534088135,10.78000000000003,17,3,1
2018-03-18 18:00:00,26016.0,29159.95166666667,27789.812659645082,10.980000000000018,18,3,1
2018-03-18 19:00:00,28432.0,29049.27,29100.39835481644,11.5,19,3,1
2018-03-18 20:00:00,31049.0,32549.73,30473.498699283602,10.0,20,3,1
2018-03-18 21:00:00,31326.0,31594.42,30862.570167160036,9.240000000000009,21,3,1
2018-03-18 22:00:00,30251.0,30056.60666666667,29101.45316591263,8.430000000000007,22,3,1
2018-03-18 23:00:00,27994.0,27900.747666666666,26230.51129808426,7.860000000000014,23,3,1
2018-03-19 00:00:00,25534.0,25071.468833333332,24414.248675060273,7.860000000000014,0,3,0
2018-03-19 01:00:00,23947.0,23792.7,23206.24335899353,7.430000000000007,1,3,0
2018-03-19 02:00:00,22964.0,22408.22,22179.47265777588,7.0,2,3,0
2018-03-19 03:00:00,22525.0,21546.09,21762.289985847474,6.430000000000007,3,3,0
2018-03-19 04:00:00,22565.0,21439.59,22023.946621704104,5.860000000000014,4,3,0
2018-03-19 05:00:00,23382.0,22628.94,23197.807311916353,5.430000000000007,5,3,0
2018-03-19 06:00:00,26119.0,24933.491428571426,25656.20572328568,5.0,6,3,0
2018-03-19 07:00:00,29534.0,27418.871666666666,28871.824208641054,3.910000000000025,7,3,0
2018-03-19 08:00:00,32424.0,30935.093999999997,31422.914145088198,3.7200000000000273,8,3,0
2018-03-19 09:00:00,34137.0,27644.22,32894.0997130394,3.7800000000000296,9,3,0
2018-03-19 10:00:00,35071.0,28455.92,33646.87102355957,4.3700000000000045,10,3,0
2018-03-19 11:00:00,35525.0,28533.37,33868.77690792084,4.800000000000011,11,3,0
2018-03-19 12:00:00,35444.0,29403.04,33628.41915445328,4.770000000000039,12,3,0
2018-03-19 13:00:00,35394.0,30349.97,33040.75508079529,5.160000000000025,13,3,0
2018-03-19 14:00:00,34266.0,31932.36,32320.07249116898,5.600000000000023,14,3,0
2018-03-19 15:00:00,33388.0,31397.0,31744.929415893555,5.980000000000018,15,3,0
2018-03-19 16:00:00,33167.0,30708.2,31570.39236316681,7.189999999999998,16,3,0
2018-03-19 17:00:00,33058.0,31467.84,31981.465920829774,8.200000000000045,17,3,0
2018-03-19 18:00:00,33193.0,30712.94,32862.06715106964,7.189999999999998,18,3,0
2018-03-19 19:00:00,34932.0,33376.04,33854.54184150696,6.180000000000007,19,3,0
2018-03-19 20:00:00,36596.0,35002.72,34346.113112640385,5.980000000000018,20,3,0
2018-03-19 21:00:00,35612.0,33455.98,33602.637324905394,5.740000000000009,21,3,0
2018-03-19 22:00:00,33194.0,31736.45,31194.493825531008,4.490000000000009,22,3,0
2018-03-19 23:00:00,30203.999999999996,28589.61,28230.784740161896,5.0,23,3,0
2018-03-20 00:00:00,27949.0,25948.3,26269.61011772156,4.0,0,3,0
2018-03-20 01:00:00,26130.0,23431.82,24941.59318084717,3.430000000000007,1,3,0
2018-03-20 02:00:00,25035.000000000004,23924.04,23651.246673583988,2.8600000000000136,2,3,0
2018-03-20 03:00:00,24598.0,22639.8,22923.14378089905,3.430000000000007,3,3,0
2018-03-20 04:00:00,24502.0,22891.32,22880.585083198548,3.430000000000007,4,3,0
2018-03-20 05:00:00,25157.0,23832.91,23793.23596725464,3.2900000000000205,5,3,0
2018-03-20 06:00:00,28064.0,25086.09,26117.968814182284,2.8600000000000136,6,3,0
2018-03-20 07:00:00,32055.0,29420.43,29389.57286348343,3.650000000000034,7,3,0
2018-03-20 08:00:00,35538.0,32049.3,31995.168698310856,3.240000000000009,8,3,0
2018-03-20 09:00:00,37161.0,31586.87,33459.993657684325,2.180000000000007,9,3,0
2018-03-20 10:00:00,37708.0,30175.57,34243.295889377594,3.3600000000000136,10,3,0
2018-03-20 11:00:00,37743.0,27373.37,34562.1198682785,4.360000000000014,11,3,0
2018-03-20 12:00:00,37526.0,28148.01,34462.5793961525,4.970000000000027,12,3,0
2018-03-20 13:00:00,37199.0,29036.73,33999.21943845749,6.170000000000016,13,3,0
2018-03-20 14:00:00,36287.0,28092.49,33329.69030361176,6.160000000000025,14,3,0
2018-03-20 15:00:00,35573.0,28230.47,32719.61881923676,6.9500000000000455,15,3,0
2018-03-20 16:00:00,35040.0,29424.36,32458.125776767734,8.25,16,3,0
2018-03-20 17:00:00,34700.0,28078.51,32764.716876983646,7.980000000000018,17,3,0
2018-03-20 18:00:00,34535.0,29714.91,33579.37043848038,7.770000000000039,18,3,0
2018-03-20 19:00:00,36659.0,33685.76,34455.05898370743,6.770000000000039,19,3,0
2018-03-20 20:00:00,38575.0,33604.61,34822.00871887207,4.770000000000039,20,3,0
2018-03-20 21:00:00,37753.0,32983.74,34047.67482318878,4.740000000000009,21,3,0
2018-03-20 22:00:00,34913.0,32143.07,31583.575060176852,3.740000000000009,22,3,0
2018-03-20 23:00:00,31511.0,29751.61,28475.141985702518,3.25,23,3,0
2018-03-21 00:00:00,28890.0,27881.105,26479.856921100618,2.650000000000034,0,3,0
2018-03-21 01:00:00,26843.999999999996,25802.21,25094.382079792023,2.430000000000007,1,3,0
2018-03-21 02:00:00,25710.0,24689.78,23734.64267587662,1.8600000000000136,2,3,0
2018-03-21 03:00:00,25196.000000000004,23048.71,22949.379765224458,1.4300000000000068,3,3,0
2018-03-21 04:00:00,25090.0,23516.62,22868.235003280643,0.8600000000000136,4,3,0
2018-03-21 05:00:00,25875.999999999996,24054.43,23731.844496440888,1.8600000000000136,5,3,0
2018-03-21 06:00:00,28566.0,25671.248,26000.43795280457,2.0,6,3,0
2018-03-21 07:00:00,32349.0,27379.75,29280.63187580109,1.3000000000000114,7,3,0
2018-03-21 08:00:00,35609.0,30677.9,31961.866456317905,1.4700000000000273,8,3,0
2018-03-21 09:00:00,37055.0,27102.31,33484.66940059662,3.3600000000000136,9,3,0
2018-03-21 10:00:00,37564.0,33553.95,34277.81165246964,4.760000000000048,10,3,0
2018-03-21 11:00:00,37386.0,34871.69,34590.24083909988,7.160000000000025,11,3,0
2018-03-21 12:00:00,36817.0,35364.375,34466.21019268036,8.170000000000016,12,3,0
2018-03-21 13:00:00,36399.0,34978.89,33972.11665334702,8.980000000000018,13,3,0
2018-03-21 14:00:00,35144.0,33425.45,33284.995125103,9.78000000000003,14,3,0
2018-03-21 15:00:00,34453.0,32524.64,32664.255886840823,11.0,15,3,0
2018-03-21 16:00:00,34098.0,32580.08,32415.864965534212,10.770000000000039,16,3,0
2018-03-21 17:00:00,33758.0,31974.38,32758.202441787722,10.580000000000041,17,3,0
2018-03-21 18:00:00,33624.0,32297.51,33583.45050640107,10.0,18,3,0
2018-03-21 19:00:00,35764.0,32924.84,34461.104613971715,8.379999999999995,19,3,0
2018-03-21 20:00:00,38134.0,34250.88,34828.79906530381,6.980000000000018,20,3,0
2018-03-21 21:00:00,37260.0,33918.95,34053.29071559906,6.510000000000048,21,3,0
2018-03-21 22:00:00,34730.0,31782.08,31582.64721708298,5.350000000000023,22,3,0
2018-03-21 23:00:00,31220.0,27648.72,28428.276142692568,4.990000000000009,23,3,0
2018-03-22 00:00:00,28707.0,26745.92,26370.56921310425,3.990000000000009,0,3,0
2018-03-22 01:00:00,26709.0,24541.8,25006.149084949495,3.0,1,3,0
2018-03-22 02:00:00,25554.999999999996,23738.65,23683.298769092562,2.430000000000007,2,3,0
2018-03-22 03:00:00,25126.0,23632.74,22933.33784646988,2.430000000000007,3,3,0
2018-03-22 04:00:00,25028.0,23637.06,22886.25469284058,2.430000000000007,4,3,0
2018-03-22 05:00:00,25827.0,24186.65,23774.471561527254,1.4300000000000068,5,3,0
2018-03-22 06:00:00,28519.0,26558.9,26005.97571105957,1.0,6,3,0
2018-03-22 07:00:00,32299.000000000004,30058.35,29188.328579807283,-0.03999999999996362,7,3,0
2018-03-22 08:00:00,35376.0,31851.25,31792.557066917423,0.03000000000002956,8,3,0
2018-03-22 09:00:00,36661.0,32193.45,33279.56235961914,1.1400000000000432,9,3,0
2018-03-22 10:00:00,36992.0,33745.71,34054.262509155276,3.160000000000025,10,3,0
2018-03-22 11:00:00,36742.0,33047.83,34337.14966001511,4.360000000000014,11,3,0
2018-03-22 12:00:00,36000.0,35225.14,34193.12155323029,6.3799999999999955,12,3,0
2018-03-22 13:00:00,35613.0,33450.66,33670.130584907536,7.3799999999999955,13,3,0
2018-03-22 14:00:00,34452.0,33825.31,32950.41002206803,8.990000000000009,14,3,0
2018-03-22 15:00:00,33778.0,31643.72,32303.09540424347,10.180000000000007,15,3,0
2018-03-22 16:00:00,33175.0,30924.97,32046.971643257144,11.379999999999995,16,3,0
2018-03-22 17:00:00,32912.0,30794.57,32381.86928291321,13.0,17,3,0
2018-03-22 18:00:00,32618.0,31233.72,33233.75865278244,13.170000000000016,18,3,0
2018-03-22 19:00:00,34913.0,30189.91,34169.183201408385,12.810000000000002,19,3,0
2018-03-22 20:00:00,37292.0,34222.07666666667,34589.124985694885,10.82000000000005,20,3,0
2018-03-22 21:00:00,36570.0,32737.32,33849.28243618012,8.760000000000048,21,3,0
2018-03-22 22:00:00,34164.0,29308.413333333334,31416.262975120546,7.260000000000048,22,3,0
2018-03-22 23:00:00,30962.0,27368.24,28320.441241645814,6.2900000000000205,23,3,0
2018-03-23 00:00:00,28417.0,26226.73,26284.13330383301,5.0400000000000205,0,3,0
2018-03-23 01:00:00,26379.0,24490.045,24947.553351879124,4.0,1,3,0
2018-03-23 02:00:00,25220.0,23518.67,23667.11523218155,2.8600000000000136,2,3,0
2018-03-23 03:00:00,24757.0,23084.026,22959.568947410586,2.0,3,3,0
2018-03-23 04:00:00,24686.0,22962.446,22957.325032138826,2.0,4,3,0
2018-03-23 05:00:00,25387.0,23840.421000000002,23901.8741850853,2.0,5,3,0
2018-03-23 06:00:00,28007.999999999996,25102.2,26164.497703647616,2.0,6,3,0
2018-03-23 07:00:00,31580.0,29392.3,29281.11288919449,3.340000000000032,7,3,0
2018-03-23 08:00:00,34593.0,28291.17,31772.471705627442,3.990000000000009,8,3,0
2018-03-23 09:00:00,36151.0,32855.65,33179.003701782225,4.360000000000014,9,3,0
2018-03-23 10:00:00,36745.0,34206.43,33880.81445121765,5.970000000000027,10,3,0
2018-03-23 11:00:00,36700.0,30235.14,34092.64102954865,7.590000000000032,11,3,0
2018-03-23 12:00:00,36483.0,33073.59,33864.772532463074,8.57000000000005,12,3,0
2018-03-23 13:00:00,35967.0,32694.36,33279.232731151584,9.980000000000018,13,3,0
2018-03-23 14:00:00,34940.0,29949.67,32507.25506858826,11.560000000000002,14,3,0
2018-03-23 15:00:00,34167.0,31128.27,31832.107599639894,13.180000000000007,15,3,0
2018-03-23 16:00:00,33791.0,31973.81,31556.32333183289,11.420000000000016,16,3,0
2018-03-23 17:00:00,33697.0,33119.19,31918.658268451694,9.980000000000018,17,3,0
2018-03-23 18:00:00,33596.0,32524.45,32854.76649093628,9.79000000000002,18,3,0
2018-03-23 19:00:00,35234.0,32266.34,33882.94360694885,9.410000000000025,19,3,0
2018-03-23 20:00:00,36536.0,32736.91,34370.59352016449,8.980000000000018,20,3,0
2018-03-23 21:00:00,35705.0,32714.04,33643.936109352115,9.490000000000009,21,3,0
2018-03-23 22:00:00,33491.0,30925.8,31246.16980247498,9.650000000000034,22,3,0
2018-03-23 23:00:00,30700.0,28388.98,28255.431182765962,10.430000000000007,23,3,0
2018-03-24 00:00:00,28503.0,26178.663333333334,26222.002000236513,10.0,0,3,1
2018-03-24 01:00:00,26630.0,24105.91,24904.882336330415,10.0,1,3,1
2018-03-24 02:00:00,25077.0,23412.56,23614.11829967499,7.710000000000036,2,3,1
2018-03-24 03:00:00,24509.0,22276.355,22847.961631679536,6.0,3,3,1
2018-03-24 04:00:00,24148.0,22704.521333333334,22643.789758872987,5.0,4,3,1
2018-03-24 05:00:00,24066.000000000004,21551.025,23003.209314823154,5.0,5,3,1
2018-03-24 06:00:00,24519.000000000004,24259.664666666667,24053.10528430939,3.2900000000000205,6,3,1
2018-03-24 07:00:00,25312.0,27192.14,25885.61004486084,3.9500000000000455,7,3,1
2018-03-24 08:00:00,27582.0,25366.19,28184.551295471192,3.451656250000042,8,3,1
2018-03-24 09:00:00,30491.999999999996,27716.51,30181.606587028506,4.709343750000016,9,3,1
2018-03-24 10:00:00,32442.0,30838.93,31406.99919433594,5.150000000000034,10,3,1
2018-03-24 11:00:00,32948.0,31264.18,31878.736598491672,6.680000000000007,11,3,1
2018-03-24 12:00:00,32293.0,31130.91,31693.773519420625,7.393000000000029,12,3,1
2018-03-24 13:00:00,32633.0,30796.44,31025.970661067964,8.039250000000038,13,3,1
2018-03-24 14:00:00,31807.0,29781.2,30138.398399162295,8.730000000000018,14,3,1
2018-03-24 15:00:00,30255.0,29791.48,29314.534774112704,9.550000000000011,15,3,1
2018-03-24 16:00:00,29452.0,30442.18,28822.15286111832,9.78000000000003,16,3,1
2018-03-24 17:00:00,29094.0,29691.52,28838.16547956467,9.78000000000003,17,3,1
2018-03-24 18:00:00,29385.0,27710.16,29452.08018770218,10.170000000000016,18,3,1
2018-03-24 19:00:00,31101.0,30883.74,30467.142974090577,9.78000000000003,19,3,1
2018-03-24 20:00:00,32889.0,32743.716666666664,31326.286611938478,8.980000000000018,20,3,1
2018-03-24 21:00:00,32811.0,31596.52,31188.460403728488,9.230000000000018,21,3,1
2018-03-24 22:00:00,31247.0,29760.27,29133.182958030702,9.0,22,3,1
2018-03-24 23:00:00,29095.0,27123.49,26185.50358295441,8.430000000000007,23,3,1
2018-03-25 00:00:00,26756.0,25456.3,24390.244397544862,8.430000000000007,0,3,1
2018-03-25 01:00:00,24663.0,22650.81,23158.078535652163,8.0,1,3,1
2018-03-25 03:00:00,22486.999999999996,21148.46666666667,22032.67567186356,7.430000000000007,3,3,1
2018-03-25 04:00:00,22239.0,21541.371714285713,21454.98102807999,7.0,4,3,1
2018-03-25 05:00:00,22550.999999999996,20842.85,21407.60487136841,6.430000000000007,5,3,1
2018-03-25 06:00:00,23165.999999999996,22117.16,21793.336104106904,6.430000000000007,6,3,1
2018-03-25 07:00:00,23387.000000000004,26353.45,22612.870608615878,6.430000000000007,7,3,1
2018-03-25 08:00:00,25115.0,25851.86,23947.2530374527,5.260000000000048,8,3,1
2018-03-25 09:00:00,27328.999999999996,26142.61,25751.03861255646,4.770000000000039,9,3,1
2018-03-25 10:00:00,28759.0,27837.3,27594.887475776675,4.560000000000002,10,3,1
2018-03-25 11:00:00,29068.0,31376.0,28932.160868358613,6.180000000000007,11,3,1
2018-03-25 12:00:00,29174.0,30903.09,29517.67136936188,7.78000000000003,12,3,1
2018-03-25 13:00:00,29024.0,29084.82,29411.667737579348,8.78000000000003,13,3,1
2018-03-25 14:00:00,27844.999999999996,30184.4,28817.157158565522,10.170000000000016,14,3,1
2018-03-25 15:00:00,26729.0,28556.59,28007.467557621003,10.57000000000005,15,3,1
2018-03-25 16:00:00,26162.0,28886.78,27249.812862396244,11.600000000000023,16,3,1
2018-03-25 17:00:00,26168.999999999996,27268.41,26765.92559709549,11.760000000000048,17,3,1
2018-03-25 18:00:00,27041.0,27056.98,26736.69853963852,12.0,18,3,1
2018-03-25 19:00:00,29570.0,30844.29,27315.67018852234,10.590000000000032,19,3,1
2018-03-25 20:00:00,32004.0,31804.2,28522.49128379822,9.0,20,3,1
2018-03-25 21:00:00,31155.0,31690.15,29848.801477718356,9.0,21,3,1
2018-03-25 22:00:00,29461.999999999996,29913.383333333335,30162.17315759659,8.5,22,3,1
2018-03-25 23:00:00,27057.0,28060.40033333333,28321.749988746644,8.0,23,3,1
2018-03-26 00:00:00,25008.0,25458.661833333335,25644.959288311005,7.57000000000005,0,3,0
2018-03-26 01:00:00,23699.0,22939.18,23140.654619026187,6.430000000000007,1,3,0
2018-03-26 02:00:00,23061.0,22525.98,22140.57405691147,7.430000000000007,2,3,0
2018-03-26 03:00:00,23000.000000000004,21679.82,21750.68706378937,6.57000000000005,3,3,0
2018-03-26 04:00:00,23725.0,21797.62,22015.815786170962,6.430000000000007,4,3,0
2018-03-26 05:00:00,26461.0,22253.94,23186.490067863466,6.0,5,3,0
2018-03-26 06:00:00,30486.0,25122.129666666664,25642.14157533646,5.57000000000005,6,3,0
2018-03-26 07:00:00,33040.0,28326.121666666666,28861.803503227235,5.0,7,3,0
2018-03-26 08:00:00,35163.0,28522.89,31424.633096504214,4.010000000000048,8,3,0
2018-03-26 09:00:00,35976.0,29422.62,32905.018961238864,4.0,9,3,0
2018-03-26 10:00:00,36057.0,30566.16,33662.76888246537,5.400000000000034,10,3,0
2018-03-26 11:00:00,35700.0,34326.23,33879.085733032225,7.1299999999999955,11,3,0
2018-03-26 12:00:00,34848.0,31834.79,33621.09163570404,10.0,12,3,0
2018-03-26 13:00:00,33774.0,32629.57,32998.02058124542,11.32000000000005,13,3,0
2018-03-26 14:00:00,32877.0,31818.8,32238.16347951889,12.0,14,3,0
2018-03-26 15:00:00,32164.0,30252.673666666666,31632.39669876099,13.0,15,3,0
2018-03-26 16:00:00,31672.0,30801.38,31432.846949577335,14.0,16,3,0
2018-03-26 17:00:00,31157.0,30579.6,31812.412909126284,13.79000000000002,17,3,0
2018-03-26 18:00:00,31450.0,30904.96,32684.995621681217,13.79000000000002,18,3,0
2018-03-26 19:00:00,33302.0,33926.19,33648.54114112854,14.189999999999998,19,3,0
2018-03-26 20:00:00,34953.0,33967.52,34046.3074754715,13.600000000000023,20,3,0
2018-03-26 21:00:00,32642.0,31690.87,33157.71214447021,11.810000000000002,21,3,0
2018-03-26 22:00:00,30211.0,28897.44,30583.50182313919,11.5,22,3,0
2018-03-26 23:00:00,28128.0,29226.5,27515.986629104616,11.230000000000018,23,3,0
2018-03-27 00:00:00,26090.0,24481.66,25530.180214214328,9.57000000000005,0,3,0
2018-03-27 01:00:00,24729.0,23527.512952380952,24351.851226997376,7.860000000000014,1,3,0
2018-03-27 02:00:00,24150.0,23829.7075,23278.63221216202,6.2900000000000205,2,3,0
2018-03-27 03:00:00,23870.0,22842.3425,22767.920514678957,5.860000000000014,3,3,0
2018-03-27 04:00:00,24313.0,21182.67333333333,22930.871737194062,6.430000000000007,4,3,0
2018-03-27 05:00:00,26760.0,23267.79,24066.827595329287,5.860000000000014,5,3,0
2018-03-27 06:00:00,30638.0,25552.2,26445.360691547397,5.430000000000007,6,3,0
2018-03-27 07:00:00,32815.0,26457.283333333336,29360.968437576295,5.860000000000014,7,3,0
2018-03-27 08:00:00,34633.0,31327.58,31529.838294887544,6.210000000000036,8,3,0
2018-03-27 09:00:00,35144.0,33514.34,32738.971672821048,6.9500000000000455,9,3,0
2018-03-27 10:00:00,35080.0,33033.47,33310.97229003906,8.330000000000041,10,3,0
2018-03-27 11:00:00,34433.0,31781.930999999997,33401.9790473938,10.170000000000016,11,3,0
2018-03-27 12:00:00,33866.0,32492.69,33073.92791309357,12.170000000000016,12,3,0
2018-03-27 13:00:00,32902.0,32317.66,32470.151111602787,13.760000000000048,13,3,0
2018-03-27 14:00:00,32021.0,30093.38,31760.62949771881,15.760000000000048,14,3,0
2018-03-27 15:00:00,31327.0,29814.55,31164.30962467194,17.370000000000005,15,3,0
2018-03-27 16:00:00,30848.999999999996,31593.15,30934.573232936862,18.77000000000004,16,3,0
2018-03-27 17:00:00,30177.0,29935.65,31254.41783924103,19.78000000000003,17,3,0
2018-03-27 18:00:00,30108.0,29142.04,32079.956465244297,19.99000000000001,18,3,0
2018-03-27 19:00:00,31846.000000000004,31459.43,33050.839270210265,20.0,19,3,0
2018-03-27 20:00:00,33855.0,32377.81,33470.40259218216,19.590000000000032,20,3,0
2018-03-27 21:00:00,31639.0,30842.35,32510.492752647402,17.79000000000002,21,3,0
2018-03-27 22:00:00,29519.0,28742.86,29853.611611652377,16.02000000000004,22,3,0
2018-03-27 23:00:00,27601.0,27007.84,26907.106690597535,14.950000000000045,23,3,0
2018-03-28 00:00:00,25746.999999999996,27502.69,25071.68410768509,13.0,0,3,0
2018-03-28 01:00:00,24390.000000000004,22740.6,23977.43723831177,11.430000000000007,1,3,0
2018-03-28 02:00:00,23720.0,23600.54,23031.593988418583,9.860000000000014,2,3,0
2018-03-28 03:00:00,23412.0,23903.97833333333,22623.66288881302,8.860000000000014,3,3,0
2018-03-28 04:00:00,23906.999999999996,23392.722666666665,22867.29739341736,8.430000000000007,4,3,0
2018-03-28 05:00:00,26157.0,24747.57833333333,23994.5461766243,7.0,5,3,0
2018-03-28 06:00:00,29604.0,26460.78,26138.422871017458,6.0,6,3,0
2018-03-28 07:00:00,31589.000000000004,28656.268333333333,28670.26494665146,6.0,7,3,0
2018-03-28 08:00:00,33228.0,23864.891999999993,30624.80304927826,7.490000000000009,8,3,0
2018-03-28 09:00:00,33416.0,31774.18,31767.087773990632,7.189999999999998,9,3,0
2018-03-28 10:00:00,33276.0,34344.01,32278.07294101715,9.160000000000025,10,3,0
2018-03-28 11:00:00,32829.0,32342.87,32280.575675678254,12.160000000000025,11,3,0
2018-03-28 12:00:00,32411.0,34721.84,31880.140571594242,14.160000000000025,12,3,0
2018-03-28 13:00:00,31440.0,34978.94,31245.808432006837,16.57000000000005,13,3,0
2018-03-28 14:00:00,30481.0,33579.33,30567.909175777437,18.370000000000005,14,3,0
2018-03-28 15:00:00,29913.999999999996,32997.93,30062.16388053894,19.600000000000023,15,3,0
2018-03-28 16:00:00,29532.0,32058.98,29910.35654191971,19.79000000000002,16,3,0
2018-03-28 17:00:00,28863.0,29449.76,30251.216794300082,20.180000000000007,17,3,0
2018-03-28 18:00:00,28924.0,29875.1,31076.347657680515,20.590000000000032,18,3,0
2018-03-28 19:00:00,30319.0,31706.51,32071.583902168277,19.980000000000018,19,3,0
2018-03-28 20:00:00,31869.0,32793.36,32549.362053203586,19.590000000000032,20,3,0
2018-03-28 21:00:00,29841.0,30873.2,31673.312137508394,17.79000000000002,21,3,0
2018-03-28 22:00:00,27995.0,27972.04,29283.173677539828,16.27000000000004,22,3,0
2018-03-28 23:00:00,26196.000000000004,26323.7,26669.183304405215,13.900000000000034,23,3,0
2018-03-29 00:00:00,24288.0,26342.71,24964.601247882845,14.430000000000007,0,3,0
2018-03-29 01:00:00,22967.000000000004,24037.34,23874.976502132416,12.860000000000014,1,3,0
2018-03-29 02:00:00,22360.0,21217.06,22950.720254325868,13.430000000000007,2,3,0
2018-03-29 03:00:00,21853.0,22596.52,22569.39139289856,11.860000000000014,3,3,0
2018-03-29 04:00:00,21860.0,22929.99,22812.090729331972,10.720000000000027,4,3,0
2018-03-29 05:00:00,22850.0,24609.34,23868.889363098147,11.860000000000014,5,3,0
2018-03-29 06:00:00,24327.999999999996,25303.3875,25891.79973497391,10.29000000000002,6,3,0
2018-03-29 07:00:00,25075.0,28847.46,28360.362911605836,10.430000000000007,7,3,0
2018-03-29 08:00:00,27092.0,30866.06,30343.66170845032,8.980000000000018,8,3,0
2018-03-29 09:00:00,28390.0,27620.44,31556.79702014923,8.740000000000009,9,3,0
2018-03-29 10:00:00,28858.0,32133.73,32112.133087062837,8.560000000000002,10,3,0
2018-03-29 11:00:00,28631.0,32734.77,32172.10837631226,9.990000000000009,11,3,0
2018-03-29 12:00:00,28399.0,31687.31,31850.622952747348,11.379999999999995,12,3,0
2018-03-29 13:00:00,27819.0,31833.31,31281.222737884524,11.800000000000011,13,3,0
2018-03-29 14:00:00,26713.000000000004,31939.62,30663.88233537674,12.990000000000009,14,3,0
2018-03-29 15:00:00,25978.0,30988.79,30177.763363265993,13.800000000000011,15,3,0
2018-03-29 16:00:00,25627.0,28516.62,29999.3440196991,14.210000000000036,16,3,0
2018-03-29 17:00:00,25423.000000000004,30325.36,30261.08855648041,14.400000000000034,17,3,0
2018-03-29 18:00:00,25890.0,28588.01,30982.423077964784,14.180000000000007,18,3,0
2018-03-29 19:00:00,27463.0,33946.39,31881.593378543857,13.980000000000018,19,3,0
2018-03-29 20:00:00,29258.0,33562.76,32272.02975244522,13.200000000000045,20,3,0
2018-03-29 21:00:00,27871.0,32524.27,31405.194783687595,11.79000000000002,21,3,0
2018-03-29 22:00:00,26697.0,28908.91,29243.647561740876,10.5,22,3,0
2018-03-29 23:00:00,25166.999999999996,30322.68,26919.971967601778,9.960000000000036,23,3,0
2018-03-30 00:00:00,23444.0,26372.47,25336.261007595065,10.0,0,3,0
2018-03-30 01:00:00,22034.999999999996,24707.4,24147.45716018677,9.430000000000007,1,3,0
2018-03-30 02:00:00,21217.0,23925.998,23099.455943965913,9.0,2,3,0
2018-03-30 03:00:00,20719.0,23366.795,22635.942159652714,9.0,3,3,0
2018-03-30 04:00:00,20533.0,23247.416,22803.293311786652,8.430000000000007,4,3,0
2018-03-30 05:00:00,21115.0,24478.73,23794.122301578525,8.0,5,3,0
2018-03-30 06:00:00,21886.0,26516.9,25946.332491970064,8.0,6,3,0
2018-03-30 07:00:00,22098.000000000004,28240.73,28844.628639221195,8.0,7,3,0
2018-03-30 08:00:00,23875.999999999996,31225.3,31215.695040225986,5.760000000000048,8,3,0
2018-03-30 09:00:00,25498.0,25477.2,32584.539514923097,5.240000000000009,9,3,0
2018-03-30 10:00:00,26381.0,34117.17,33264.79744596482,6.0,10,3,0
2018-03-30 11:00:00,26442.0,33045.65,33449.552981185916,6.3799999999999955,11,3,0
2018-03-30 12:00:00,26424.999999999996,30522.91,33221.66495056153,7.57000000000005,12,3,0
2018-03-30 13:00:00,26004.999999999996,32713.225,32653.363497257236,8.240000000000009,13,3,0
2018-03-30 14:00:00,24864.0,33263.97,31899.581326103213,8.79000000000002,14,3,0
2018-03-30 15:00:00,24101.999999999996,32378.4,31217.978022575382,9.379999999999995,15,3,0
2018-03-30 16:00:00,23836.0,33296.49,30880.53369779587,9.980000000000018,16,3,0
2018-03-30 17:00:00,23972.999999999996,31944.21,31114.60409345627,10.57000000000005,17,3,0
2018-03-30 18:00:00,24509.0,31566.82,31939.234409904482,10.560000000000002,18,3,0
2018-03-30 19:00:00,26443.0,32447.78,32967.18200683594,10.170000000000016,19,3,0
2018-03-30 20:00:00,28515.0,32475.49,33471.15463342667,9.600000000000023,20,3,0
2018-03-30 21:00:00,27663.0,33499.08,32660.539631080628,8.010000000000048,21,3,0
2018-03-30 22:00:00,26453.0,29531.62333333333,30333.699603652956,7.050000000000011,22,3,0
2018-03-30 23:00:00,24804.0,28088.2,27710.92646312714,5.660000000000025,23,3,0
2018-03-31 00:00:00,23053.0,25840.22,25962.401269340517,6.0,0,3,1
2018-03-31 01:00:00,21716.0,23671.910833333335,24704.238708972935,5.430000000000007,1,3,1
2018-03-31 02:00:00,20881.0,22474.32,23456.62181787491,5.430000000000007,2,3,1
2018-03-31 03:00:00,20454.0,21957.57,22717.73641176224,5.430000000000007,3,3,1
2018-03-31 04:00:00,20552.0,21509.217999999997,22526.664218425754,5.480000000000018,4,3,1
2018-03-31 05:00:00,21509.0,21551.025,22873.20140552521,5.0,5,3,1
2018-03-31 06:00:00,22532.0,23245.73,23886.391413879395,5.0,6,3,1
2018-03-31 07:00:00,23487.999999999996,28393.39,25696.027283859254,5.0,7,3,1
2018-03-31 08:00:00,25867.0,30336.55,28027.181781673433,4.480000000000018,8,3,1
2018-03-31 09:00:00,27805.0,29399.07,30102.744807434083,3.980000000000018,9,3,1
2018-03-31 10:00:00,28304.0,31168.7,31423.729670333865,4.760000000000048,10,3,1
2018-03-31 11:00:00,28117.0,30763.61,31978.247770309452,5.980000000000018,11,3,1
2018-03-31 12:00:00,28026.0,31124.75,31861.566617870332,7.3799999999999955,12,3,1
2018-03-31 13:00:00,27577.0,29963.26,31245.57647123337,8.78000000000003,13,3,1
2018-03-31 14:00:00,26453.0,29982.67,30377.7916841507,9.379999999999995,14,3,1
2018-03-31 15:00:00,25642.0,29353.08,29542.96241874695,10.57000000000005,15,3,1
2018-03-31 16:00:00,25131.000000000004,28327.66,29011.618420886996,11.379999999999995,16,3,1
2018-03-31 17:00:00,25043.0,27474.496666666666,29010.903005027772,12.57000000000005,17,3,1
2018-03-31 18:00:00,25340.0,27298.98,29621.362718486787,14.0,18,3,1
2018-03-31 19:00:00,26937.0,29779.53,30620.483695507053,12.580000000000041,19,3,1
2018-03-31 20:00:00,29343.0,29980.47,31477.612937164307,12.580000000000041,20,3,1
2018-03-31 21:00:00,28144.0,30831.84,31361.71800966263,10.980000000000018,21,3,1
2018-03-31 22:00:00,26883.0,30383.93,29283.74991693497,10.240000000000009,22,3,1
2018-03-31 23:00:00,26994.0,28235.103333333336,26213.97371578217,8.900000000000034,23,3,1
2018-04-01 00:00:00,24930.0,24067.09,24323.268776321413,8.29000000000002,0,4,1
2018-04-01 01:00:00,23610.0,21367.39,23096.020482826236,9.430000000000007,1,4,1
2018-04-01 02:00:00,23186.0,21344.56,22003.639066410065,9.0,2,4,1
2018-04-01 03:00:00,23017.0,20332.72,21480.416137313845,6.430000000000007,3,4,1
2018-04-01 04:00:00,23476.0,20945.18,21492.80772600174,3.8600000000000136,4,4,1
2018-04-01 05:00:00,25617.000000000004,21191.04,21934.97379407883,3.430000000000007,5,4,1
2018-04-01 06:00:00,28858.0,21199.4125,22821.82575674057,2.430000000000007,6,4,1
2018-04-01 07:00:00,31007.000000000004,22196.99666666667,24250.582036685944,2.430000000000007,7,4,1
2018-04-01 08:00:00,32604.0,24274.95666666667,26144.143756198886,3.2100000000000364,8,4,1
2018-04-01 09:00:00,33418.0,25746.4,27994.29218568802,3.4700000000000273,9,4,1
2018-04-01 10:00:00,33559.0,27765.67,29246.431091022492,4.170000000000016,10,4,1
2018-04-01 11:00:00,33349.0,30681.73,29736.149117660523,6.760000000000048,11,4,1
2018-04-01 12:00:00,33324.0,28577.89333333333,29525.196665191652,8.78000000000003,12,4,1
2018-04-01 13:00:00,32391.0,27253.46,28816.456392860415,10.78000000000003,13,4,1
2018-04-01 14:00:00,31693.0,28780.03,27892.336879825594,12.170000000000016,14,4,1
2018-04-01 15:00:00,31326.0,27291.54,27019.976361274723,14.189999999999998,15,4,1
2018-04-01 16:00:00,31413.0,26213.8,26437.525300788882,15.0,16,4,1
2018-04-01 17:00:00,32976.0,26272.73,26328.77720680237,17.0,17,4,1
2018-04-01 18:00:00,33437.0,26853.75,26857.525685691835,17.0,18,4,1
2018-04-01 19:00:00,33461.0,28264.0,28090.304412364963,16.590000000000032,19,4,1
2018-04-01 20:00:00,33056.0,30355.08,29555.439466667176,16.189999999999998,20,4,1
2018-04-01 21:00:00,31102.0,27774.6,30038.19134502411,15.600000000000023,21,4,1
2018-04-01 22:00:00,28626.0,28045.45,28086.593039989475,14.760000000000048,22,4,1
2018-04-01 23:00:00,27683.000000000004,25182.54,25192.320801734928,13.340000000000032,23,4,1
2018-04-02 00:00:00,25516.0,24745.27,23553.115057945255,12.0,0,4,0
2018-04-02 01:00:00,23810.999999999996,21921.97,22556.096378040314,11.57000000000005,1,4,0
2018-04-02 02:00:00,22994.0,22301.39,21832.97453775406,11.57000000000005,2,4,0
2018-04-02 03:00:00,22557.0,20391.71,21689.35907697678,12.0,3,4,0
2018-04-02 04:00:00,22508.0,21814.31,22186.507173442842,11.430000000000007,4,4,0
2018-04-02 05:00:00,22851.0,21739.08,23578.682018566135,9.430000000000007,5,4,0
2018-04-02 06:00:00,23707.0,24875.77,26024.12236862183,8.430000000000007,6,4,0
2018-04-02 07:00:00,24457.999999999996,28739.225166666667,28797.38189220429,7.0,7,4,0
2018-04-02 08:00:00,26870.0,31859.76,30867.377859401706,7.230000000000018,8,4,0
2018-04-02 09:00:00,29424.000000000004,32009.68,32063.814437103272,6.980000000000018,9,4,0
2018-04-02 10:00:00,30751.999999999996,32376.43,32615.983629035953,8.160000000000025,10,4,0
2018-04-02 11:00:00,31342.0,32391.25,32637.490055274964,10.57000000000005,11,4,0
2018-04-02 12:00:00,32162.0,31282.04,32214.100601387025,12.170000000000016,12,4,0
2018-04-02 13:00:00,31946.999999999996,31110.43,31497.446804142,14.189999999999998,13,4,0
2018-04-02 14:00:00,30381.0,28328.13,30707.31027555466,15.170000000000016,14,4,0
2018-04-02 15:00:00,29620.000000000004,28614.37,30069.244788360596,15.580000000000041,15,4,0
2018-04-02 16:00:00,29337.0,29131.79,29783.911061763767,17.189999999999998,16,4,0
2018-04-02 17:00:00,30827.0,28771.12,29934.861366367342,17.78000000000003,17,4,0
2018-04-02 18:00:00,33153.0,30024.26,30512.99063138962,18.57000000000005,18,4,0
2018-04-02 19:00:00,34452.0,30953.11,31239.760360050204,18.980000000000018,19,4,0
2018-04-02 20:00:00,34424.0,31569.2,31552.865895462037,18.189999999999998,20,4,0
2018-04-02 21:00:00,33064.0,32602.59,30617.14101867676,16.590000000000032,21,4,0
2018-04-02 22:00:00,30116.0,27051.86,28181.423487567903,16.0,22,4,0
2018-04-02 23:00:00,26300.0,27634.45,25683.078989315036,14.020000000000039,23,4,0
2018-04-03 00:00:00,24320.0,23874.32,24184.197305011752,13.0,0,4,0
2018-04-03 01:00:00,22851.0,22855.59,23180.81069145203,12.860000000000014,1,4,0
2018-04-03 02:00:00,21969.000000000004,22165.0,22399.732841491703,12.0,2,4,0
2018-04-03 03:00:00,21632.0,22083.21,22163.088902091982,12.0,3,4,0
2018-04-03 04:00:00,21678.999999999996,21980.42,22573.090556812287,11.430000000000007,4,4,0
2018-04-03 05:00:00,22117.0,24669.93,23844.340588188174,11.430000000000007,5,4,0
2018-04-03 06:00:00,22575.0,26493.83,26031.15444259644,11.430000000000007,6,4,0
2018-04-03 07:00:00,23323.000000000004,30369.98,28498.94604444504,11.0,7,4,0
2018-04-03 08:00:00,25573.0,30307.31,30405.91509666443,10.270000000000039,8,4,0
2018-04-03 09:00:00,27452.0,30143.13,31571.84761180878,9.740000000000009,9,4,0
2018-04-03 10:00:00,28437.0,31154.84,32129.4861946106,9.57000000000005,10,4,0
2018-04-03 11:00:00,28265.999999999996,31290.36,32200.512583446503,9.970000000000027,11,4,0
2018-04-03 12:00:00,28502.0,30470.88,31894.295062160494,11.360000000000014,12,4,0
2018-04-03 13:00:00,28202.999999999996,31127.78,31343.53228502274,12.360000000000014,13,4,0
2018-04-03 14:00:00,26940.999999999996,31179.54,30732.43284816742,13.379999999999995,14,4,0
2018-04-03 15:00:00,26205.0,30370.0,30223.198374557498,13.970000000000027,15,4,0
2018-04-03 16:00:00,25965.0,30138.23,29971.17177333832,15.170000000000016,16,4,0
2018-04-03 17:00:00,26870.0,29886.76,30100.869587707522,15.770000000000039,17,4,0
2018-04-03 18:00:00,29816.999999999996,30407.18,30596.87253046036,15.390000000000043,18,4,0
2018-04-03 19:00:00,31427.000000000004,30430.88,31236.337107372285,16.03000000000003,19,4,0
2018-04-03 20:00:00,31642.0,32749.22,31452.944519329074,14.0,20,4,0
2018-04-03 21:00:00,30682.0,29895.2,30434.504872417452,12.189999999999998,21,4,0
2018-04-03 22:00:00,28129.0,27872.84,28063.694849109652,12.350000000000023,22,4,0
2018-04-03 23:00:00,26666.0,25859.87,25751.30475702286,12.300000000000011,23,4,0
2018-04-04 00:00:00,25046.0,23718.31,24357.161907863618,12.430000000000007,0,4,0
2018-04-04 01:00:00,23961.0,22713.13,23294.17358398438,12.0,1,4,0
2018-04-04 02:00:00,23543.0,23035.26,22466.23965778351,10.57000000000005,2,4,0
2018-04-04 03:00:00,23462.0,22571.65,22204.607438850406,10.0,3,4,0
2018-04-04 04:00:00,23951.0,22931.71833333333,22573.39821004868,9.0,4,4,0
2018-04-04 05:00:00,26293.000000000004,25122.443333333336,23774.410519218447,9.0,5,4,0
2018-04-04 06:00:00,29950.0,28325.92,25989.98262615204,8.0,6,4,0
2018-04-04 07:00:00,32140.999999999996,28221.25,28638.41062822342,8.430000000000007,7,4,0
2018-04-04 08:00:00,33407.0,30691.04,30710.11089668274,7.740000000000009,8,4,0
2018-04-04 09:00:00,33873.0,32771.03,31953.62574462891,8.0,9,4,0
2018-04-04 10:00:00,33899.0,32178.95,32571.21031637192,7.78000000000003,10,4,0
2018-04-04 11:00:00,33891.0,32431.41,32697.025839900973,8.760000000000048,11,4,0
2018-04-04 12:00:00,33423.0,33245.35,32401.739775276186,9.590000000000032,12,4,0
2018-04-04 13:00:00,32274.0,32251.48,31815.552925491334,10.379999999999995,13,4,0
2018-04-04 14:00:00,31605.0,32135.646666666664,31106.023986530305,11.78000000000003,14,4,0
2018-04-04 15:00:00,31241.0,31096.42,30475.808540248872,12.360000000000014,15,4,0
2018-04-04 16:00:00,30954.0,31183.86,30131.207615184787,13.360000000000014,16,4,0
2018-04-04 17:00:00,30306.0,29394.5,30252.21544647217,14.379999999999995,17,4,0
2018-04-04 18:00:00,30457.000000000004,31912.46,30859.386200332643,14.420000000000016,18,4,0
2018-04-04 19:00:00,31999.0,31947.31,31685.19097080231,13.770000000000039,19,4,0
2018-04-04 20:00:00,33665.0,30503.54,32099.294668674473,13.379999999999995,20,4,0
2018-04-04 21:00:00,31105.000000000004,30447.26,31107.342500400544,12.390000000000043,21,4,0
2018-04-04 22:00:00,28661.0,27966.27,28548.56855812073,12.0,22,4,0
2018-04-04 23:00:00,26060.0,25553.49,26097.16559534073,11.660000000000025,23,4,0
2018-04-05 00:00:00,24422.999999999996,24167.53,24683.62838382721,11.430000000000007,0,4,0
2018-04-05 01:00:00,23354.0,22916.53,23647.330199050906,10.430000000000007,1,4,0
2018-04-05 02:00:00,23015.0,22061.59,22802.792764854432,9.860000000000014,2,4,0
2018-04-05 03:00:00,22842.999999999996,23044.596666666668,22511.086221218113,7.430000000000007,3,4,0
2018-04-05 04:00:00,23301.0,22986.44,22837.235277175907,6.860000000000014,4,4,0
2018-04-05 05:00:00,25547.0,24587.36,23999.88859949112,5.860000000000014,5,4,0
2018-04-05 06:00:00,28410.0,28741.03,26256.227201938633,4.430000000000007,6,4,0
2018-04-05 07:00:00,30639.0,31873.3,29021.651334762577,3.430000000000007,7,4,0
2018-04-05 08:00:00,31795.0,31100.73,31146.707464504245,3.0,8,4,0
2018-04-05 09:00:00,32203.999999999996,31218.88,32370.98177671433,3.9700000000000273,9,4,0
2018-04-05 10:00:00,32376.0,31626.17,32973.701325416565,6.350000000000023,10,4,0
2018-04-05 11:00:00,32543.0,32950.77,33087.650224113466,8.78000000000003,11,4,0
2018-04-05 12:00:00,32306.0,32105.91,32774.942684555055,10.57000000000005,12,4,0
2018-04-05 13:00:00,31342.0,30653.14,32122.991292953495,12.170000000000016,13,4,0
2018-04-05 14:00:00,30621.999999999996,30135.15,31311.538790130617,13.170000000000016,14,4,0
2018-04-05 15:00:00,30101.0,29696.51,30595.33914766312,15.0,15,4,0
2018-04-05 16:00:00,29637.0,29730.91,30206.267679786684,16.0,16,4,0
2018-04-05 17:00:00,29079.0,29113.56,30362.755742645266,17.52000000000004,17,4,0
2018-04-05 18:00:00,28990.0,29121.43,31094.640816783907,17.78000000000003,18,4,0
2018-04-05 19:00:00,29535.0,30316.98,32073.00496711731,17.58000000000004,19,4,0
2018-04-05 20:00:00,30953.0,31929.6,32564.495662403107,17.79000000000002,20,4,0
2018-04-05 21:00:00,29806.0,34127.93,31597.78815135956,16.58000000000004,21,4,0
2018-04-05 22:00:00,27608.0,27110.67,28911.938772296908,15.0,22,4,0
2018-04-05 23:00:00,23051.0,26055.78,26283.76216659546,13.629999999999995,23,4,0
2018-04-06 00:00:00,21684.0,23664.83,24799.701554870608,12.490000000000009,0,4,0
2018-04-06 01:00:00,20911.0,23299.11,23801.317968940737,10.430000000000007,1,4,0
2018-04-06 02:00:00,20707.000000000004,22595.29,22971.889727020265,9.57000000000005,2,4,0
2018-04-06 03:00:00,20636.0,22150.73333333333,22681.69947433472,9.0,3,4,0
2018-04-06 04:00:00,21208.0,23036.211999999996,23009.840951251987,9.0,4,4,0
2018-04-06 05:00:00,23359.999999999996,24587.82,24179.750983238224,7.57000000000005,5,4,0
2018-04-06 06:00:00,26156.0,26149.63,26372.214913749696,7.57000000000005,6,4,0
2018-04-06 07:00:00,28702.0,28235.62,28973.200833415987,7.57000000000005,7,4,0
2018-04-06 08:00:00,29999.0,30985.56,30918.990352344514,7.760000000000048,8,4,0
2018-04-06 09:00:00,30828.0,29358.59,32002.54749259949,7.600000000000023,9,4,0
2018-04-06 10:00:00,31321.0,31594.73,32474.111536598208,7.78000000000003,10,4,0
2018-04-06 11:00:00,31800.0,33029.55,32484.034574317935,9.980000000000018,11,4,0
2018-04-06 12:00:00,31828.0,32004.86,32095.776189994813,12.590000000000032,12,4,0
2018-04-06 13:00:00,30904.0,29794.24,31415.286298179628,14.170000000000016,13,4,0
2018-04-06 14:00:00,30261.0,29219.83,30634.203564834595,15.020000000000039,14,4,0
2018-04-06 15:00:00,30029.0,30529.18,29965.111492919925,15.170000000000016,15,4,0
2018-04-06 16:00:00,29994.0,28341.29,29644.546587371828,14.590000000000032,16,4,0
2018-04-06 17:00:00,29439.0,29732.29,29823.96214141846,15.950000000000045,17,4,0
2018-04-06 18:00:00,29370.0,30048.56,30528.34399290085,16.760000000000048,18,4,0
2018-04-06 19:00:00,29689.0,30761.95,31457.456766796113,14.170000000000016,19,4,0
2018-04-06 20:00:00,30319.0,31248.38,31929.245446491244,12.79000000000002,20,4,0
2018-04-06 21:00:00,29136.000000000004,29445.86,31008.768938446046,12.600000000000023,21,4,0
2018-04-06 22:00:00,26670.0,28063.42,28573.691130733492,12.25,22,4,0
2018-04-06 23:00:00,28296.999999999996,26224.75,26210.30873556137,12.710000000000036,23,4,0
2018-04-07 00:00:00,26571.0,25285.93,24799.186357784274,14.0,0,4,1
2018-04-07 01:00:00,25371.0,22727.24,23770.94575777054,14.0,1,4,1
2018-04-07 02:00:00,24916.0,22192.773999999998,22849.91010217667,11.336000000000013,2,4,1
2018-04-07 03:00:00,24488.999999999996,22995.14,22424.323125171664,12.0,3,4,1
2018-04-07 04:00:00,24823.0,22522.41,22479.393054485325,12.0,4,4,1
2018-04-07 05:00:00,26410.0,24604.68,22995.117546367648,10.367000000000019,5,4,1
2018-04-07 06:00:00,28522.000000000004,24132.57,24057.441729927064,10.367000000000019,6,4,1
2018-04-07 07:00:00,30936.0,22403.36,25737.926724624635,10.0,7,4,1
2018-04-07 08:00:00,33023.0,26703.75,27749.40020952225,9.0,8,4,1
2018-04-07 09:00:00,34175.0,28307.84,29471.936029911045,8.5,9,4,1
2018-04-07 10:00:00,34992.0,29727.29,30511.325397205354,8.180000000000007,10,4,1
2018-04-07 11:00:00,35600.0,30326.77,30840.79515476227,8.200000000000045,11,4,1
2018-04-07 12:00:00,35881.0,29118.57,30581.533819103242,7.980000000000018,12,4,1
2018-04-07 13:00:00,35136.0,29665.71,29926.64507160187,8.189999999999998,13,4,1
2018-04-07 14:00:00,34467.0,29839.01,29093.09036960602,7.770000000000039,14,4,1
2018-04-07 15:00:00,34293.0,28246.27,28298.37810955048,7.810000000000002,15,4,1
2018-04-07 16:00:00,34197.0,28117.12,27730.484418869022,7.78000000000003,16,4,1
2018-04-07 17:00:00,33663.0,27404.11,27554.294340419772,8.170000000000016,17,4,1
2018-04-07 18:00:00,33140.0,28206.04,27926.50592260361,9.170000000000016,18,4,1
2018-04-07 19:00:00,32467.0,29528.15,28807.12180299759,9.760000000000048,19,4,1
2018-04-07 20:00:00,32135.0,30429.68,29682.373285293583,10.0,20,4,1
2018-04-07 21:00:00,31587.000000000004,30441.99,29513.813495445254,9.580000000000041,21,4,1
2018-04-07 22:00:00,29353.0,28075.08,27442.242636680607,9.260000000000048,22,4,1
2018-04-07 23:00:00,30696.0,24207.62,24943.580718421937,9.340000000000032,23,4,1
2018-04-08 00:00:00,28732.0,24461.234,23551.00299406052,8.0,0,4,1
2018-04-08 01:00:00,27114.0,22116.96,22435.02506275177,8.0,1,4,1
2018-04-08 02:00:00,26217.0,20733.51,21494.685387420657,7.0,2,4,1
2018-04-08 03:00:00,25487.000000000004,21313.614500000003,21088.13140230179,7.0,3,4,1
2018-04-08 04:00:00,24959.0,21648.619999999995,21183.39647111893,7.430000000000007,4,4,1
2018-04-08 05:00:00,25091.0,23591.35,21670.926741409305,7.0,5,4,1
2018-04-08 06:00:00,25109.0,23489.77,22544.34207105637,5.430000000000007,6,4,1
2018-04-08 07:00:00,26487.000000000004,25490.06466666667,23892.620171070103,5.0,7,4,1
2018-04-08 08:00:00,28743.0,27825.531333333336,25678.696151542666,5.260000000000048,8,4,1
2018-04-08 09:00:00,30751.999999999996,27650.95,27489.28672323227,5.520000000000039,9,4,1
2018-04-08 10:00:00,31728.0,28860.77,28795.355287551884,6.600000000000023,10,4,1
2018-04-08 11:00:00,32676.0,28921.65,29372.529850864412,7.810000000000002,11,4,1
2018-04-08 12:00:00,33509.0,29931.54,29258.549210166933,9.370000000000005,12,4,1
2018-04-08 13:00:00,33855.0,28716.95,28637.829505443577,10.970000000000027,13,4,1
2018-04-08 14:00:00,33469.0,28780.03,27787.429567909243,12.170000000000016,14,4,1
2018-04-08 15:00:00,33002.0,26752.36,26968.02447309494,11.620000000000005,15,4,1
2018-04-08 16:00:00,32531.0,24448.54,26408.513112258912,11.810000000000002,16,4,1
2018-04-08 17:00:00,32073.999999999996,29794.325,26275.11125059128,13.180000000000007,17,4,1
2018-04-08 18:00:00,31989.0,29296.31,26707.30788879395,12.439999999999998,18,4,1
2018-04-08 19:00:00,31780.0,26329.66,27780.912691020967,12.590000000000032,19,4,1
2018-04-08 20:00:00,32348.0,27616.91,29164.180242443086,12.170000000000016,20,4,1
2018-04-08 21:00:00,31952.0,28852.98,29657.533948993685,11.379999999999995,21,4,1
2018-04-08 22:00:00,30144.0,26018.1,27808.059426593783,11.5,22,4,1
2018-04-08 23:00:00,27893.0,24630.87,25125.301230049135,11.660000000000025,23,4,1
2018-04-09 00:00:00,26343.0,24726.74,23615.64191570282,10.0,0,4,0
2018-04-09 01:00:00,25434.0,23865.97,22569.29372520447,10.0,1,4,0
2018-04-09 02:00:00,24986.0,21304.97,21782.790434837345,10.0,2,4,0
2018-04-09 03:00:00,24603.0,22455.25,21591.21036949158,9.0,3,4,0
2018-04-09 04:00:00,25043.0,22342.26,22037.88135995865,7.57000000000005,4,4,0
2018-04-09 05:00:00,26981.0,24041.53,23362.765605545046,6.430000000000007,5,4,0
2018-04-09 06:00:00,29483.0,27124.8,25839.501126480103,6.0,6,4,0
2018-04-09 07:00:00,31166.0,28362.72,28811.211637687684,5.57000000000005,7,4,0
2018-04-09 08:00:00,33174.0,27279.74,31067.965327835085,4.760000000000048,8,4,0
2018-04-09 09:00:00,34316.0,30371.44,32373.53578691483,3.980000000000018,9,4,0
2018-04-09 10:00:00,35198.0,31342.18,33016.31618204117,3.980000000000018,10,4,0
2018-04-09 11:00:00,35959.0,31198.42,33141.77766017914,4.170000000000016,11,4,0
2018-04-09 12:00:00,36266.0,31371.6,32810.906371212004,4.57000000000005,12,4,0
2018-04-09 13:00:00,35734.0,31688.46,32156.77943172455,5.170000000000016,13,4,0
2018-04-09 14:00:00,35327.0,30699.1,31393.252466392518,5.160000000000025,14,4,0
2018-04-09 15:00:00,35197.0,31812.06,30765.276051998142,5.57000000000005,15,4,0
2018-04-09 16:00:00,34956.0,31971.31,30473.288713741305,6.170000000000016,16,4,0
2018-04-09 17:00:00,34200.0,31947.47,30689.4248790741,6.78000000000003,17,4,0
2018-04-09 18:00:00,33475.0,31777.47,31431.330658626557,7.0,18,4,0
2018-04-09 19:00:00,33734.0,33390.3,32372.991289520265,6.78000000000003,19,4,0
2018-04-09 20:00:00,34600.0,33516.62,32921.864196777344,6.78000000000003,20,4,0
2018-04-09 21:00:00,31976.000000000004,32739.62,32184.480431461336,5.980000000000018,21,4,0
2018-04-09 22:00:00,29492.999999999996,29437.78,29742.84912147522,6.5,22,4,0
2018-04-09 23:00:00,25649.999999999996,26389.79,27097.41951761246,6.660000000000025,23,4,0
2018-04-10 00:00:00,24387.0,24709.8,25524.041799640658,6.430000000000007,0,4,0
2018-04-10 01:00:00,23530.0,23058.47,24361.234650707247,7.0,1,4,0
2018-04-10 02:00:00,23297.0,22804.203333333335,23290.520812225343,7.0,2,4,0
2018-04-10 03:00:00,23118.0,22670.54,22773.99056186676,7.430000000000007,3,4,0
2018-04-10 04:00:00,23400.0,22585.72,22897.74773874283,7.430000000000007,4,4,0
2018-04-10 05:00:00,25558.0,23947.93,23928.180978488923,7.430000000000007,5,4,0
2018-04-10 06:00:00,29116.0,26969.38,26249.05595149994,7.430000000000007,6,4,0
2018-04-10 07:00:00,30466.0,29441.75,29319.176431274416,7.430000000000007,7,4,0
2018-04-10 08:00:00,31469.0,31268.9,31708.08916168213,6.770000000000039,8,4,0
2018-04-10 09:00:00,31968.0,33173.82,33053.547107028964,5.980000000000018,9,4,0
2018-04-10 10:00:00,32428.000000000004,32059.66,33761.108041954045,5.980000000000018,10,4,0
2018-04-10 11:00:00,32963.0,31314.03,34033.28348846436,6.180000000000007,11,4,0
2018-04-10 12:00:00,32971.0,31052.67,33903.85426025391,5.78000000000003,12,4,0
2018-04-10 13:00:00,32164.0,31236.16,33412.69807682037,6.0,13,4,0
2018-04-10 14:00:00,31698.0,29760.98,32694.176384925846,6.0,14,4,0
2018-04-10 15:00:00,31688.999999999996,29218.34,31972.346199893953,5.57000000000005,15,4,0
2018-04-10 16:00:00,31731.0,28196.53,31530.353491973878,4.560000000000002,16,4,0
2018-04-10 17:00:00,31235.999999999996,29537.5,31610.851205444338,5.960000000000036,17,4,0
2018-04-10 18:00:00,31177.0,29980.38,32239.318400001528,6.189999999999998,18,4,0
2018-04-10 19:00:00,33108.0,32772.9,33100.356791114806,7.0,19,4,0
2018-04-10 20:00:00,32111.0,32676.92,33526.593258285524,5.100000000000023,20,4,0
2018-04-10 21:00:00,29110.0,32385.44,32649.874318885806,5.100000000000023,21,4,0
2018-04-10 22:00:00,26888.0,32156.8,29968.52497882843,4.43100000000004,22,4,0
2018-04-10 23:00:00,24193.0,29302.55,27160.356579685213,3.650000000000034,23,4,0
2018-04-11 00:00:00,22619.0,24525.38,25591.813412570955,4.430000000000007,0,4,0
2018-04-11 01:00:00,21437.0,22957.42,24383.476026344302,4.430000000000007,1,4,0
2018-04-11 02:00:00,20786.0,24149.23,23261.953011703492,5.430000000000007,2,4,0
2018-04-11 03:00:00,20454.0,23302.075,22713.092312908175,5.0,3,4,0
2018-04-11 04:00:00,20518.999999999996,23501.731666666667,22814.15151767731,5.0,4,4,0
2018-04-11 05:00:00,20889.0,24976.03,23775.548347854616,4.0,5,4,0
2018-04-11 06:00:00,21251.0,27809.05,26012.673273181917,4.430000000000007,6,4,0
2018-04-11 07:00:00,21906.999999999996,25962.41,29138.283653354647,4.430000000000007,7,4,0
2018-04-11 08:00:00,24036.999999999996,31081.32,31669.62762374878,4.0,8,4,0
2018-04-11 09:00:00,25579.0,31927.85,33114.374546909334,4.590000000000032,9,4,0
2018-04-11 10:00:00,26280.0,32095.95,33876.680666065215,5.189999999999998,10,4,0
2018-04-11 11:00:00,26262.999999999996,33816.68,34185.50347309113,6.0,11,4,0
2018-04-11 12:00:00,26582.0,32075.5,34084.01697216034,6.170000000000016,12,4,0
2018-04-11 13:00:00,26479.0,33133.75,33605.120526027684,7.0,13,4,0
2018-04-11 14:00:00,25331.0,32056.59,32887.021246910095,7.189999999999998,14,4,0
2018-04-11 15:00:00,24743.000000000004,30849.75,32176.022409152985,7.970000000000027,15,4,0
2018-04-11 16:00:00,24984.0,32202.45,31758.76404476166,8.57000000000005,16,4,0
2018-04-11 17:00:00,27303.0,30529.95,31873.284299468996,9.379999999999995,17,4,0
2018-04-11 18:00:00,28886.0,32048.3,32562.65706806183,9.590000000000032,18,4,0
2018-04-11 19:00:00,29737.0,31277.87,33453.349812793735,9.770000000000039,19,4,0
2018-04-11 20:00:00,29478.0,31936.36,33903.08268547058,9.580000000000041,20,4,0
2018-04-11 21:00:00,28126.0,30417.83,33049.13985233307,9.379999999999995,21,4,0
2018-04-11 22:00:00,25852.0,28129.73,30316.920293807987,9.5,22,4,0
2018-04-11 23:00:00,26932.0,25905.12,27268.030329036716,9.960000000000036,23,4,0
2018-04-12 00:00:00,25028.0,24089.2,25526.686152458195,10.430000000000007,0,4,0
2018-04-12 01:00:00,23886.0,24143.88,24333.694802665712,9.430000000000007,1,4,0
2018-04-12 02:00:00,23396.0,22738.25,23281.33272390366,9.430000000000007,2,4,0
2018-04-12 03:00:00,23401.0,21942.67783333333,22814.97192630768,9.0,3,4,0
2018-04-12 04:00:00,24013.0,23189.71,23005.213944244388,8.430000000000007,4,4,0
2018-04-12 05:00:00,26673.0,24601.75,24082.84509716034,7.430000000000007,5,4,0
2018-04-12 06:00:00,31314.0,27351.39,26355.899525451663,7.430000000000007,6,4,0
2018-04-12 07:00:00,33681.0,27609.8,29282.436286449436,6.860000000000014,7,4,0
2018-04-12 08:00:00,34512.0,30535.75,31541.509584331514,4.960000000000036,8,4,0
2018-04-12 09:00:00,34691.0,31731.87,32814.542051124576,4.760000000000048,9,4,0
2018-04-12 10:00:00,34182.0,31486.18,33461.673542022705,5.57000000000005,10,4,0
2018-04-12 11:00:00,33602.0,32402.64,33668.90729703903,6.590000000000032,11,4,0
2018-04-12 12:00:00,33570.0,33310.96,33473.65736808777,7.160000000000025,12,4,0
2018-04-12 13:00:00,32719.000000000004,33051.11,32907.84644098282,8.78000000000003,13,4,0
2018-04-12 14:00:00,32274.0,31496.35,32109.569310092927,9.980000000000018,14,4,0
2018-04-12 15:00:00,32031.0,30495.09,31309.485326862337,10.590000000000032,15,4,0
2018-04-12 16:00:00,32724.0,30194.75,30801.295897579195,10.57000000000005,16,4,0
2018-04-12 17:00:00,34655.0,30484.35,30829.106773471834,10.379999999999995,17,4,0
2018-04-12 18:00:00,35109.0,31937.33,31453.88945426941,9.79000000000002,18,4,0
2018-04-12 19:00:00,35083.0,32064.64,32357.330274772645,8.590000000000032,19,4,0
2018-04-12 20:00:00,34655.0,32542.1,32828.66968307495,7.78000000000003,20,4,0
2018-04-12 21:00:00,31889.0,31846.81,31908.11259918213,7.189999999999998,21,4,0
2018-04-12 22:00:00,28785.0,28546.903333333332,29324.465136909486,7.25,22,4,0
2018-04-12 23:00:00,27521.999999999996,26179.34,26761.909013175966,7.0,23,4,0
2018-04-13 00:00:00,25729.0,25198.194166666668,25301.398524188997,7.0,0,4,0
2018-04-13 01:00:00,24404.0,23247.49,24157.60727529526,8.0,1,4,0
2018-04-13 02:00:00,23893.0,22843.915,23130.333585453034,7.57000000000005,2,4,0
2018-04-13 03:00:00,23832.0,22800.3,22675.895571613313,7.0,3,4,0
2018-04-13 04:00:00,24431.0,22634.98,22848.23021783829,7.0,4,4,0
2018-04-13 05:00:00,27035.000000000004,25079.04833333333,23826.67494401932,7.0,5,4,0
2018-04-13 06:00:00,30841.0,27476.89,25960.567558383944,6.0,6,4,0
2018-04-13 07:00:00,33405.0,30830.25,28907.353274059296,6.0,7,4,0
2018-04-13 08:00:00,34833.0,31085.65,31332.20527420044,5.240000000000009,8,4,0
2018-04-13 09:00:00,35301.0,31724.68,32723.374142074586,4.57000000000005,9,4,0
2018-04-13 10:00:00,35531.0,32398.12,33430.47359714508,5.760000000000048,10,4,0
2018-04-13 11:00:00,35328.0,32493.68,33671.34654769897,6.590000000000032,11,4,0
2018-04-13 12:00:00,34877.0,32050.798,33500.218097496036,7.970000000000027,12,4,0
2018-04-13 13:00:00,33728.0,33493.54,32945.66093044281,9.170000000000016,13,4,0
2018-04-13 14:00:00,32828.0,31842.18,32160.656839179996,9.590000000000032,14,4,0
2018-04-13 15:00:00,32297.000000000004,31161.49,31394.441570568088,10.370000000000005,15,4,0
2018-04-13 16:00:00,31916.0,31647.8,30934.80519371033,11.350000000000023,16,4,0
2018-04-13 17:00:00,31278.0,31212.27,31028.37084465027,11.550000000000011,17,4,0
2018-04-13 18:00:00,31105.999999999996,33533.86,31726.509288787845,12.390000000000043,18,4,0
2018-04-13 19:00:00,32142.0,31324.32,32675.858808898927,13.0,19,4,0
2018-04-13 20:00:00,33777.0,31354.19,33156.49373998642,11.57000000000005,20,4,0
2018-04-13 21:00:00,31724.0,28354.71,32260.54647331238,12.0,21,4,0
2018-04-13 22:00:00,29713.0,26423.28,29601.76813735962,10.550000000000011,22,4,0
2018-04-13 23:00:00,27586.000000000004,25506.54,26865.629662609103,9.660000000000025,23,4,0
2018-04-14 00:00:00,25507.0,24491.195,25284.489804649354,9.57000000000005,0,4,1
2018-04-14 01:00:00,24095.0,23268.15,24169.312748432163,8.0,1,4,1
2018-04-14 02:00:00,23249.0,22649.37,23139.963620090486,7.0,2,4,1
2018-04-14 03:00:00,22703.0,22450.608333333334,22607.176582050324,6.0,3,4,1
2018-04-14 04:00:00,22717.0,22738.893333333333,22573.744930362704,5.0,4,4,1
2018-04-14 05:00:00,23311.0,22376.46,23028.62489051819,4.430000000000007,5,4,1
2018-04-14 06:00:00,24157.0,23216.75,24093.59098520279,4.0,6,4,1
2018-04-14 07:00:00,25936.0,23929.54,25875.420862674717,3.57000000000005,7,4,1
2018-04-14 08:00:00,28683.000000000004,27231.84,28069.183773517612,4.020000000000039,8,4,1
2018-04-14 09:00:00,30105.999999999996,29480.55,29929.738695812226,4.689999999999998,9,4,1
2018-04-14 10:00:00,30339.0,33907.54,31032.106633949283,6.560000000000002,10,4,1
2018-04-14 11:00:00,30051.0,29905.13,31388.840328311922,8.78000000000003,11,4,1
2018-04-14 12:00:00,29818.0,31385.47,31087.15458803177,10.450000000000045,12,4,1
2018-04-14 13:00:00,29051.0,31346.136666666665,30322.45805206299,12.760000000000048,13,4,1
2018-04-14 14:00:00,27733.0,29660.59,29357.274157047275,14.0,14,4,1
2018-04-14 15:00:00,26732.0,30593.19,28456.86591844559,15.0,15,4,1
2018-04-14 16:00:00,26133.000000000004,30614.03,27866.176587963106,14.970000000000027,16,4,1
2018-04-14 17:00:00,25944.0,28883.61,27784.15037508011,15.78000000000003,17,4,1
2018-04-14 18:00:00,26262.000000000004,26296.79,28306.821481704716,16.57000000000005,18,4,1
2018-04-14 19:00:00,27490.999999999996,30386.61,29333.653225231174,16.170000000000016,19,4,1
2018-04-14 20:00:00,29933.0,30956.65,30322.567928218843,16.379999999999995,20,4,1
2018-04-14 21:00:00,28728.0,28643.72,30196.520443916324,15.590000000000032,21,4,1
2018-04-14 22:00:00,27087.0,29110.2,27893.975255393983,14.5,22,4,1
2018-04-14 23:00:00,25140.0,24251.3,24962.29873199463,13.300000000000011,23,4,1
2018-04-15 00:00:00,23269.0,24477.99,23382.203918361665,11.150000000000034,0,4,1
2018-04-15 01:00:00,21926.0,21367.39,22355.201256370547,9.29000000000002,1,4,1
2018-04-15 02:00:00,21255.0,21361.97,21503.018883419038,8.29000000000002,2,4,1
2018-04-15 03:00:00,20836.000000000004,20149.58,21145.97753582001,7.860000000000014,3,4,1
2018-04-15 04:00:00,20753.0,21648.619999999995,21249.182988166813,7.430000000000007,4,4,1
2018-04-15 05:00:00,21228.999999999996,22276.0,21733.614750862125,7.430000000000007,5,4,1
2018-04-15 06:00:00,21444.0,24404.41,22606.5075583458,6.430000000000007,6,4,1
2018-04-15 07:00:00,22195.999999999996,24126.69,23905.66369161606,7.430000000000007,7,4,1
2018-04-15 08:00:00,24234.0,29985.07,25500.96780691147,8.730000000000018,8,4,1
2018-04-15 09:00:00,25918.0,25735.98,26979.656695461275,8.730000000000018,9,4,1
2018-04-15 10:00:00,26765.0,31526.04,27933.54043827057,9.379999999999995,10,4,1
2018-04-15 11:00:00,26747.000000000004,28700.07,28245.73766412735,11.160000000000025,11,4,1
2018-04-15 12:00:00,26802.0,29456.08,28010.817559528354,12.990000000000009,12,4,1
2018-04-15 13:00:00,26603.0,26293.2,27430.747149086,14.370000000000005,13,4,1
2018-04-15 14:00:00,25336.0,27433.38,26755.428761672974,15.160000000000025,14,4,1
2018-04-15 15:00:00,24650.999999999996,25213.11,26169.158894348147,16.180000000000007,15,4,1
2018-04-15 16:00:00,24267.0,24774.15,25823.18817987442,16.189999999999998,16,4,1
2018-04-15 17:00:00,24426.0,24571.74,25830.320363235474,16.0,17,4,1
2018-04-15 18:00:00,25294.999999999996,24016.76,26317.75540752411,15.379999999999995,18,4,1
2018-04-15 19:00:00,27216.0,27728.67,27369.844016742707,15.189999999999998,19,4,1
2018-04-15 20:00:00,29826.0,29585.58,28728.8264960289,14.590000000000032,20,4,1
2018-04-15 21:00:00,28733.0,27761.12,29227.937713146213,13.590000000000032,21,4,1
2018-04-15 22:00:00,26779.999999999996,27309.23,27407.599905586245,13.270000000000039,22,4,1
2018-04-15 23:00:00,24561.0,25182.54,24825.03899641037,13.32000000000005,23,4,1
2018-04-16 00:00:00,22905.000000000004,22087.41,23341.452073001863,13.0,0,4,0
2018-04-16 01:00:00,21864.0,23528.61,22340.50226840973,12.430000000000007,1,4,0
2018-04-16 02:00:00,21464.0,23076.81,21619.653643703463,11.140000000000043,2,4,0
2018-04-16 03:00:00,21581.000000000004,22455.25,21481.60279979706,9.0,3,4,0
2018-04-16 04:00:00,22097.000000000004,22303.87,21960.369836235048,9.430000000000007,4,4,0
2018-04-16 05:00:00,25082.0,22966.3,23289.14369773865,9.0,5,4,0
2018-04-16 06:00:00,29079.0,24266.64,25660.378575515748,8.57000000000005,6,4,0
2018-04-16 07:00:00,31852.0,26186.29,28415.94559631348,8.0,7,4,0
2018-04-16 08:00:00,33236.0,30060.002,30543.9317568779,8.0,8,4,0
2018-04-16 09:00:00,33698.0,31038.48,31816.11207304001,7.160000000000025,9,4,0
2018-04-16 10:00:00,33840.0,31834.96,32426.112748336793,8.78000000000003,10,4,0
2018-04-16 11:00:00,33564.0,32021.14,32493.901453113558,10.590000000000032,11,4,0
2018-04-16 12:00:00,33233.0,31080.45,32115.83713436127,11.379999999999995,12,4,0
2018-04-16 13:00:00,32166.0,30954.76,31457.486067104343,11.950000000000045,13,4,0
2018-04-16 14:00:00,31645.0,31812.35,30731.27060260773,13.400000000000034,14,4,0
2018-04-16 15:00:00,31079.0,29755.96,30145.784518527988,13.970000000000027,15,4,0
2018-04-16 16:00:00,30626.0,29236.56,29899.31032571793,14.980000000000018,16,4,0
2018-04-16 17:00:00,30003.0,29947.75,30090.868415832523,15.78000000000003,17,4,0
2018-04-16 18:00:00,30052.0,30370.39,30692.323167896273,16.590000000000032,18,4,0
2018-04-16 19:00:00,31276.0,30022.17,31438.71677799225,16.99000000000001,19,4,0
2018-04-16 20:00:00,33338.0,31486.01,31771.23132591248,16.600000000000023,20,4,0
2018-04-16 21:00:00,31070.000000000004,29932.29,30832.97197246552,15.400000000000034,21,4,0
2018-04-16 22:00:00,28471.0,27685.44,28346.943370437624,14.270000000000039,22,4,0
2018-04-16 23:00:00,26383.0,26551.17,25798.956824970246,13.370000000000005,23,4,0
2018-04-17 00:00:00,24673.0,24341.56,24272.2398478508,11.710000000000036,0,4,0
2018-04-17 01:00:00,23545.0,22952.97,23268.68231582642,11.0,1,4,0
2018-04-17 02:00:00,23205.0,22920.0,22481.17793159485,9.430000000000007,2,4,0
2018-04-17 03:00:00,23059.0,23073.855,22231.5197719574,8.860000000000014,3,4,0
2018-04-17 04:00:00,23484.000000000004,22160.96,22611.556978130342,8.0,4,4,0
2018-04-17 05:00:00,25986.0,24412.51,23878.76356697083,7.0,5,4,0
2018-04-17 06:00:00,29426.000000000004,25686.86,26141.477428150178,6.430000000000007,6,4,0
2018-04-17 07:00:00,31766.0,27754.21,28720.68589372635,6.0,7,4,0
2018-04-17 08:00:00,32648.0,28888.55,30681.96795063019,5.980000000000018,8,4,0
2018-04-17 09:00:00,32849.0,29700.81,31855.60644683838,7.160000000000025,9,4,0
2018-04-17 10:00:00,32792.0,31319.82,32402.41612405777,8.78000000000003,10,4,0
2018-04-17 11:00:00,32740.0,30225.03,32465.26528520584,10.78000000000003,11,4,0
2018-04-17 12:00:00,32324.0,33203.43,32130.54100570679,13.379999999999995,12,4,0
2018-04-17 13:00:00,31433.0,31848.3,31517.571232509614,14.760000000000048,13,4,0
2018-04-17 14:00:00,30965.0,31255.35,30814.468827819826,16.760000000000048,14,4,0
2018-04-17 15:00:00,30500.0,29294.89,30235.78529863358,17.78000000000003,15,4,0
2018-04-17 16:00:00,30133.0,29235.96,29956.555802917483,19.170000000000016,16,4,0
2018-04-17 17:00:00,29427.999999999996,28976.05,30119.27506465912,19.970000000000027,17,4,0
2018-04-17 18:00:00,29522.000000000004,29415.71,30722.827230453495,21.0,18,4,0
2018-04-17 19:00:00,30658.0,29863.29,31514.126004600526,21.189999999999998,19,4,0
2018-04-17 20:00:00,32894.0,30088.295,31873.753104400635,20.79000000000002,20,4,0
2018-04-17 21:00:00,30671.0,29542.5,30860.487403583527,20.0,21,4,0
2018-04-17 22:00:00,28162.0,27000.15,28226.560612392426,17.980000000000018,22,4,0
2018-04-17 23:00:00,26275.0,25598.14,25674.164370536808,15.510000000000048,23,4,0
2018-04-18 00:00:00,24564.0,24536.37,24249.59803466797,14.0,0,4,0
2018-04-18 01:00:00,23497.0,23021.04,23286.958383083347,12.860000000000014,1,4,0
2018-04-18 02:00:00,23063.0,22830.47,22531.33273420334,11.430000000000007,2,4,0
2018-04-18 03:00:00,22984.0,22801.32,22296.439488220218,10.860000000000014,3,4,0
2018-04-18 04:00:00,23421.999999999996,22825.27,22691.26602497101,9.860000000000014,4,4,0
2018-04-18 05:00:00,25891.0,24448.75,23922.425909614565,9.430000000000007,5,4,0
2018-04-18 06:00:00,29102.000000000004,24527.2,26042.344718647004,9.430000000000007,6,4,0
2018-04-18 07:00:00,31131.0,27927.62,28433.818784332278,8.0,7,4,0
2018-04-18 08:00:00,32038.0,31090.89,30288.43062744141,9.210000000000036,8,4,0
2018-04-18 09:00:00,32088.0,29800.78,31403.278055191044,9.970000000000027,9,4,0
2018-04-18 10:00:00,32189.0,34745.21,31912.256151103975,12.78000000000003,10,4,0
2018-04-18 11:00:00,32377.0,32978.71,31918.28468952179,14.970000000000027,11,4,0
2018-04-18 12:00:00,31989.0,31531.93,31534.409142971042,17.170000000000016,12,4,0
2018-04-18 13:00:00,31095.0,30432.755,30933.469587993623,18.379999999999995,13,4,0
2018-04-18 14:00:00,30560.0,29320.89,30305.292954826356,20.189999999999998,14,4,0
2018-04-18 15:00:00,30190.0,30488.47,29833.963313293458,21.710000000000036,15,4,0
2018-04-18 16:00:00,29916.0,30924.4,29657.131069755556,22.78000000000003,16,4,0
2018-04-18 17:00:00,29405.0,31982.18,29865.068032169343,23.189999999999998,17,4,0
2018-04-18 18:00:00,29307.0,31870.445,30422.665106201173,23.79000000000002,18,4,0
2018-04-18 19:00:00,30326.0,30842.015,31087.161913108826,24.0,19,4,0
2018-04-18 20:00:00,32271.0,31272.748333333337,31300.70988454819,23.600000000000023,20,4,0
2018-04-18 21:00:00,30098.0,28914.535,30271.788052368167,22.410000000000025,21,4,0
2018-04-18 22:00:00,27448.0,24716.93,27918.755991077425,20.260000000000048,22,4,0
2018-04-18 23:00:00,25618.999999999996,25259.27,25634.743247509006,17.910000000000025,23,4,0
2018-04-19 00:00:00,23983.0,24179.95,24281.457236480714,16.220000000000027,0,4,0
2018-04-19 01:00:00,23088.0,22575.77,23294.31520214081,17.370000000000005,1,4,0
2018-04-19 02:00:00,22792.0,22655.433333333334,22528.837324619297,16.140000000000043,2,4,0
2018-04-19 03:00:00,22678.000000000004,22009.24,22293.29214677811,14.57000000000005,3,4,0
2018-04-19 04:00:00,23089.0,21500.51,22674.48671512604,11.57000000000005,4,4,0
2018-04-19 05:00:00,25411.0,22769.92,23832.820683670045,11.0,5,4,0
2018-04-19 06:00:00,28377.0,26908.75,25818.871267795566,10.57000000000005,6,4,0
2018-04-19 07:00:00,30329.000000000004,24785.47,28145.996973228455,9.430000000000007,7,4,0
2018-04-19 08:00:00,31331.000000000004,30284.9675,30064.65929012299,10.490000000000009,8,4,0
2018-04-19 09:00:00,31533.0,30546.1375,31285.788702583315,10.970000000000027,9,4,0
2018-04-19 10:00:00,31654.999999999996,31033.1,31881.82045593262,13.170000000000016,10,4,0
2018-04-19 11:00:00,31789.0,29547.7,31962.528154945376,15.78000000000003,11,4,0
2018-04-19 12:00:00,31745.0,31322.41,31640.129538440706,18.0,12,4,0
2018-04-19 13:00:00,30735.0,29682.21,31079.797768974306,19.189999999999998,13,4,0
2018-04-19 14:00:00,30351.0,29266.4,30484.601074409486,19.980000000000018,14,4,0
2018-04-19 15:00:00,30048.0,30501.91,30034.335912799837,20.980000000000018,15,4,0
2018-04-19 16:00:00,29657.0,29755.02,29865.546603870393,21.600000000000023,16,4,0
2018-04-19 17:00:00,29055.0,28946.82,30049.75764169693,22.390000000000043,17,4,0
2018-04-19 18:00:00,29193.0,28590.6,30535.8961473465,22.600000000000023,18,4,0
2018-04-19 19:00:00,30229.0,28608.95,31063.87305145264,22.390000000000043,19,4,0
2018-04-19 20:00:00,31956.0,28606.673333333336,31099.682911491396,22.210000000000036,20,4,0
2018-04-19 21:00:00,29614.0,28527.49,29994.44110145569,21.010000000000048,21,4,0
2018-04-19 22:00:00,27129.0,26708.73,27814.361434555056,19.29000000000002,22,4,0
2018-04-19 23:00:00,25501.0,25291.16,25694.906547069553,18.010000000000048,23,4,0
2018-04-20 00:00:00,24049.0,23384.7,24339.562189388278,16.650000000000034,0,4,0
2018-04-20 01:00:00,22958.0,22074.99,23291.343662548068,16.57000000000005,1,4,0
2018-04-20 02:00:00,22549.000000000004,22436.09166666667,22499.458882236482,16.57000000000005,2,4,0
2018-04-20 03:00:00,22524.0,22572.28,22260.790779876712,15.57000000000005,3,4,0
2018-04-20 04:00:00,22947.0,22942.92,22624.55654821396,14.57000000000005,4,4,0
2018-04-20 05:00:00,25292.000000000004,23465.245142857144,23725.859908485414,13.57000000000005,5,4,0
2018-04-20 06:00:00,28473.0,27588.12,25651.564066123963,12.430000000000007,6,4,0
2018-04-20 07:00:00,30344.0,27696.34,27967.587396430972,12.140000000000043,7,4,0
2018-04-20 08:00:00,31243.0,31885.96,29906.530410003663,10.470000000000027,8,4,0
2018-04-20 09:00:00,31738.0,32273.9075,31149.15159854889,10.980000000000018,9,4,0
2018-04-20 10:00:00,31805.0,33188.14,31761.335146808626,12.370000000000005,10,4,0
2018-04-20 11:00:00,31985.0,33373.65,31865.21450624466,14.370000000000005,11,4,0
2018-04-20 12:00:00,31789.0,31540.8,31568.4121506691,15.590000000000032,12,4,0
2018-04-20 13:00:00,30709.0,30906.22,31026.739794158937,15.980000000000018,13,4,0
2018-04-20 14:00:00,29909.000000000004,27733.54,30430.48096342087,16.980000000000018,14,4,0
2018-04-20 15:00:00,29426.999999999996,28774.12,29956.987982463837,18.189999999999998,15,4,0
2018-04-20 16:00:00,29126.0,29387.82,29755.28466062546,19.189999999999998,16,4,0
2018-04-20 17:00:00,28625.0,30362.24,29916.004176330567,20.180000000000007,17,4,0
2018-04-20 18:00:00,28530.0,28110.04,30404.406130790714,20.79000000000002,18,4,0
2018-04-20 19:00:00,29259.0,30459.77,30956.003966712953,20.79000000000002,19,4,0
2018-04-20 20:00:00,30939.0,31503.9,31000.826113224033,20.0,20,4,0
2018-04-20 21:00:00,28892.0,29305.22,29893.262253761295,18.620000000000005,21,4,0
2018-04-20 22:00:00,26821.0,26761.53,27767.131779384614,17.03000000000003,22,4,0
2018-04-20 23:00:00,25248.0,25457.61,25713.02390432358,16.350000000000023,23,4,0
2018-04-21 00:00:00,23680.000000000004,23971.75,24363.879003524784,16.0,0,4,1
2018-04-21 01:00:00,22547.000000000004,21759.9,23287.361262321476,15.0,1,4,1
2018-04-21 02:00:00,22086.0,23865.02,22420.877897262577,14.57000000000005,2,4,1
2018-04-21 03:00:00,21677.000000000004,21901.13,22064.581265830995,13.0,3,4,1
2018-04-21 04:00:00,21536.0,22351.222,22175.241204929353,11.430000000000007,4,4,1
2018-04-21 05:00:00,21904.000000000004,23289.75,22716.605908203128,11.57000000000005,5,4,1
2018-04-21 06:00:00,22593.0,21968.16,23759.970350646974,10.57000000000005,6,4,1
2018-04-21 07:00:00,24260.000000000004,22403.36,25327.119311428072,10.0,7,4,1
2018-04-21 08:00:00,26665.0,26804.78,27157.038319778443,9.990000000000009,8,4,1
2018-04-21 09:00:00,28037.000000000004,26823.77,28703.91390895844,9.950000000000045,9,4,1
2018-04-21 10:00:00,28331.999999999996,28052.44,29642.046294403077,11.590000000000032,10,4,1
2018-04-21 11:00:00,28402.0,34665.8,29925.297257423405,12.600000000000023,11,4,1
2018-04-21 12:00:00,28482.0,28153.13,29672.098643875124,13.590000000000032,12,4,1
2018-04-21 13:00:00,27616.000000000004,29801.02,29077.22425270081,14.600000000000023,13,4,1
2018-04-21 14:00:00,26301.0,30380.22,28357.554965400697,15.189999999999998,14,4,1
2018-04-21 15:00:00,25500.0,30487.67,27721.721185016635,16.0,15,4,1
2018-04-21 16:00:00,25104.0,28076.45,27329.114146614076,16.57000000000005,16,4,1
2018-04-21 17:00:00,24938.000000000004,24284.03,27304.13807554245,18.57000000000005,17,4,1
2018-04-21 18:00:00,25059.0,24943.6,27728.10132713318,19.58000000000004,18,4,1
2018-04-21 19:00:00,26105.0,26182.03,28550.121474456788,19.58000000000004,19,4,1
2018-04-21 20:00:00,28294.000000000004,27796.12,29335.731105422976,19.189999999999998,20,4,1
2018-04-21 21:00:00,27127.0,28062.38,29053.166257953646,17.99000000000001,21,4,1
2018-04-21 22:00:00,25311.0,28486.973333333335,26937.991657161714,17.680000000000007,22,4,1
2018-04-21 23:00:00,23571.0,24263.095,24480.15483503342,16.340000000000032,23,4,1
2018-04-22 00:00:00,21979.0,22729.66,23059.37312231064,14.0,0,4,1
2018-04-22 01:00:00,20976.0,22831.64,22032.394877243045,13.0,1,4,1
2018-04-22 02:00:00,20234.0,22220.25,21247.81075706482,13.0,2,4,1
2018-04-22 03:00:00,19844.0,20672.82,20968.94751520157,11.860000000000014,3,4,1
2018-04-22 04:00:00,19706.0,21528.11,21130.58510723114,11.430000000000007,4,4,1
2018-04-22 05:00:00,20005.0,23505.66,21652.289303684236,10.430000000000007,5,4,1
2018-04-22 06:00:00,19982.0,21765.99,22545.13073768616,10.430000000000007,6,4,1
2018-04-22 07:00:00,20892.0,26752.15,23828.989668369297,10.430000000000007,7,4,1
2018-04-22 08:00:00,22912.0,29585.71,25364.613939189912,11.5,8,4,1
2018-04-22 09:00:00,24535.0,25778.196,26783.81831865311,11.470000000000027,9,4,1
2018-04-22 10:00:00,25139.0,29126.92,27721.591775321962,12.970000000000027,10,4,1
2018-04-22 11:00:00,25423.999999999996,27060.93,28063.61671495438,14.970000000000027,11,4,1
2018-04-22 12:00:00,25589.0,30770.02,27877.82834386826,17.57000000000005,12,4,1
2018-04-22 13:00:00,25349.0,26316.41,27360.14073133469,19.970000000000027,13,4,1
2018-04-22 14:00:00,24083.0,23761.89,26736.776673793796,20.980000000000018,14,4,1
2018-04-22 15:00:00,23223.0,26111.14,26196.67676715851,21.210000000000036,15,4,1
2018-04-22 16:00:00,22956.0,27483.750000000004,25884.27932252884,21.379999999999995,16,4,1
2018-04-22 17:00:00,23105.0,30278.13,25900.567852211,21.980000000000018,17,4,1
2018-04-22 18:00:00,23583.000000000004,28345.09,26340.455821323398,21.79000000000002,18,4,1
2018-04-22 19:00:00,25261.000000000004,30646.37,27244.56566553116,22.390000000000043,19,4,1
2018-04-22 20:00:00,27790.0,29960.8,28376.353554821017,21.810000000000002,20,4,1
2018-04-22 21:00:00,26876.000000000004,29778.78,28654.80659236908,21.010000000000048,21,4,1
2018-04-22 22:00:00,25093.0,27596.92,26852.322439289095,20.260000000000048,22,4,1
2018-04-22 23:00:00,23229.999999999996,24227.55,24477.13446159363,18.28000000000003,23,4,1
2018-04-23 00:00:00,21959.0,21985.875,23044.354272651675,16.430000000000007,0,4,0
2018-04-23 01:00:00,21021.0,21914.07,22102.923160839084,15.0,1,4,0
2018-04-23 02:00:00,20852.0,21046.28,21464.869882106785,14.0,2,4,0
2018-04-23 03:00:00,20784.0,20566.56,21370.82565946579,13.430000000000007,3,4,0
2018-04-23 04:00:00,21427.0,21113.41,21879.9893239975,13.0,4,4,0
2018-04-23 05:00:00,23894.0,23195.84,23213.736912822726,13.0,5,4,0
2018-04-23 06:00:00,26902.0,26848.47,25421.05609960556,12.430000000000007,6,4,0
2018-04-23 07:00:00,28929.0,30454.4,27903.986194038393,13.0,7,4,0
2018-04-23 08:00:00,29917.0,30807.89,29884.198691749574,13.470000000000027,8,4,0
2018-04-23 09:00:00,30524.999999999996,30606.35,31119.57293739319,13.0,9,4,0
2018-04-23 10:00:00,30811.0,28901.6,31703.230193901065,14.0,10,4,0
2018-04-23 11:00:00,30966.0,32015.08,31752.9528169632,14.390000000000043,11,4,0
2018-04-23 12:00:00,30917.0,31200.7,31403.368397808077,16.160000000000025,12,4,0
2018-04-23 13:00:00,30052.0,31548.73,30836.29267406464,18.590000000000032,13,4,0
2018-04-23 14:00:00,29495.0,29963.8,30251.006808757786,20.0,14,4,0
2018-04-23 15:00:00,29198.000000000004,29290.34,29824.477338504792,21.170000000000016,15,4,0
2018-04-23 16:00:00,28912.999999999996,29124.69,29683.325545310978,22.170000000000016,16,4,0
2018-04-23 17:00:00,28408.0,28985.91,29884.037540054323,22.980000000000018,17,4,0
2018-04-23 18:00:00,28414.0,28734.52,30371.287015724185,23.379999999999995,18,4,0
2018-04-23 19:00:00,29388.0,30827.32,30921.598079776766,24.0,19,4,0
2018-04-23 20:00:00,31027.0,31237.82,31081.885415935518,23.75,20,4,0
2018-04-23 21:00:00,29028.0,28870.575,30207.20040626526,21.834000000000117,21,4,0
2018-04-23 22:00:00,26432.0,27051.86,28118.49619226456,15.996000000000038,22,4,0
2018-04-23 23:00:00,24821.0,24767.89,25859.505911922457,19.49000000000001,23,4,0
2018-04-24 00:00:00,23415.0,23655.66,24384.49665374756,15.996000000000038,0,4,0
2018-04-24 01:00:00,22421.000000000004,23290.72,23324.225933456422,13.277000000000044,1,4,0
2018-04-24 02:00:00,22293.999999999996,22848.18,22480.098703575135,13.277000000000044,2,4,0
2018-04-24 03:00:00,22164.999999999996,22423.9,22182.309904289246,14.0,3,4,0
2018-04-24 04:00:00,22721.0,21998.39,22561.668319988254,13.0,4,4,0
2018-04-24 05:00:00,24950.0,23617.67,23798.773725509647,13.0,5,4,0
2018-04-24 06:00:00,27843.000000000004,26170.37,25874.25617542267,11.980000000000018,6,4,0
2018-04-24 07:00:00,30152.0,29321.27,28235.423955631257,12.0,7,4,0
2018-04-24 08:00:00,31016.0,31245.13,30170.006106662753,11.5,8,4,0
2018-04-24 09:00:00,31416.0,30979.86,31409.057540988924,12.370000000000005,9,4,0
2018-04-24 10:00:00,31768.0,32064.89,32021.365615558625,15.180000000000007,10,4,0
2018-04-24 11:00:00,32085.0,30065.57,32111.42255458832,16.57000000000005,11,4,0
2018-04-24 12:00:00,31885.0,29917.22,31815.16469640732,19.0,12,4,0
2018-04-24 13:00:00,31151.0,30643.94,31293.33841533661,21.379999999999995,13,4,0
2018-04-24 14:00:00,30459.000000000004,27461.16,30731.07038383484,23.0,14,4,0
2018-04-24 15:00:00,30279.0,26807.39,30309.260704898836,24.210000000000036,15,4,0
2018-04-24 16:00:00,30051.0,28763.51,30156.400996875764,25.210000000000036,16,4,0
2018-04-24 17:00:00,29502.0,28328.99,30331.90495977402,24.79000000000002,17,4,0
2018-04-24 18:00:00,29478.0,28552.8,30789.739367675782,24.79000000000002,18,4,0
2018-04-24 19:00:00,30375.0,29972.689166666663,31298.512361431123,24.210000000000036,19,4,0
2018-04-24 20:00:00,32068.0,30754.95583333333,31376.536640548708,24.200000000000045,20,4,0
2018-04-24 21:00:00,29749.999999999996,28288.06833333333,30370.852394485475,21.32900000000012,21,4,0
2018-04-24 22:00:00,27046.0,26874.27,28185.191018867496,16.742999999999995,22,4,0
2018-04-24 23:00:00,25396.0,25754.83,25967.99762821198,16.742999999999995,23,4,0
2018-04-25 00:00:00,23966.0,23986.2,24565.07933673859,18.99000000000001,0,4,0
2018-04-25 01:00:00,22969.999999999996,22812.51,23491.237690353395,17.83000000000004,1,4,0
2018-04-25 02:00:00,22730.0,21947.311666666665,22633.436983299256,17.0,2,4,0
2018-04-25 03:00:00,22653.0,22762.71,22322.079699611666,14.430000000000007,3,4,0
2018-04-25 04:00:00,23067.999999999996,21900.05,22662.500447368624,13.0,4,4,0
2018-04-25 05:00:00,25149.0,24695.39,23822.360473632816,11.430000000000007,5,4,0
2018-04-25 06:00:00,27858.0,27498.52,25820.651261520386,12.0,6,4,0
2018-04-25 07:00:00,30098.0,30656.47,28179.604426765443,11.0,7,4,0
2018-04-25 08:00:00,31274.0,30490.26,30181.181732559206,12.230000000000018,8,4,0
2018-04-25 09:00:00,31755.0,31661.7,31496.123406887058,12.970000000000027,9,4,0
2018-04-25 10:00:00,32117.0,31492.82,32167.361726379397,14.990000000000009,10,4,0
2018-04-25 11:00:00,32424.0,31923.31,32295.638475799562,17.99000000000001,11,4,0
2018-04-25 12:00:00,32298.000000000004,30941.57,32010.94203090668,19.560000000000002,12,4,0
2018-04-25 13:00:00,31370.0,31148.735,31475.16880311966,21.760000000000048,13,4,0
2018-04-25 14:00:00,30718.999999999996,31878.43,30879.39342746735,23.57000000000005,14,4,0
2018-04-25 15:00:00,30330.000000000004,32202.28,30415.43525514603,26.0,15,4,0
2018-04-25 16:00:00,30166.000000000004,34262.25,30220.876325130466,26.74000000000001,16,4,0
2018-04-25 17:00:00,29606.0,37522.31,30367.988289356235,27.379999999999995,17,4,0
2018-04-25 18:00:00,29691.0,33373.66,30817.110738945008,26.920000000000016,18,4,0
2018-04-25 19:00:00,30551.0,38006.12,31321.44717769623,27.390000000000043,19,4,0
2018-04-25 20:00:00,31779.0,36356.38,31374.451435279847,26.980000000000018,20,4,0
2018-04-25 21:00:00,29529.0,31548.786666666667,30348.256973457337,24.980000000000018,21,4,0
2018-04-25 22:00:00,27130.0,28388.75,28226.660721778873,22.27000000000004,22,4,0
2018-04-25 23:00:00,25473.0,24661.69,26100.635240173342,20.960000000000036,23,4,0
2018-04-26 00:00:00,23963.0,24604.05,24729.51754989624,20.0,0,4,0
2018-04-26 01:00:00,23040.0,22966.0775,23672.19151058197,18.0,1,4,0
2018-04-26 02:00:00,22718.0,22622.5,22829.85892457962,14.860000000000014,2,4,0
2018-04-26 03:00:00,22643.0,22224.01,22525.47023086548,12.860000000000014,3,4,0
2018-04-26 04:00:00,22961.0,21971.9,22874.03158092499,12.430000000000007,4,4,0
2018-04-26 05:00:00,25108.0,24546.015,24033.405710411073,11.430000000000007,5,4,0
2018-04-26 06:00:00,27716.999999999996,27468.98,26007.870464324955,11.57000000000005,6,4,0
2018-04-26 07:00:00,29903.0,31118.63,28340.11884031296,11.0,7,4,0
2018-04-26 08:00:00,31186.0,30044.52583333333,30351.296880435944,10.710000000000036,8,4,0
2018-04-26 09:00:00,31427.000000000004,31937.64,31694.777054977418,12.560000000000002,9,4,0
2018-04-26 10:00:00,31629.0,29412.63,32391.311307239535,14.970000000000027,10,4,0
2018-04-26 11:00:00,31931.0,30699.39,32547.933663177493,16.78000000000003,11,4,0
2018-04-26 12:00:00,31844.0,29935.29,32279.371921348575,19.170000000000016,12,4,0
2018-04-26 13:00:00,30834.0,29720.43,31762.912480068208,20.980000000000018,13,4,0
2018-04-26 14:00:00,30329.000000000004,27521.21,31173.590497303012,22.370000000000005,14,4,0
2018-04-26 15:00:00,30047.0,26815.61,30697.050284290315,22.970000000000027,15,4,0
2018-04-26 16:00:00,29787.0,24587.79,30456.53626251221,25.0,16,4,0
2018-04-26 17:00:00,29376.0,24291.42,30541.2141532898,24.970000000000027,17,4,0
2018-04-26 18:00:00,29149.0,24274.74,30893.3330491066,24.980000000000018,18,4,0
2018-04-26 19:00:00,29777.0,26054.903333333332,31273.021093273164,25.590000000000032,19,4,0
2018-04-26 20:00:00,31423.0,27056.133333333335,31179.069654941562,24.79000000000002,20,4,0
2018-04-26 21:00:00,29650.000000000004,27188.93,30059.578128337864,23.600000000000023,21,4,0
2018-04-26 22:00:00,27208.0,29779.94,27952.49773769379,22.5,22,4,0
2018-04-26 23:00:00,25765.0,24125.61,25863.99862585068,20.950000000000045,23,4,0
2018-04-27 00:00:00,24124.0,22758.08,24494.89289007187,18.900000000000034,0,4,0
2018-04-27 01:00:00,23130.000000000004,22415.03,23447.93915987015,17.850000000000023,1,4,0
2018-04-27 02:00:00,22873.000000000004,22676.67166666667,22645.16687335968,17.850000000000023,2,4,0
2018-04-27 03:00:00,22679.000000000004,22642.887499999997,22385.46114969254,16.010000000000048,3,4,0
2018-04-27 04:00:00,23110.0,23062.2,22739.48212385178,14.29000000000002,4,4,0
2018-04-27 05:00:00,25219.0,24107.957142857147,23847.412237167362,13.860000000000014,5,4,0
2018-04-27 06:00:00,27775.0,27386.41,25755.907347106935,12.860000000000014,6,4,0
2018-04-27 07:00:00,29840.0,27935.59,28049.113062381748,11.860000000000014,7,4,0
2018-04-27 08:00:00,30991.0,30081.05,30023.98802061081,13.5,8,4,0
2018-04-27 09:00:00,31475.0,27196.14,31327.568500423433,13.350000000000023,9,4,0
2018-04-27 10:00:00,31899.0,29135.65,31995.42263431549,15.970000000000027,10,4,0
2018-04-27 11:00:00,32063.0,31119.96,32135.102087020878,17.980000000000018,11,4,0
2018-04-27 12:00:00,31748.000000000004,31760.306,31872.136704063418,19.590000000000032,12,4,0
2018-04-27 13:00:00,30729.0,27792.71,31361.98659582138,20.57000000000005,13,4,0
2018-04-27 14:00:00,29975.000000000004,30881.62,30801.276364040375,21.400000000000034,14,4,0
2018-04-27 15:00:00,29598.0,28665.46,30373.193977451327,21.980000000000018,15,4,0
2018-04-27 16:00:00,29358.0,30012.86,30220.983759593964,22.379999999999995,16,4,0
2018-04-27 17:00:00,28865.0,28018.19,30384.523429965975,23.189999999999998,17,4,0
2018-04-27 18:00:00,28684.000000000004,30341.83,30821.417884254457,22.810000000000002,18,4,0
2018-04-27 19:00:00,29059.0,29756.75,31261.9944106102,22.600000000000023,19,4,0
2018-04-27 20:00:00,30450.0,30052.403333333335,31191.96423225403,21.79000000000002,20,4,0
2018-04-27 21:00:00,28940.000000000004,29351.8,30082.486085987093,20.600000000000023,21,4,0
2018-04-27 22:00:00,26927.0,26624.86,28040.281461143495,19.370000000000005,22,4,0
2018-04-27 23:00:00,25505.0,24635.8,25979.52241611481,17.960000000000036,23,4,0
2018-04-28 00:00:00,23912.0,21830.4,24548.04364919663,16.860000000000014,0,4,1
2018-04-28 01:00:00,22710.000000000004,21751.11,23408.664538383488,16.430000000000007,1,4,1
2018-04-28 02:00:00,22195.000000000004,22677.64333333333,22479.554206180575,16.430000000000007,2,4,1
2018-04-28 03:00:00,21763.0,22241.75,22059.644163894656,14.430000000000007,3,4,1
2018-04-28 04:00:00,21609.0,22177.51,22113.72032442093,14.0,4,4,1
2018-04-28 05:00:00,21846.0,23006.79,22602.280988883973,12.860000000000014,5,4,1
2018-04-28 06:00:00,22297.0,23271.54,23571.84772167206,12.430000000000007,6,4,1
2018-04-28 07:00:00,24017.0,24842.62,25022.361922168733,11.430000000000007,7,4,1
2018-04-28 08:00:00,26391.000000000004,24651.39,26729.0682510376,10.740000000000009,8,4,1
2018-04-28 09:00:00,27728.0,26812.26,28267.444309139253,10.740000000000009,9,4,1
2018-04-28 10:00:00,28241.0,30180.19,29261.82596130371,10.980000000000018,10,4,1
2018-04-28 11:00:00,28117.0,29574.385,29631.297964668276,11.57000000000005,11,4,1
2018-04-28 12:00:00,28177.0,30586.4,29459.05610275269,12.78000000000003,12,4,1
2018-04-28 13:00:00,27408.0,29327.32,28942.08146438599,13.57000000000005,13,4,1
2018-04-28 14:00:00,26196.000000000004,27706.59,28304.575124740604,14.78000000000003,14,4,1
2018-04-28 15:00:00,25406.0,28077.49,27735.651039886478,15.57000000000005,15,4,1
2018-04-28 16:00:00,24930.0,29141.62,27384.025365924837,16.78000000000003,16,4,1
2018-04-28 17:00:00,24626.0,30031.52,27367.9199631691,16.79000000000002,17,4,1
2018-04-28 18:00:00,24928.0,32515.74,27772.220266246797,16.200000000000045,18,4,1
2018-04-28 19:00:00,25729.0,28127.41,28545.19658098221,14.79000000000002,19,4,1
2018-04-28 20:00:00,27842.000000000004,28420.4,29264.592398738863,13.79000000000002,20,4,1
2018-04-28 21:00:00,26778.000000000004,28403.46,28939.664188957217,12.980000000000018,21,4,1
2018-04-28 22:00:00,25223.0,25735.15,26907.177499675752,12.270000000000039,22,4,1
2018-04-28 23:00:00,23517.000000000004,25299.86,24558.65280246735,11.960000000000036,23,4,1
2018-04-29 00:00:00,21900.0,22450.34,23160.605687236788,10.29000000000002,0,4,1
2018-04-29 01:00:00,20783.0,22495.85,22062.59616994858,11.430000000000007,1,4,1
2018-04-29 02:00:00,20296.0,21790.9,21195.76120119095,11.0,2,4,1
2018-04-29 03:00:00,20010.0,20370.810000000005,20866.013090705874,10.0,3,4,1
2018-04-29 04:00:00,19893.0,21037.12,21004.91608524323,10.0,4,4,1
2018-04-29 05:00:00,20081.0,20472.49,21515.7962594986,9.57000000000005,5,4,1
2018-04-29 06:00:00,19980.0,23308.61,22388.896610832217,7.0,6,4,1
2018-04-29 07:00:00,21000.000000000004,24882.46,23669.498323917393,6.57000000000005,7,4,1
2018-04-29 08:00:00,23115.0,27676.431333333338,25271.167931175234,5.020000000000039,8,4,1
2018-04-29 09:00:00,24574.0,26161.73,26827.673554992678,4.5,9,4,1
2018-04-29 10:00:00,25404.0,27668.2,27916.790428733828,5.0,10,4,1
2018-04-29 11:00:00,25658.0,28414.78,28357.933427715303,6.0,11,4,1
2018-04-29 12:00:00,25858.0,29182.47,28206.555826950076,6.360000000000014,12,4,1
2018-04-29 13:00:00,25477.0,29530.84,27663.367179489138,7.78000000000003,13,4,1
2018-04-29 14:00:00,24090.0,28389.052000000003,26950.500447082522,9.390000000000043,14,4,1
2018-04-29 15:00:00,23310.0,27009.28,26284.279805374146,10.370000000000005,15,4,1
2018-04-29 16:00:00,22916.0,26373.99,25829.95410938263,10.450000000000045,16,4,1
2018-04-29 17:00:00,22834.0,25343.9,25740.195056819917,11.400000000000034,17,4,1
2018-04-29 18:00:00,23212.0,27467.0,26143.76529388428,9.580000000000041,18,4,1
2018-04-29 19:00:00,24495.0,32143.55,27162.722579574587,10.370000000000005,19,4,1
2018-04-29 20:00:00,27114.0,32508.51,28565.55052843094,10.220000000000027,20,4,1
2018-04-29 21:00:00,26708.0,30946.08,29154.940878582,8.760000000000048,21,4,1
2018-04-29 22:00:00,25007.0,26402.63,27511.498798561097,8.5,22,4,1
2018-04-29 23:00:00,23209.0,23893.37,25101.519146537783,8.660000000000025,23,4,1
2018-04-30 00:00:00,21702.0,22684.36,23709.009789562228,8.430000000000007,0,4,0
2018-04-30 01:00:00,20684.0,25270.31,22626.004471778873,8.0,1,4,0
2018-04-30 02:00:00,20235.0,21670.64,21796.185559082034,6.860000000000014,2,4,0
2018-04-30 03:00:00,20057.0,21868.71,21565.279596710207,6.430000000000007,3,4,0
2018-04-30 04:00:00,20504.0,22177.5,21969.611641788484,6.430000000000007,4,4,0
2018-04-30 05:00:00,22330.0,24041.53,23250.11568717957,6.430000000000007,5,4,0
2018-04-30 06:00:00,23951.0,25783.04,25755.631435871128,5.0,6,4,0
2018-04-30 07:00:00,26140.0,28839.88,28886.19600982666,4.0,7,4,0
2018-04-30 08:00:00,28161.0,31022.82,31308.320639610294,3.2600000000000477,8,4,0
2018-04-30 09:00:00,28900.0,29362.14,32702.70277462006,3.7800000000000296,9,4,0
2018-04-30 10:00:00,29116.0,32636.11,33405.453575611115,5.78000000000003,10,4,0
2018-04-30 11:00:00,29353.0,34219.4,33577.045947360995,7.170000000000016,11,4,0
2018-04-30 12:00:00,29557.999999999996,32707.2,33273.04059934616,8.379999999999995,12,4,0
2018-04-30 13:00:00,28944.999999999996,32865.13,32603.826442813875,9.360000000000014,13,4,0
2018-04-30 14:00:00,27862.0,30689.92,31803.559332656863,10.160000000000025,14,4,0
2018-04-30 15:00:00,27369.0,31508.85,31147.12987728119,9.010000000000048,15,4,0
2018-04-30 16:00:00,27001.0,31899.67,30890.390809822085,8.220000000000027,16,4,0
2018-04-30 17:00:00,26600.0,31693.39,31174.13499469757,8.980000000000018,17,4,0
2018-04-30 18:00:00,26537.0,31298.31,31961.780997085574,9.78000000000003,18,4,0
2018-04-30 19:00:00,27294.000000000004,31778.96,32865.649113750456,10.57000000000005,19,4,0
2018-04-30 20:00:00,29377.0,32867.195,33332.737535667424,9.980000000000018,20,4,0
2018-04-30 21:00:00,27982.0,30270.55,32505.20160531998,9.410000000000025,21,4,0
2018-04-30 22:00:00,25704.0,29266.07,29844.98755426407,8.050000000000011,22,4,0
2018-04-30 23:00:00,26733.0,26809.56,26922.501560878754,7.2900000000000205,23,4,0
2018-05-01 00:00:00,24878.0,24210.07333333333,25221.501467037204,8.0,0,5,0
2018-05-01 01:00:00,23583.999999999996,22991.84,24113.94249095917,7.57000000000005,1,5,0
2018-05-01 02:00:00,23014.0,23508.682666666668,23131.823017787934,6.0,2,5,0
2018-05-01 03:00:00,22802.0,23258.09,22708.44821405411,5.0,3,5,0
2018-05-01 04:00:00,23141.0,22795.03,22951.90203342438,4.0,4,5,0
2018-05-01 05:00:00,24878.0,24269.86,24165.26930589676,3.430000000000007,5,5,0
2018-05-01 06:00:00,27954.0,26558.41,26663.93366584778,3.0,6,5,0
2018-05-01 07:00:00,29972.0,31026.365,29687.085751533512,3.430000000000007,7,5,0
2018-05-01 08:00:00,31666.0,31665.55,31851.846240615847,2.730000000000018,8,5,0
2018-05-01 09:00:00,32685.000000000004,32514.64,33045.408946418764,4.9500000000000455,9,5,0
2018-05-01 10:00:00,32938.0,32634.35,33650.61413793564,6.57000000000005,10,5,0
2018-05-01 11:00:00,32687.999999999996,31486.91,33837.323027038576,8.379999999999995,11,5,0
2018-05-01 12:00:00,32605.0,32087.76,33627.20807504654,9.970000000000027,12,5,0
2018-05-01 13:00:00,31278.0,32001.05,33071.3568110466,10.78000000000003,13,5,0
2018-05-01 14:00:00,30103.000000000004,31514.77,32326.687035751344,12.0,14,5,0
2018-05-01 15:00:00,29527.0,30660.03,31619.824424839022,12.760000000000048,15,5,0
2018-05-01 16:00:00,29577.0,30946.03,31187.871955871586,13.78000000000003,16,5,0
2018-05-01 17:00:00,30530.0,29953.04,31252.78923044205,14.57000000000005,17,5,0
2018-05-01 18:00:00,30552.0,31184.51,31864.823835468294,14.379999999999995,18,5,0
2018-05-01 19:00:00,30691.0,29972.65,32713.070200347902,14.990000000000009,19,5,0
2018-05-01 20:00:00,30420.0,31832.89,33138.06140441895,14.379999999999995,20,5,0
2018-05-01 21:00:00,28961.0,30928.73,32150.460331916813,13.980000000000018,21,5,0
2018-05-01 22:00:00,27068.000000000004,27906.37,29113.639652442933,12.32000000000005,22,5,0
2018-05-01 23:00:00,27141.0,25714.29,26033.046754169467,10.29000000000002,23,5,0
2018-05-02 00:00:00,25150.0,23547.256,24440.316182613376,8.860000000000014,0,5,0
2018-05-02 01:00:00,23959.0,23193.74,23472.763846015932,8.430000000000007,1,5,0
2018-05-02 02:00:00,23602.0,23309.974166666667,22678.788977050783,5.860000000000014,2,5,0
2018-05-02 03:00:00,23523.0,22976.38,22412.563934803013,6.0,3,5,0
2018-05-02 04:00:00,24433.0,23566.14833333333,22792.708575439454,4.860000000000014,4,5,0
2018-05-02 05:00:00,27734.0,25030.74,24073.781535148624,4.0,5,5,0
2018-05-02 06:00:00,32930.0,28554.78,26415.74540500641,4.0,6,5,0
2018-05-02 07:00:00,36421.0,29147.38,29064.312583541872,4.0,7,5,0
2018-05-02 08:00:00,38380.0,30418.31,30994.05774202347,4.260000000000048,8,5,0
2018-05-02 09:00:00,39310.0,32506.36,32079.570677852633,5.710000000000036,9,5,0
2018-05-02 10:00:00,39372.0,31754.78,32586.495310497285,8.170000000000016,10,5,0
2018-05-02 11:00:00,38823.0,32419.67,32617.54631214142,10.350000000000023,11,5,0
2018-05-02 12:00:00,38987.0,30240.73,32245.166253185274,12.350000000000023,12,5,0
2018-05-02 13:00:00,37353.0,30918.09,31596.645439338685,14.180000000000007,13,5,0
2018-05-02 14:00:00,37003.0,27686.55,30850.229854011537,15.590000000000032,14,5,0
2018-05-02 15:00:00,37051.0,27560.4,30233.72206859589,15.379999999999995,15,5,0
2018-05-02 16:00:00,37064.0,30300.34,29953.41334486008,16.600000000000023,16,5,0
2018-05-02 17:00:00,37525.0,29381.395833333336,30162.62975406647,17.189999999999998,17,5,0
2018-05-02 18:00:00,39542.0,29573.38,30862.83142824173,17.400000000000034,18,5,0
2018-05-02 19:00:00,40068.0,29891.89,31757.237987041477,17.510000000000048,19,5,0
2018-05-02 20:00:00,38954.0,31346.84,32219.65789318085,17.260000000000048,20,5,0
2018-05-02 21:00:00,35865.0,31557.24,31201.87017812729,14.715000000000032,21,5,0
2018-05-02 22:00:00,32174.0,29262.11,28315.20869493485,10.938000000000045,22,5,0
2018-05-02 23:00:00,25638.0,25777.79,25630.81212282181,10.938000000000045,23,5,0
2018-05-03 00:00:00,23896.0,24441.9,24238.910747241975,10.938000000000045,0,5,0
2018-05-03 01:00:00,22647.000000000004,23154.45,23281.681885910035,7.263000000000034,1,5,0
2018-05-03 02:00:00,22360.0,22969.221666666668,22510.990995216373,7.263000000000034,2,5,0
2018-05-03 03:00:00,22442.0,23064.34166666667,22267.48345861435,7.263000000000034,3,5,0
2018-05-03 04:00:00,23273.0,22786.67,22658.085867595673,6.605000000000018,4,5,0
2018-05-03 05:00:00,26620.999999999996,23953.9,23875.018010902408,6.605000000000018,5,5,0
2018-05-03 06:00:00,31183.0,26327.84,26049.642937088014,6.605000000000018,6,5,0
2018-05-03 07:00:00,34231.0,27186.083333333336,28549.706386756898,4.640000000000043,7,5,0
2018-05-03 08:00:00,35881.0,29402.8,30443.827253818516,4.640000000000043,8,5,0
2018-05-03 09:00:00,36663.0,30533.19,31546.158566570284,5.218000000000018,9,5,0
2018-05-03 10:00:00,36749.0,31434.88,32046.16100139618,15.922000000000025,10,5,0
2018-05-03 11:00:00,36215.0,31633.2,32037.18045692444,15.922000000000025,11,5,0
2018-05-03 12:00:00,36104.0,31688.42,31637.065214538576,15.922000000000025,12,5,0
2018-05-03 13:00:00,34904.0,31358.94,31004.58876113892,15.699000000000012,13,5,0
2018-05-03 14:00:00,34163.0,28972.4,30339.317937755586,15.699000000000012,14,5,0
2018-05-03 15:00:00,33715.0,27969.75,29828.6892578125,15.699000000000012,15,5,0
2018-05-03 16:00:00,33660.0,28875.82,29618.16410150528,17.04600000000005,16,5,0
2018-05-03 17:00:00,33738.0,29021.09,29859.72316761017,17.04600000000005,17,5,0
2018-05-03 18:00:00,36017.0,29136.63,30545.953478145602,18.189999999999998,18,5,0
2018-05-03 19:00:00,37131.0,29874.22,31408.762096214297,17.379999999999995,19,5,0
2018-05-03 20:00:00,36192.0,31398.62,31831.614377784732,15.980000000000018,20,5,0
2018-05-03 21:00:00,33508.0,30945.21,30800.15074386597,14.79000000000002,21,5,0
2018-05-03 22:00:00,30346.0,27324.11,28005.15283327103,14.020000000000039,22,5,0
2018-05-03 23:00:00,26548.0,27212.01,25466.49599428177,12.78000000000003,23,5,0
2018-05-04 00:00:00,24772.0,24199.97,24142.35158147812,11.660000000000025,0,5,0
2018-05-04 01:00:00,23642.0,23208.875,23175.53419427872,10.0,1,5,0
2018-05-04 02:00:00,23244.0,22202.17,22408.325156879426,10.0,2,5,0
2018-05-04 03:00:00,23138.0,22581.165,22192.35746831894,8.57000000000005,3,5,0
2018-05-04 04:00:00,23626.0,22796.68,22582.80605068207,7.57000000000005,4,5,0
2018-05-04 05:00:00,26035.000000000004,24290.2,23739.267241191865,7.140000000000043,5,5,0
2018-05-04 06:00:00,29629.0,27543.45,25809.10694007874,6.57000000000005,6,5,0
2018-05-04 07:00:00,31593.0,30185.7,28260.680821323396,6.0,7,5,0
2018-05-04 08:00:00,32835.0,30534.26,30159.30905246735,6.5,8,5,0
2018-05-04 09:00:00,33051.0,29483.43,31273.563148975376,7.57000000000005,9,5,0
2018-05-04 10:00:00,32809.0,32691.29,31763.725563621523,9.379999999999995,10,5,0
2018-05-04 11:00:00,32699.0,32568.33,31879.471547889712,11.170000000000016,11,5,0
2018-05-04 12:00:00,32407.0,32039.22,31584.56394557953,12.580000000000041,12,5,0
2018-05-04 13:00:00,31444.0,30286.94,31008.309900283817,14.370000000000005,13,5,0
2018-05-04 14:00:00,30678.0,30538.64,30321.879370975497,15.980000000000018,14,5,0
2018-05-04 15:00:00,30395.999999999996,29414.14,29729.576081848147,17.170000000000016,15,5,0
2018-05-04 16:00:00,29929.0,29010.375000000004,29430.75688838959,18.0,16,5,0
2018-05-04 17:00:00,29482.0,29602.38,29602.236942291263,18.980000000000018,17,5,0
2018-05-04 18:00:00,29549.0,29248.89,30237.8314368248,19.99000000000001,18,5,0
2018-05-04 19:00:00,31202.000000000004,30168.51,31098.44253177643,20.189999999999998,19,5,0
2018-05-04 20:00:00,33185.0,30450.79,31495.857262420657,19.980000000000018,20,5,0
2018-05-04 21:00:00,30762.0,30272.0,30393.31596412659,19.79000000000002,21,5,0
2018-05-04 22:00:00,28457.000000000004,26958.99,27706.883020591737,17.52000000000004,22,5,0
2018-05-04 23:00:00,26099.000000000004,25258.86,25388.789135169984,15.990000000000009,23,5,0
2018-05-05 00:00:00,24450.0,23757.52,24141.02085914612,14.980000000000018,0,5,1
2018-05-05 01:00:00,23079.0,22910.47,23218.312644290927,13.0,1,5,1
2018-05-05 02:00:00,22503.0,23284.28,22453.293804931644,12.0,2,5,1
2018-05-05 03:00:00,22162.999999999996,21408.13,22154.416010856632,11.0,3,5,1
2018-05-05 04:00:00,21933.0,21781.29,22303.002757263184,10.57000000000005,4,5,1
2018-05-05 05:00:00,22360.0,21878.39,22893.26967496872,10.0,5,5,1
2018-05-05 06:00:00,22916.0,22185.42,23998.23557376862,9.0,6,5,1
2018-05-05 07:00:00,24870.0,24139.98,25602.918229389194,8.57000000000005,7,5,1
2018-05-05 08:00:00,27051.0,26293.93,27379.767054462434,8.760000000000048,8,5,1
2018-05-05 09:00:00,28408.0,27559.49,28818.944477367404,9.970000000000027,9,5,1
2018-05-05 10:00:00,28673.0,29588.04,29631.459116363527,11.57000000000005,10,5,1
2018-05-05 11:00:00,28435.0,29166.84,29799.79915390015,14.370000000000005,11,5,1
2018-05-05 12:00:00,28397.0,32719.63,29437.283532047273,16.180000000000007,12,5,1
2018-05-05 13:00:00,27736.0,27559.05,28760.299910449983,17.370000000000005,13,5,1
2018-05-05 14:00:00,26467.0,26604.53,28012.863697719575,19.450000000000045,14,5,1
2018-05-05 15:00:00,25650.999999999996,29980.67,27382.98520498276,20.57000000000005,15,5,1
2018-05-05 16:00:00,25165.999999999996,26236.13,27008.456456756594,21.760000000000048,16,5,1
2018-05-05 17:00:00,24870.0,26388.49,26983.648862457278,22.980000000000018,17,5,1
2018-05-05 18:00:00,25055.0,28089.23,27357.73810606003,23.170000000000016,18,5,1
2018-05-05 19:00:00,25665.0,29925.86,28072.804803276063,22.970000000000027,19,5,1
2018-05-05 20:00:00,27547.0,29196.02,28768.406329059602,23.600000000000023,20,5,1
2018-05-05 21:00:00,27152.0,27563.44,28448.24674444199,22.840000000000032,21,5,1
2018-05-05 22:00:00,25448.0,25809.05,26248.621330261234,21.57000000000005,22,5,1
2018-05-05 23:00:00,25135.999999999996,24887.25,23893.115834617616,20.02000000000004,23,5,1
2018-05-06 00:00:00,23802.0,23181.43,22653.64442920685,16.57000000000005,0,5,1
2018-05-06 01:00:00,22976.0,21180.92,21755.140710639957,16.0,1,5,1
2018-05-06 02:00:00,22591.0,21015.38,21096.809176921848,15.510000000000048,2,5,1
2018-05-06 03:00:00,22447.0,21007.18,20898.5999168396,15.57000000000005,3,5,1
2018-05-06 04:00:00,22823.0,20834.29,21119.792827033998,14.57000000000005,4,5,1
2018-05-06 05:00:00,24577.0,23211.49,21707.757228851322,14.0,5,5,1
2018-05-06 06:00:00,27168.999999999996,21229.92,22671.690977382663,12.57000000000005,6,5,1
2018-05-06 07:00:00,29491.000000000004,21535.31,23993.27893829346,12.510000000000048,7,5,1
2018-05-06 08:00:00,30776.0,27658.04,25498.164744091035,11.710000000000036,8,5,1
2018-05-06 09:00:00,31424.0,25123.49,26846.32808456421,12.900000000000034,9,5,1
2018-05-06 10:00:00,32048.0,30129.46,27729.287989616398,14.370000000000005,10,5,1
2018-05-06 11:00:00,19964.0,25639.59,28035.78386383057,16.370000000000005,11,5,1
2018-05-06 12:00:00,32090.0,27601.6,27845.524754047397,17.74000000000001,12,5,1
2018-05-06 13:00:00,31028.0,26499.66,27354.90574293137,18.78000000000003,13,5,1
2018-05-06 14:00:00,30609.0,24180.22,26783.95749511719,19.970000000000027,14,5,1
2018-05-06 15:00:00,30255.0,23686.2,26308.696728897095,21.189999999999998,15,5,1
2018-05-06 16:00:00,30232.000000000004,24501.06466666667,26045.494501781464,21.210000000000036,16,5,1
2018-05-06 17:00:00,29679.0,26411.61,26070.455922698977,22.379999999999995,17,5,1
2018-05-06 18:00:00,29614.0,28005.02,26426.921030902864,23.0,18,5,1
2018-05-06 19:00:00,29943.999999999996,28222.63,27109.317884445194,23.200000000000045,19,5,1
2018-05-06 20:00:00,30402.0,28087.65,27896.807618522645,22.379999999999995,20,5,1
2018-05-06 21:00:00,29344.0,28005.76,27890.254116249085,21.410000000000025,21,5,1
2018-05-06 22:00:00,26876.999999999996,28380.58,26092.848683261873,19.79000000000002,22,5,1
2018-05-06 23:00:00,28100.000000000004,25381.29,23983.758779811862,17.04000000000002,23,5,1
2018-05-07 00:00:00,26396.0,21813.159642857147,22749.119483566286,16.0,0,5,0
2018-05-07 01:00:00,25306.0,23445.74,21851.41175670624,16.430000000000007,1,5,0
2018-05-07 02:00:00,24776.000000000004,21282.78,21275.475131416322,14.0,2,5,0
2018-05-07 03:00:00,24535.0,20915.18,21241.704084491732,13.57000000000005,3,5,0
2018-05-07 04:00:00,24883.0,21523.6,21828.076502895357,13.0,4,5,0
2018-05-07 05:00:00,26324.0,23652.03,23257.101368999483,12.430000000000007,5,5,0
2018-05-07 06:00:00,28427.999999999996,25895.8,25535.732622623447,12.0,6,5,0
2018-05-07 07:00:00,30653.999999999996,28956.21,28020.164357852937,11.430000000000007,7,5,0
2018-05-07 08:00:00,32757.0,27801.95,29962.68200902939,11.240000000000009,8,5,0
2018-05-07 09:00:00,33818.0,30341.83,31157.922157478333,12.400000000000034,9,5,0
2018-05-07 10:00:00,34561.0,30302.2,31717.308992004397,13.950000000000045,10,5,0
2018-05-07 11:00:00,35386.0,31773.5,31748.61637134552,15.0,11,5,0
2018-05-07 12:00:00,35699.0,31309.98,31379.65468168259,15.78000000000003,12,5,0
2018-05-07 13:00:00,35031.0,30012.25,30798.36342506409,17.0,13,5,0
2018-05-07 14:00:00,34206.0,28935.52,30211.77369604111,18.379999999999995,14,5,0
2018-05-07 15:00:00,33887.0,30490.41,29797.359903240205,19.360000000000014,15,5,0
2018-05-07 16:00:00,33815.0,27758.91,29673.463549900058,21.160000000000025,16,5,0
2018-05-07 17:00:00,33419.0,30415.46,29872.463918304446,21.590000000000032,17,5,0
2018-05-07 18:00:00,33014.0,29062.41,30322.023430824283,21.970000000000027,18,5,0
2018-05-07 19:00:00,32418.0,31571.88,30787.058389472964,23.0,19,5,0
2018-05-07 20:00:00,32073.000000000004,30988.64,30808.882235717774,23.0,20,5,0
2018-05-07 21:00:00,31556.000000000004,29939.38,29733.58045730591,22.087000000000046,21,5,0
2018-05-07 22:00:00,29356.0,27280.7,27478.98766489029,17.762000000000114,22,5,0
2018-05-07 23:00:00,28533.0,24920.75,25325.959507560732,17.762000000000114,23,5,0
2018-05-08 00:00:00,26831.0,23936.99,24079.744147872927,16.260000000000048,0,5,0
2018-05-08 01:00:00,25326.000000000004,23759.96,23108.224061203004,15.520000000000039,1,5,0
2018-05-08 02:00:00,24445.0,22309.94,22362.743644046786,14.57000000000005,2,5,0
2018-05-08 03:00:00,23708.0,22309.65,22168.328773880006,14.0,3,5,0
2018-05-08 04:00:00,23309.0,21867.73,22662.034084129336,13.0,4,5,0
2018-05-08 05:00:00,23267.0,24426.34,24031.630600070956,12.0,5,5,0
2018-05-08 06:00:00,22708.0,26245.96,26205.86729717255,11.430000000000007,6,5,0
2018-05-08 07:00:00,23471.0,28397.28,28555.38820486069,10.430000000000007,7,5,0
2018-05-08 08:00:00,25219.0,30531.363333333335,30391.343076705936,10.970000000000027,8,5,0
2018-05-08 09:00:00,26863.0,29352.19,31533.79139480591,11.990000000000009,9,5,0
2018-05-08 10:00:00,28368.0,30861.89,32084.839849948887,13.189999999999998,10,5,0
2018-05-08 11:00:00,29402.0,31639.29,32147.950272178652,15.78000000000003,11,5,0
2018-05-08 12:00:00,30512.0,31056.33,31826.335438919068,18.78000000000003,12,5,0
2018-05-08 13:00:00,31091.0,29034.38,31278.439208602907,20.57000000000005,13,5,0
2018-05-08 14:00:00,30923.0,29466.01,30699.08421401978,22.360000000000014,14,5,0
2018-05-08 15:00:00,30506.0,30013.58,30260.978680324555,23.350000000000023,15,5,0
2018-05-08 16:00:00,30135.000000000004,28149.99,30095.151144218446,23.629999999999995,16,5,0
2018-05-08 17:00:00,29847.999999999996,30010.97,30252.733085250857,23.33000000000004,17,5,0
2018-05-08 18:00:00,29787.0,29381.52,30679.311389350893,21.970000000000027,18,5,0
2018-05-08 19:00:00,29999.0,29691.22,31127.918641853335,22.170000000000016,19,5,0
2018-05-08 20:00:00,31250.0,30185.17,31080.349591445924,21.760000000000048,20,5,0
2018-05-08 21:00:00,32002.0,28942.62,29855.706583690644,21.0,21,5,0
2018-05-08 22:00:00,30528.0,26529.46,27499.27568664551,19.55000000000001,22,5,0
2018-05-08 23:00:00,28006.000000000004,25176.98,25396.565925312043,17.77000000000004,23,5,0
2018-05-09 00:00:00,26591.0,24043.71,24214.586608028414,16.430000000000007,0,5,0
2018-05-09 01:00:00,25526.0,23378.07,23222.44398775101,15.430000000000007,1,5,0
2018-05-09 02:00:00,25113.0,22498.621,22456.743916225434,15.0,2,5,0
2018-05-09 03:00:00,24767.0,22319.07,22243.515806484225,14.0,3,5,0
2018-05-09 04:00:00,25049.0,22329.84,22702.163297939303,12.430000000000007,4,5,0
2018-05-09 05:00:00,26996.0,24616.88,24004.669433116916,12.0,5,5,0
2018-05-09 06:00:00,29471.0,26263.82,26117.512217712403,12.0,6,5,0
2018-05-09 07:00:00,31160.0,31071.25,28453.78206100464,11.0,7,5,0
2018-05-09 08:00:00,33056.0,30636.8,30307.641862869266,11.730000000000018,8,5,0
2018-05-09 09:00:00,34208.0,30813.67,31465.65596971512,13.44500000000005,9,5,0
2018-05-09 10:00:00,34978.0,32048.17,32022.960040664675,15.160000000000025,10,5,0
2018-05-09 11:00:00,35601.0,32140.99,32088.167876625062,16.970000000000027,11,5,0
2018-05-09 12:00:00,35998.0,30138.23,31764.213902091982,18.55000000000001,12,5,0
2018-05-09 13:00:00,35190.0,30743.83083333333,31208.548206710817,19.74000000000001,13,5,0
2018-05-09 14:00:00,34592.0,29735.74,30621.399330139164,21.55000000000001,14,5,0
2018-05-09 15:00:00,34392.0,30042.14,30174.76740674973,22.77000000000004,15,5,0
2018-05-09 16:00:00,34133.0,28454.12,30001.170405578614,23.710000000000036,16,5,0
2018-05-09 17:00:00,33315.0,27704.72,30160.12701940537,24.980000000000018,17,5,0
2018-05-09 18:00:00,32587.0,30555.01,30594.1988773346,24.79000000000002,18,5,0
2018-05-09 19:00:00,32921.0,30047.09,31062.38361911774,25.170000000000016,19,5,0
2018-05-09 20:00:00,33752.0,30393.86666666667,31031.567019939426,24.78000000000003,20,5,0
2018-05-09 21:00:00,31260.0,29692.5825,29805.893618011476,23.79000000000002,21,5,0
2018-05-09 22:00:00,28883.0,29197.12,27483.204467582706,22.55000000000001,22,5,0
2018-05-09 23:00:00,25691.0,25897.035,25430.432198238374,20.650000000000034,23,5,0
2018-05-10 00:00:00,24482.0,25308.55,24262.924791526795,20.0,0,5,0
2018-05-10 01:00:00,23506.0,23931.64,23305.051323413853,19.0,1,5,0
2018-05-10 02:00:00,23203.0,23102.4,22584.866839027407,18.0,2,5,0
2018-05-10 03:00:00,23149.0,22921.47,22410.969509696963,17.430000000000007,3,5,0
2018-05-10 04:00:00,23387.000000000004,23534.29,22897.349742889408,16.0,4,5,0
2018-05-10 05:00:00,25439.0,25284.16,24195.946728610994,15.430000000000007,5,5,0
2018-05-10 06:00:00,28856.0,26420.54,26258.900855064396,15.0,6,5,0
2018-05-10 07:00:00,30155.0,29313.55,28554.39687776566,14.0,7,5,0
2018-05-10 08:00:00,31058.0,30335.09,30423.136352825168,13.760000000000048,8,5,0
2018-05-10 09:00:00,31600.0,31301.14,31626.224100494386,13.189999999999998,9,5,0
2018-05-10 10:00:00,32212.0,30655.37,32240.778532028202,13.970000000000027,10,5,0
2018-05-10 11:00:00,32845.0,32283.75,32377.82584037781,15.370000000000005,11,5,0
2018-05-10 12:00:00,32841.0,31765.88,32139.66805171967,16.970000000000027,12,5,0
2018-05-10 13:00:00,31848.999999999996,30327.194166666668,31667.08093862534,18.760000000000048,13,5,0
2018-05-10 14:00:00,31119.0,30496.15,31137.697619724277,19.560000000000002,14,5,0
2018-05-10 15:00:00,30858.0,29097.79,30716.849967575075,20.57000000000005,15,5,0
2018-05-10 16:00:00,30713.0,30233.25,30537.722533226017,21.57000000000005,16,5,0
2018-05-10 17:00:00,30238.0,30411.84,30657.44115095139,22.78000000000003,17,5,0
2018-05-10 18:00:00,30420.0,30246.5,31000.491601371767,22.77000000000004,18,5,0
2018-05-10 19:00:00,32023.0,29555.22,31328.36449213028,24.0,19,5,0
2018-05-10 20:00:00,31121.0,30829.04,31115.53681993485,23.189999999999998,20,5,0
2018-05-10 21:00:00,28554.999999999996,29235.19,29807.58815250397,22.600000000000023,21,5,0
2018-05-10 22:00:00,26488.000000000004,28105.14,27588.912654590607,20.79000000000002,22,5,0
2018-05-10 23:00:00,23818.0,26185.52,25554.135657882693,19.0,23,5,0
2018-05-11 00:00:00,22249.0,23964.05,24285.332202243808,17.430000000000007,0,5,0
2018-05-11 01:00:00,21324.999999999996,22962.97,23237.416445255283,16.0,1,5,0
2018-05-11 02:00:00,20974.0,22983.805833333332,22466.84275579453,16.0,2,5,0
2018-05-11 03:00:00,20998.000000000004,22491.33,22265.007582569124,13.860000000000014,3,5,0
2018-05-11 04:00:00,21781.0,21967.096666666668,22700.930243301395,12.430000000000007,4,5,0
2018-05-11 05:00:00,24949.0,24147.65,23920.12339372635,11.430000000000007,5,5,0
2018-05-11 06:00:00,28973.000000000004,29569.51,25944.196011161806,10.430000000000007,6,5,0
2018-05-11 07:00:00,31505.0,29461.02,28252.486501789095,10.0,7,5,0
2018-05-11 08:00:00,32937.0,27563.01666666667,30101.58256187439,11.210000000000036,8,5,0
2018-05-11 09:00:00,33646.0,33433.87,31240.241373443605,12.379999999999995,9,5,0
2018-05-11 10:00:00,33796.0,31399.41,31771.21179237366,14.379999999999995,10,5,0
2018-05-11 11:00:00,34151.0,31399.86,31810.894176483158,16.170000000000016,11,5,0
2018-05-11 12:00:00,34259.0,33097.87,31465.57783555985,18.350000000000023,12,5,0
2018-05-11 13:00:00,33173.0,30318.675,30889.858520889284,19.350000000000023,13,5,0
2018-05-11 14:00:00,32772.0,29839.94,30283.014953804017,20.760000000000048,14,5,0
2018-05-11 15:00:00,32560.999999999996,28939.77,29826.57963562012,21.970000000000027,15,5,0
2018-05-11 16:00:00,32847.0,32704.38,29657.43383960724,22.78000000000003,16,5,0
2018-05-11 17:00:00,34373.0,30422.77,29840.56076602936,23.360000000000014,17,5,0
2018-05-11 18:00:00,35228.0,30968.46,30313.628892517092,23.760000000000048,18,5,0
2018-05-11 19:00:00,35254.0,29850.64,30809.883329582215,23.760000000000048,19,5,0
2018-05-11 20:00:00,34100.0,31783.73,30767.153713417054,23.379999999999995,20,5,0
2018-05-11 21:00:00,31441.0,29102.67,29494.55342617035,22.379999999999995,21,5,0
2018-05-11 22:00:00,28403.0,27635.36,27235.060157203676,21.730000000000018,22,5,0
2018-05-11 23:00:00,26682.999999999996,25272.906428571427,25289.82734413147,20.32000000000005,23,5,0
2018-05-12 00:00:00,24939.000000000004,25203.84,24138.181170940403,20.0,0,5,1
2018-05-12 01:00:00,23847.0,23329.61,23155.485458374027,18.860000000000014,1,5,1
2018-05-12 02:00:00,23483.0,22913.05,22379.425286197664,17.860000000000014,2,5,1
2018-05-12 03:00:00,23431.0,22680.68,22080.320414733887,16.860000000000014,3,5,1
2018-05-12 04:00:00,24136.0,22988.13,22239.162269020082,15.720000000000027,4,5,1
2018-05-12 05:00:00,26885.0,25166.66,22841.005250167847,14.430000000000007,5,5,1
2018-05-12 06:00:00,31544.0,24611.31,23926.381451225283,15.430000000000007,6,5,1
2018-05-12 07:00:00,33705.0,28712.23,25454.82226314545,14.430000000000007,7,5,1
2018-05-12 08:00:00,34430.0,27114.52,27158.742621040346,13.0,8,5,1
2018-05-12 09:00:00,34545.0,28494.21,28625.66499414444,13.480000000000018,9,5,1
2018-05-12 10:00:00,34203.0,28842.61,29555.31738204956,14.360000000000014,10,5,1
2018-05-12 11:00:00,33689.0,28453.03,29876.763738536836,15.970000000000027,11,5,1
2018-05-12 12:00:00,33474.0,28225.85,29672.152361106873,17.180000000000007,12,5,1
2018-05-12 13:00:00,32501.0,27329.66,29135.92497854233,17.99000000000001,13,5,1
2018-05-12 14:00:00,32084.0,25799.19,28496.470168399814,18.980000000000018,14,5,1
2018-05-12 15:00:00,31853.0,26547.66,27943.421967220307,18.78000000000003,15,5,1
2018-05-12 16:00:00,32368.0,25650.18,27615.536868000032,18.78000000000003,16,5,1
2018-05-12 17:00:00,33977.0,26238.18,27600.791487884522,18.379999999999995,17,5,1
2018-05-12 18:00:00,34127.0,27032.51,27932.26343317032,17.390000000000043,18,5,1
2018-05-12 19:00:00,34163.0,26442.283333333336,28523.01136426926,17.210000000000036,19,5,1
2018-05-12 20:00:00,33340.0,29495.69,28989.77015771866,16.0,20,5,1
2018-05-12 21:00:00,31163.0,30581.73,28450.55658540726,15.189999999999998,21,5,1
2018-05-12 22:00:00,28616.0,28474.87,26350.432576274874,14.730000000000018,22,5,1
2018-05-12 23:00:00,23487.999999999996,24798.51,24115.20972929001,13.660000000000025,23,5,1
2018-05-13 00:00:00,22142.0,24440.36,22805.454209518433,12.0,0,5,1
2018-05-13 01:00:00,21073.0,22206.88,21736.285962295533,11.57000000000005,1,5,1
2018-05-13 02:00:00,20598.0,22109.49,20922.638378047945,9.57000000000005,2,5,1
2018-05-13 03:00:00,20250.0,23061.65,20615.412437820436,8.57000000000005,3,5,1
2018-05-13 04:00:00,20047.0,21832.119999999995,20759.833657073978,7.430000000000007,4,5,1
2018-05-13 05:00:00,19982.0,23128.71,21268.125637435915,7.0,5,5,1
2018-05-13 06:00:00,19803.0,23815.94,22130.968439197542,6.57000000000005,6,5,1
2018-05-13 07:00:00,20966.000000000004,27047.291333333338,23371.2285112381,5.2900000000000205,7,5,1
2018-05-13 08:00:00,22760.0,29204.31466666667,24859.1665304184,4.970000000000027,8,5,1
2018-05-13 09:00:00,24392.999999999996,30050.685,26241.47938013077,7.470000000000027,9,5,1
2018-05-13 10:00:00,25246.0,29802.71,27164.700350379946,8.57000000000005,10,5,1
2018-05-13 11:00:00,25582.000000000004,32266.11,27494.65600471497,10.160000000000025,11,5,1
2018-05-13 12:00:00,25815.0,32114.59,27316.971610546116,11.950000000000045,12,5,1
2018-05-13 13:00:00,25573.0,32374.88,26828.59163131714,12.970000000000027,13,5,1
2018-05-13 14:00:00,24228.000000000004,28329.32,26247.676395320894,13.740000000000009,14,5,1
2018-05-13 15:00:00,23483.0,24875.35,25756.04896526337,14.970000000000027,15,5,1
2018-05-13 16:00:00,23114.0,24022.17,25471.545414066317,15.57000000000005,16,5,1
2018-05-13 17:00:00,23155.0,25308.83,25497.55432100296,16.379999999999995,17,5,1
2018-05-13 18:00:00,23691.0,26624.42,25913.960534763337,16.57000000000005,18,5,1
2018-05-13 19:00:00,24921.0,27224.63,26764.84881076813,17.189999999999998,19,5,1
2018-05-13 20:00:00,27145.0,28396.28,27900.826644134522,17.0,20,5,1
2018-05-13 21:00:00,27172.0,28871.5,28324.96569757462,15.379999999999995,21,5,1
2018-05-13 22:00:00,25316.0,27195.99,26519.44896259308,14.53000000000003,22,5,1
2018-05-13 23:00:00,23417.0,25723.09,24163.10840816498,13.610000000000014,23,5,1
2018-05-14 00:00:00,21946.0,21855.42,22891.687458324435,13.29000000000002,0,5,0
2018-05-14 01:00:00,21257.000000000004,21074.88,21984.532823753358,13.860000000000014,1,5,0
2018-05-14 02:00:00,20960.0,20839.26,21391.62155323029,13.430000000000007,2,5,0
2018-05-14 03:00:00,20949.0,20896.34,21367.522049713138,12.430000000000007,3,5,0
2018-05-14 04:00:00,21595.0,21848.97,21960.631097316746,11.57000000000005,4,5,0
2018-05-14 05:00:00,23986.0,24879.88,23405.929842948917,10.860000000000014,5,5,0
2018-05-14 06:00:00,26784.0,25096.0,25806.82151603699,11.430000000000007,6,5,0
2018-05-14 07:00:00,29271.0,30986.153333333335,28457.34449014664,11.0,7,5,0
2018-05-14 08:00:00,30627.0,30014.8325,30448.515303134922,10.760000000000048,8,5,0
2018-05-14 09:00:00,31331.000000000004,33120.74,31621.49210071564,11.0,9,5,0
2018-05-14 10:00:00,31514.0,31436.81,32178.69606227875,11.360000000000014,10,5,0
2018-05-14 11:00:00,31723.0,31591.03,32219.240363788605,12.970000000000027,11,5,0
2018-05-14 12:00:00,31628.0,32404.85,31833.14776058197,14.57000000000005,12,5,0
2018-05-14 13:00:00,30734.0,31507.25,31186.265322303774,15.57000000000005,13,5,0
2018-05-14 14:00:00,29980.0,30356.95,30488.48580694199,16.55000000000001,14,5,0
2018-05-14 15:00:00,29598.0,29974.45,29943.52204914093,16.57000000000005,15,5,0
2018-05-14 16:00:00,29422.0,29964.11,29715.91969652176,16.970000000000027,16,5,0
2018-05-14 17:00:00,28956.0,30741.61,29868.11770591736,17.379999999999995,17,5,0
2018-05-14 18:00:00,28989.0,30289.87,30339.25689544678,18.170000000000016,18,5,0
2018-05-14 19:00:00,29500.0,30751.81,30873.484531974795,19.0,19,5,0
2018-05-14 20:00:00,30870.0,31314.69,30978.621362972262,19.0,20,5,0
2018-05-14 21:00:00,29537.0,29574.61,29904.616123199467,18.0,21,5,0
2018-05-14 22:00:00,26959.0,27345.2,27493.022512531283,16.52000000000004,22,5,0
2018-05-14 23:00:00,25520.999999999996,26873.73,25222.483027362825,15.28000000000003,23,5,0
2018-05-15 00:00:00,24105.0,23587.16,23940.303981018067,14.57000000000005,0,5,0
2018-05-15 01:00:00,23214.0,22857.74,22955.908850574495,13.0,1,5,0
2018-05-15 02:00:00,22721.0,22698.68,22205.215420246128,12.0,2,5,0
2018-05-15 03:00:00,22631.0,22897.55,22002.847958087925,10.0,3,5,0
2018-05-15 04:00:00,23053.0,22939.875,22463.727156352998,9.0,4,5,0
2018-05-15 05:00:00,24656.0,24758.554,23804.274858379365,8.0,5,5,0
2018-05-15 06:00:00,26783.0,26287.09,26027.320985603335,7.430000000000007,6,5,0
2018-05-15 07:00:00,29045.0,28041.35416666667,28467.169860172275,7.0,7,5,0
2018-05-15 08:00:00,30278.0,31214.64,30340.763419628147,6.710000000000036,8,5,0
2018-05-15 09:00:00,30978.999999999996,30689.8,31481.165599536896,8.950000000000045,9,5,0
2018-05-15 10:00:00,31215.0,31385.37,32015.346843910218,10.78000000000003,10,5,0
2018-05-15 11:00:00,31446.0,31129.23,32047.494165420536,12.760000000000048,11,5,0
2018-05-15 12:00:00,31419.0,31838.69,31685.835577583315,14.350000000000023,12,5,0
2018-05-15 13:00:00,30497.0,31941.47,31094.999745559693,16.57000000000005,13,5,0
2018-05-15 14:00:00,29801.0,30057.23,30460.62365550995,17.970000000000027,14,5,0
2018-05-15 15:00:00,29388.0,29456.23,29965.814700317384,19.950000000000045,15,5,0
2018-05-15 16:00:00,29264.000000000004,28038.84,29746.98779001236,20.760000000000048,16,5,0
2018-05-15 17:00:00,28837.0,28317.9,29900.30165281296,21.760000000000048,17,5,0
2018-05-15 18:00:00,28786.0,29926.22,30388.87696743012,22.360000000000014,18,5,0
2018-05-15 19:00:00,29538.0,29427.72,30965.67062673569,22.57000000000005,19,5,0
2018-05-15 20:00:00,31181.0,31207.5,31078.806441879275,22.78000000000003,20,5,0
2018-05-15 21:00:00,30012.0,29595.44523809523,29877.72576532364,21.49000000000001,21,5,0
2018-05-15 22:00:00,27313.0,26434.09,27302.026011657716,20.260000000000048,22,5,0
2018-05-15 23:00:00,25822.0,25125.79,25086.961776733402,19.04000000000002,23,5,0
2018-05-16 00:00:00,24383.0,23726.67,23944.269289398195,17.0,0,5,0
2018-05-16 01:00:00,23435.0,23208.71,23042.97715816498,15.57000000000005,1,5,0
2018-05-16 02:00:00,23139.0,22287.44,22365.2561454773,14.0,2,5,0
2018-05-16 03:00:00,22970.999999999996,21753.02,22216.532664299015,13.0,3,5,0
2018-05-16 04:00:00,23365.0,22509.08,22719.58721456528,12.0,4,5,0
2018-05-16 05:00:00,25295.999999999996,24440.94,24068.231568431856,11.430000000000007,5,5,0
2018-05-16 06:00:00,27979.0,26920.19,26224.63902797699,11.0,6,5,0
2018-05-16 07:00:00,30238.0,31071.25,28560.08357925415,11.0,7,5,0
2018-05-16 08:00:00,31067.0,30222.11,30363.566384506226,10.730000000000018,8,5,0
2018-05-16 09:00:00,31525.000000000004,30887.85,31469.26234931946,12.180000000000007,9,5,0
2018-05-16 10:00:00,31972.0,29572.66,31990.966545772553,13.580000000000041,10,5,0
2018-05-16 11:00:00,32258.0,32216.83,32031.493755435946,15.760000000000048,11,5,0
2018-05-16 12:00:00,32285.0,32557.81,31692.779750633243,18.160000000000025,12,5,0
2018-05-16 13:00:00,31231.0,30570.69083333333,31133.090146255494,19.760000000000048,13,5,0
2018-05-16 14:00:00,30596.0,30200.98,30545.875343990327,20.78000000000003,14,5,0
2018-05-16 15:00:00,30327.0,31080.67,30109.979541873934,21.760000000000048,15,5,0
2018-05-16 16:00:00,30121.0,30415.4,29950.27577018738,22.560000000000002,16,5,0
2018-05-16 17:00:00,29648.0,28350.68,30125.589281082157,24.0,17,5,0
2018-05-16 18:00:00,29505.0,29016.16,30566.45636882782,23.760000000000048,18,5,0
2018-05-16 19:00:00,30045.0,29969.26,31023.685237026217,24.379999999999995,19,5,0
2018-05-16 20:00:00,31200.000000000004,30377.75,30968.854593563083,23.980000000000018,20,5,0
2018-05-16 21:00:00,29758.0,30643.69,29713.45114555359,23.590000000000032,21,5,0
2018-05-16 22:00:00,27376.0,29197.12,27365.214568042757,22.55000000000001,22,5,0
2018-05-16 23:00:00,25849.0,25790.7,25314.76434812546,20.53000000000003,23,5,0
2018-05-17 00:00:00,24521.999999999996,23667.53,24158.874513626102,19.03000000000003,0,5,0
2018-05-17 01:00:00,23598.0,23034.74,23212.005752944948,19.57000000000005,1,5,0
2018-05-17 02:00:00,23223.0,23115.85,22510.954369831088,19.140000000000043,2,5,0
2018-05-17 03:00:00,23143.0,23105.28,22357.596556568147,17.57000000000005,3,5,0
2018-05-17 04:00:00,23638.0,23331.17,22853.86808547974,17.0,4,5,0
2018-05-17 05:00:00,25372.0,25296.32,24156.07633419037,15.57000000000005,5,5,0
2018-05-17 06:00:00,27692.0,26161.52,26222.71253271103,13.29000000000002,6,5,0
2018-05-17 07:00:00,29799.0,29313.55,28522.99427242279,14.0,7,5,0
2018-05-17 08:00:00,30911.999999999996,30428.0,30386.098321533205,14.260000000000048,8,5,0
2018-05-17 09:00:00,31242.0,30977.63,31577.851733303072,13.970000000000027,9,5,0
2018-05-17 10:00:00,31519.0,31263.43,32185.11282978058,15.160000000000025,10,5,0
2018-05-17 11:00:00,31938.0,31318.2,32319.134881305697,16.970000000000027,11,5,0
2018-05-17 12:00:00,31958.0,32105.43,32076.80424041748,17.590000000000032,12,5,0
2018-05-17 13:00:00,30898.0,30291.27666666667,31600.749924182895,19.03000000000003,13,5,0
2018-05-17 14:00:00,30195.0,29245.22,31068.73690261841,20.78000000000003,14,5,0
2018-05-17 15:00:00,29860.0,30587.31,30654.79191474915,21.78000000000003,15,5,0
2018-05-17 16:00:00,29652.000000000004,30723.82,30491.215618991853,22.78000000000003,16,5,0
2018-05-17 17:00:00,29362.000000000004,29846.98,30634.606444072724,23.78000000000003,17,5,0
2018-05-17 18:00:00,29419.0,29244.78,31005.75833177567,24.0,18,5,0
2018-05-17 19:00:00,30064.0,30155.96,31363.183025074006,23.600000000000023,19,5,0
2018-05-17 20:00:00,30944.999999999996,31797.77,31180.4956032753,23.57000000000005,20,5,0
2018-05-17 21:00:00,29374.0,28962.21,29897.464406299594,21.390000000000043,21,5,0
2018-05-17 22:00:00,27012.0,27213.25,27700.31730985642,19.78000000000003,22,5,0
2018-05-17 23:00:00,25632.0,26012.75,25663.31837310791,18.730000000000018,23,5,0
2018-05-18 00:00:00,24162.000000000004,24643.06,24377.701423931125,16.74000000000001,0,5,0
2018-05-18 01:00:00,23355.000000000004,23153.52,23311.480299377443,16.54000000000002,1,5,0
2018-05-18 02:00:00,23047.0,22564.14,22511.943255233768,15.350000000000023,2,5,0
2018-05-18 03:00:00,23025.0,22206.52,22283.447243213657,15.0,3,5,0
2018-05-18 04:00:00,23351.0,23784.68,22700.23191928864,14.430000000000007,4,5,0
2018-05-18 05:00:00,25035.000000000004,23996.42,23901.568973541263,14.0,5,5,0
2018-05-18 06:00:00,27535.0,25267.75,25900.18450651169,13.57000000000005,6,5,0
2018-05-18 07:00:00,29661.0,28808.85,28189.95231895447,13.430000000000007,7,5,0
2018-05-18 08:00:00,31010.999999999996,29608.24,30051.48880157471,13.480000000000018,8,5,0
2018-05-18 09:00:00,31518.0,29068.57,31218.55182027817,14.160000000000025,9,5,0
2018-05-18 10:00:00,31875.0,31678.48,31780.929727935792,15.360000000000014,10,5,0
2018-05-18 11:00:00,32239.0,31436.34,31854.51989374161,16.970000000000027,11,5,0
2018-05-18 12:00:00,32118.0,32357.05,31544.61053361893,18.170000000000016,12,5,0
2018-05-18 13:00:00,31070.000000000004,30165.81,31009.32320261002,19.78000000000003,13,5,0
2018-05-18 14:00:00,30083.0,30034.65,30434.580564880373,20.170000000000016,14,5,0
2018-05-18 15:00:00,29600.0,29196.89,30000.464756488804,20.590000000000032,15,5,0
2018-05-18 16:00:00,29422.0,29523.5,29840.458214950562,20.220000000000027,16,5,0
2018-05-18 17:00:00,28958.0,29211.98,30017.808097267152,20.07000000000005,17,5,0
2018-05-18 18:00:00,28859.0,28603.83,30472.226577568057,15.770000000000039,18,5,0
2018-05-18 19:00:00,29091.0,29295.62,30960.337970638277,16.730000000000018,19,5,0
2018-05-18 20:00:00,29898.0,30386.1,30918.147968482972,19.28000000000003,20,5,0
2018-05-18 21:00:00,28774.0,29466.03,29677.6583773613,17.79000000000002,21,5,0
2018-05-18 22:00:00,26726.0,26968.95,27449.081816959384,17.510000000000048,22,5,0
2018-05-18 23:00:00,25392.999999999996,25630.3,25456.553423023226,16.660000000000025,23,5,0
2018-05-19 00:00:00,24071.0,23682.65,24211.18777227402,14.430000000000007,0,5,1
2018-05-19 01:00:00,23001.000000000004,23179.12,23130.611938381197,15.0,1,5,1
2018-05-19 02:00:00,22364.0,23154.15,22259.1841463089,13.430000000000007,2,5,1
2018-05-19 03:00:00,22095.000000000004,22144.386000000002,21893.206204700473,12.430000000000007,3,5,1
2018-05-19 04:00:00,21908.0,22242.77,22002.63064746857,12.0,4,5,1
2018-05-19 05:00:00,21979.0,22402.94,22551.35705318451,12.0,5,5,1
2018-05-19 06:00:00,22444.0,22736.52,23589.313147068027,11.0,6,5,1
2018-05-19 07:00:00,24467.0,25531.543333333335,25119.819630718233,11.0,7,5,1
2018-05-19 08:00:00,26714.999999999996,31408.14,26889.922059822085,12.0,8,5,1
2018-05-19 09:00:00,28096.0,30557.59,28416.343592166904,13.240000000000009,9,5,1
2018-05-19 10:00:00,28428.999999999996,30382.53,29359.051709079744,15.160000000000025,10,5,1
2018-05-19 11:00:00,28478.0,28439.54,29653.585732460026,16.980000000000018,11,5,1
2018-05-19 12:00:00,28482.0,28234.58,29409.02094306946,18.57000000000005,12,5,1
2018-05-19 13:00:00,27641.0,27773.12,28836.810340309145,20.170000000000016,13,5,1
2018-05-19 14:00:00,26326.000000000004,26771.04,28175.509708690646,20.970000000000027,14,5,1
2018-05-19 15:00:00,25492.0,26991.21,27605.123050117494,22.200000000000045,15,5,1
2018-05-19 16:00:00,25174.0,26078.66,27264.592426204683,22.0,16,5,1
2018-05-19 17:00:00,24931.0,26353.1,27252.1080532074,20.920000000000016,17,5,1
2018-05-19 18:00:00,25033.000000000004,26703.83,27623.911872768404,21.150000000000034,18,5,1
2018-05-19 19:00:00,25538.0,27871.35,28287.991150283815,21.170000000000016,19,5,1
2018-05-19 20:00:00,26949.0,27807.99,28900.22597408295,20.600000000000023,20,5,1
2018-05-19 21:00:00,26749.999999999996,28397.22,28512.006656837464,20.58000000000004,21,5,1
2018-05-19 22:00:00,24985.0,27075.71,26310.49869785309,19.680000000000007,22,5,1
2018-05-19 23:00:00,23485.000000000004,23842.93,23973.196018695835,18.700000000000045,23,5,1
2018-05-20 00:00:00,21970.999999999996,22265.84,22700.058559131623,19.0,0,5,1
2018-05-20 01:00:00,21121.0,21586.49,21757.675187301636,17.590000000000032,1,5,1
2018-05-20 02:00:00,20552.0,21302.07,21067.450268077853,16.5,2,5,1
2018-05-20 03:00:00,20182.0,20818.55,20854.05856494904,15.0,3,5,1
2018-05-20 04:00:00,20128.0,22437.25,21065.223444652558,14.0,4,5,1
2018-05-20 05:00:00,20020.0,23211.49,21640.434887313844,14.0,5,5,1
2018-05-20 06:00:00,19746.0,26655.535,22591.3519739151,14.0,6,5,1
2018-05-20 07:00:00,20985.0,26444.27,23909.511798763277,14.0,7,5,1
2018-05-20 08:00:00,22910.0,24583.61,25426.8429104805,12.740000000000009,8,5,1
2018-05-20 09:00:00,24322.0,25535.0,26805.962026596073,12.970000000000027,9,5,1
2018-05-20 10:00:00,25043.0,28497.47,27731.094841957096,14.54000000000002,10,5,1
2018-05-20 11:00:00,25305.0,25653.91,28078.877292156223,16.379999999999995,11,5,1
2018-05-20 12:00:00,25656.0,24882.89,27917.24946689606,18.170000000000016,12,5,1
2018-05-20 13:00:00,25179.0,24914.52,27439.26621370316,17.980000000000018,13,5,1
2018-05-20 14:00:00,23969.000000000004,26031.41,26870.825583934788,18.360000000000014,14,5,1
2018-05-20 15:00:00,23240.0,27075.42,26387.121445560457,19.189999999999998,15,5,1
2018-05-20 16:00:00,23059.0,24986.934666666668,26108.63422431946,19.78000000000003,16,5,1
2018-05-20 17:00:00,23185.0,23530.84,26113.244139480594,20.970000000000027,17,5,1
2018-05-20 18:00:00,23488.999999999996,23744.38,26452.771227836613,21.210000000000036,18,5,1
2018-05-20 19:00:00,24478.0,25364.56,27128.035898017886,20.970000000000027,19,5,1
2018-05-20 20:00:00,26422.000000000004,27377.08,27917.98197460175,20.79000000000002,20,5,1
2018-05-20 21:00:00,26713.000000000004,27378.44,27909.475118446353,19.600000000000023,21,5,1
2018-05-20 22:00:00,24969.000000000004,26121.45,26118.354601573945,18.55000000000001,22,5,1
2018-05-20 23:00:00,23276.0,23681.97,24011.176543235782,16.670000000000016,23,5,1
2018-05-21 00:00:00,21968.000000000004,22473.17,22765.842634487155,17.0,0,5,0
2018-05-21 01:00:00,21208.0,21458.153333333332,21837.20599060059,16.0,1,5,0
2018-05-21 02:00:00,20872.999999999996,21256.15,21245.015019321443,15.430000000000007,2,5,0
2018-05-21 03:00:00,20751.0,20927.37,21211.65417671204,14.57000000000005,3,5,0
2018-05-21 04:00:00,21362.0,21467.68,21794.041753196718,14.57000000000005,4,5,0
2018-05-21 05:00:00,23475.0,24047.64,23211.93250217438,14.140000000000043,5,5,0
2018-05-21 06:00:00,25907.999999999996,26615.01,25491.38172273636,13.57000000000005,6,5,0
2018-05-21 07:00:00,28147.0,29169.25,27999.3757891655,13.0,7,5,0
2018-05-21 08:00:00,29517.0,30951.82,29972.497612285617,12.970000000000027,8,5,0
2018-05-21 09:00:00,30178.0,31079.3,31192.054574871065,13.360000000000014,9,5,0
2018-05-21 10:00:00,30665.0,29949.9,31776.86919355393,14.57000000000005,10,5,0
2018-05-21 11:00:00,31105.000000000004,30549.44,31839.493719005586,16.189999999999998,11,5,0
2018-05-21 12:00:00,31095.0,31510.01,31496.61662874222,17.379999999999995,12,5,0
2018-05-21 13:00:00,30201.999999999996,30551.75,30930.373522090915,19.0,13,5,0
2018-05-21 14:00:00,29451.0,28529.45,30339.659774684907,20.180000000000007,14,5,0
2018-05-21 15:00:00,29186.0,29425.72,29911.892366409305,20.960000000000036,15,5,0
2018-05-21 16:00:00,28999.0,27758.91,29775.025743293765,21.160000000000025,16,5,0
2018-05-21 17:00:00,28610.0,27326.18,29972.392619514467,22.140000000000043,17,5,0
2018-05-21 18:00:00,28676.0,29974.97,30425.15074901581,21.79000000000002,18,5,0
2018-05-21 19:00:00,29217.0,29361.43,30899.412863063815,22.010000000000048,19,5,0
2018-05-21 20:00:00,30403.0,28867.98,30936.948999595643,20.810000000000002,20,5,0
2018-05-21 21:00:00,28998.0,29881.96,29902.296515464786,19.640000000000043,21,5,0
2018-05-21 22:00:00,26366.0,27451.01,27703.816254997255,18.310000000000002,22,5,0
2018-05-21 23:00:00,24912.0,25019.14,25540.467064094544,16.720000000000027,23,5,0
2018-05-22 00:00:00,23581.000000000004,23743.26,24235.34831809998,15.57000000000005,0,5,0
2018-05-22 01:00:00,22718.0,23759.96,23207.158993625642,15.510000000000048,1,5,0
2018-05-22 02:00:00,22486.999999999996,22126.14,22411.01834354401,15.140000000000043,2,5,0
2018-05-22 03:00:00,22398.0,22241.47,22176.203231716157,14.510000000000048,3,5,0
2018-05-22 04:00:00,22795.0,22811.79,22635.090009021762,13.57000000000005,4,5,0
2018-05-22 05:00:00,24597.0,24050.05,23970.88373603821,13.57000000000005,5,5,0
2018-05-22 06:00:00,27191.0,26328.18,26125.36225862503,12.0,6,5,0
2018-05-22 07:00:00,29573.0,28718.03,28482.232660293583,11.430000000000007,7,5,0
2018-05-22 08:00:00,30786.0,30755.51,30343.224645519258,12.0,8,5,0
2018-05-22 09:00:00,31263.0,30718.67,31508.583362960817,12.930000000000007,9,5,0
2018-05-22 10:00:00,31756.0,31721.55,32078.081245517733,15.160000000000025,10,5,0
2018-05-22 11:00:00,32065.0,31098.16,32152.164633178712,16.970000000000027,11,5,0
2018-05-22 12:00:00,32066.0,31358.15,31838.69040222168,18.390000000000043,12,5,0
2018-05-22 13:00:00,31154.0,29761.57,31302.06014041901,19.78000000000003,13,5,0
2018-05-22 14:00:00,30539.0,28956.53,30730.345201206208,21.170000000000016,14,5,0
2018-05-22 15:00:00,30284.0,29003.91,30295.599436187746,22.189999999999998,15,5,0
2018-05-22 16:00:00,30133.0,29391.59,30124.822589683536,21.0,16,5,0
2018-05-22 17:00:00,29772.0,29270.49,30285.11480922699,19.970000000000027,17,5,0
2018-05-22 18:00:00,29685.999999999996,29134.62,30715.57540416718,20.590000000000032,18,5,0
2018-05-22 19:00:00,30094.0,30743.23,31170.216078472138,20.400000000000034,19,5,0
2018-05-22 20:00:00,30848.999999999996,29876.78,31139.428779602054,21.0,20,5,0
2018-05-22 21:00:00,29593.0,29427.17333333333,29923.309719848636,20.390000000000043,21,5,0
2018-05-22 22:00:00,26956.0,28254.23,27562.237165641785,20.77000000000004,22,5,0
2018-05-22 23:00:00,25496.0,25320.08,25425.910184001925,19.0,23,5,0
2018-05-23 00:00:00,24091.0,24146.04,24198.029492187503,18.430000000000007,0,5,0
2018-05-23 01:00:00,23270.0,23559.245,23189.236971759798,18.0,1,5,0
2018-05-23 02:00:00,22866.0,22912.14,22430.43712282181,16.430000000000007,2,5,0
2018-05-23 03:00:00,22776.000000000004,22736.335,22229.996155929566,15.980000000000018,3,5,0
2018-05-23 04:00:00,23171.0,23497.06833333333,22698.54226818085,16.0,4,5,0
2018-05-23 05:00:00,25033.000000000004,24735.38,24012.089736175538,15.0,5,5,0
2018-05-23 06:00:00,27607.0,27214.57,26129.496043777468,14.0,6,5,0
2018-05-23 07:00:00,29730.0,29602.023333333334,28472.705176734926,13.0,7,5,0
2018-05-23 08:00:00,31082.0,31940.34,30344.845929241183,13.210000000000036,8,5,0
2018-05-23 09:00:00,31589.000000000004,31811.03,31527.147549915317,14.970000000000027,9,5,0
2018-05-23 10:00:00,32007.000000000004,31977.74,32114.07179079056,17.970000000000027,10,5,0
2018-05-23 11:00:00,32486.0,32014.67,32207.268746185306,19.379999999999995,11,5,0
2018-05-23 12:00:00,32588.000000000004,32152.34,31916.204367637638,21.400000000000034,12,5,0
2018-05-23 13:00:00,31605.0,30310.3035,31395.244887351993,22.360000000000014,13,5,0
2018-05-23 14:00:00,31022.0,29534.79,30839.222704887394,23.980000000000018,14,5,0
2018-05-23 15:00:00,30836.0,30611.89,30418.81944074631,24.78000000000003,15,5,0
2018-05-23 16:00:00,30710.0,29360.66,30264.477625465395,25.160000000000025,16,5,0
2018-05-23 17:00:00,30203.999999999996,28281.28,30443.998172283176,25.590000000000032,17,5,0
2018-05-23 18:00:00,30136.000000000004,30050.17,30897.70612010956,25.760000000000048,18,5,0
2018-05-23 19:00:00,30638.0,30171.18,31362.06717166901,27.0,19,5,0
2018-05-23 20:00:00,31194.0,31222.95,31325.222034072878,23.470000000000027,20,5,0
2018-05-23 21:00:00,29724.0,29939.8,30168.56794986725,19.640000000000043,21,5,0
2018-05-23 22:00:00,27200.999999999996,27298.8,27990.969042396548,19.510000000000048,22,5,0
2018-05-23 23:00:00,25767.0,25540.21,25927.861089324953,18.760000000000048,23,5,0
2018-05-24 00:00:00,24350.0,23804.24,24643.215933704378,17.57000000000005,0,5,0
2018-05-24 01:00:00,23418.0,22923.38,23573.310295391086,16.0,1,5,0
2018-05-24 02:00:00,23176.0,22891.4,22728.221038722993,15.430000000000007,2,5,0
2018-05-24 03:00:00,23072.0,22733.045,22448.818182849885,15.430000000000007,3,5,0
2018-05-24 04:00:00,23409.0,23512.78,22845.981419181826,15.57000000000005,4,5,0
2018-05-24 05:00:00,25120.0,24829.47,24069.686817073823,14.430000000000007,5,5,0
2018-05-24 06:00:00,27453.0,26620.49,26090.424082756046,14.430000000000007,6,5,0
2018-05-24 07:00:00,29763.0,29411.19,28388.505857658387,14.430000000000007,7,5,0
2018-05-24 08:00:00,31006.000000000004,30374.7,30277.50405416489,14.450000000000045,8,5,0
2018-05-24 09:00:00,31532.0,31003.83,31492.663528823854,15.760000000000048,9,5,0
2018-05-24 10:00:00,31946.999999999996,31693.74,32097.626992797854,17.78000000000003,10,5,0
2018-05-24 11:00:00,32424.0,31680.23,32194.393702411653,19.170000000000016,11,5,0
2018-05-24 12:00:00,32413.0,31204.72,31905.714857292176,20.99000000000001,12,5,0
2018-05-24 13:00:00,31514.0,30649.3575,31380.32614707947,20.980000000000018,13,5,0
2018-05-24 14:00:00,30967.0,29820.96,30824.736144161227,21.390000000000043,14,5,0
2018-05-24 15:00:00,30820.0,29645.88,30402.228141212465,22.560000000000002,15,5,0
2018-05-24 16:00:00,30711.0,27890.92,30240.18034486771,24.960000000000036,16,5,0
2018-05-24 17:00:00,30218.0,29196.17,30387.68786325455,25.150000000000034,17,5,0
2018-05-24 18:00:00,30147.0,30061.65,30790.657444000248,26.57000000000005,18,5,0
2018-05-24 19:00:00,30385.0,29966.49,31208.609249019624,26.810000000000002,19,5,0
2018-05-24 20:00:00,30859.0,30178.21,31148.79999485016,25.0,20,5,0
2018-05-24 21:00:00,29726.0,30549.455,29976.91707544327,24.390000000000043,21,5,0
2018-05-24 22:00:00,27133.000000000004,27432.98,27782.00168581009,24.05000000000001,22,5,0
2018-05-24 23:00:00,25850.0,26268.43,25759.9117225647,21.670000000000016,23,5,0
2018-05-25 00:00:00,24444.0,24352.49,24508.507766628267,22.0,0,5,0
2018-05-25 01:00:00,23647.999999999996,23472.91,23494.73175210953,20.57000000000005,1,5,0
2018-05-25 02:00:00,23163.000000000004,23261.18,22732.81386203766,18.0,2,5,0
2018-05-25 03:00:00,23099.999999999996,23243.44,22521.343770790103,17.57000000000005,3,5,0
2018-05-25 04:00:00,23497.0,23721.86,22959.99868526459,14.480000000000018,4,5,0
2018-05-25 05:00:00,25293.000000000004,24678.307999999997,24188.07715415955,14.430000000000007,5,5,0
2018-05-25 06:00:00,27664.0,26186.06,26189.256464099886,14.0,6,5,0
2018-05-25 07:00:00,29804.0,28423.14,28477.935281753544,14.0,7,5,0
2018-05-25 08:00:00,31117.0,29639.62,30376.126449966432,13.490000000000009,8,5,0
2018-05-25 09:00:00,31774.0,32997.79,31603.46996946335,12.590000000000032,9,5,0
2018-05-25 10:00:00,32316.0,34966.74,32226.025826835634,12.400000000000034,10,5,0
2018-05-25 11:00:00,32598.0,33751.31,32360.392156982423,12.390000000000043,11,5,0
2018-05-25 12:00:00,32412.0,32478.89,32120.288339519502,13.390000000000043,12,5,0
2018-05-25 13:00:00,31436.0,30221.14,31633.920314788822,13.980000000000018,13,5,0
2018-05-25 14:00:00,30470.0,32837.74,31095.05834617615,15.0,14,5,0
2018-05-25 15:00:00,30069.0,31184.1,30669.35905132294,15.550000000000011,15,5,0
2018-05-25 16:00:00,29781.999999999996,28596.3,30479.502820777896,17.760000000000048,16,5,0
2018-05-25 17:00:00,29215.0,28973.65,30554.731362152103,18.360000000000014,17,5,0
2018-05-25 18:00:00,29047.0,28596.34,30868.635330963138,18.379999999999995,18,5,0
2018-05-25 19:00:00,29228.0,28951.82,31133.698127651216,19.189999999999998,19,5,0
2018-05-25 20:00:00,29777.0,31817.83,30850.041843700412,17.450000000000045,20,5,0
2018-05-25 21:00:00,28805.0,29328.03,29492.209401512147,15.140000000000043,21,5,0
2018-05-25 22:00:00,26753.0,27209.97,27324.951061153413,15.260000000000048,22,5,0
2018-05-25 23:00:00,25470.0,25372.3,25382.704437828066,13.700000000000045,23,5,0
2018-05-26 00:00:00,23962.0,23928.06,24155.221741867066,13.57000000000005,0,5,1
2018-05-26 01:00:00,22838.000000000004,22277.67,23065.728847503666,12.0,1,5,1
2018-05-26 02:00:00,22352.0,23284.28,22206.712177658083,12.0,2,5,1
2018-05-26 03:00:00,21994.0,22703.79,21866.74558467865,12.0,3,5,1
2018-05-26 04:00:00,21766.0,22242.77,22013.903941059114,12.0,4,5,1
2018-05-26 05:00:00,21920.0,22402.94,22595.685977840425,12.0,5,5,1
2018-05-26 06:00:00,22414.0,27381.57,23680.791151046757,12.0,6,5,1
2018-05-26 07:00:00,24293.999999999996,25064.76,25288.59917287827,12.0,7,5,1
2018-05-26 08:00:00,26457.999999999996,30895.29,27153.114520168307,12.260000000000048,8,5,1
2018-05-26 09:00:00,27861.0,30557.59,28746.970711898804,13.240000000000009,9,5,1
2018-05-26 10:00:00,28452.0,28360.13,29713.734381866456,14.189999999999998,10,5,1
2018-05-26 11:00:00,28536.0,28453.03,30008.424673557285,15.970000000000027,11,5,1
2018-05-26 12:00:00,28554.999999999996,28323.79,29731.2828248024,16.760000000000048,12,5,1
2018-05-26 13:00:00,27714.000000000004,27556.43,29105.836003685,17.379999999999995,13,5,1
2018-05-26 14:00:00,26342.0,26990.37,28362.199064254764,18.560000000000002,14,5,1
2018-05-26 15:00:00,25461.0,29894.41,27706.358056735993,19.760000000000048,15,5,1
2018-05-26 16:00:00,25063.0,30395.98,27285.427387046817,20.57000000000005,16,5,1
2018-05-26 17:00:00,24944.0,26404.28,27223.493860530856,20.78000000000003,17,5,1
2018-05-26 18:00:00,25194.0,26168.93,27561.46314916611,20.980000000000018,18,5,1
2018-05-26 19:00:00,25721.0,26664.02,28241.376801586153,21.400000000000034,19,5,1
2018-05-26 20:00:00,26596.0,27744.35,28912.84464015961,21.379999999999995,20,5,1
2018-05-26 21:00:00,26147.0,29514.11,28574.445613670352,21.189999999999998,21,5,1
2018-05-26 22:00:00,24953.0,25810.18,26340.63162317276,20.03000000000003,22,5,1
2018-05-26 23:00:00,23326.999999999996,26186.93,23951.547974300385,17.230000000000018,23,5,1
2018-05-27 00:00:00,21861.0,23443.26,22674.86029405594,16.860000000000014,0,5,1
2018-05-27 01:00:00,20801.0,21587.412857142856,21736.486181068423,14.430000000000007,1,5,1
2018-05-27 02:00:00,20358.0,21351.06,21037.532211685182,13.430000000000007,2,5,1
2018-05-27 03:00:00,20070.0,20551.22,20808.018013954166,13.430000000000007,3,5,1
2018-05-27 04:00:00,20014.0,23831.65,21006.1613483429,12.430000000000007,4,5,1
2018-05-27 05:00:00,19905.0,20529.63,21570.307041263583,11.430000000000007,5,5,1
2018-05-27 06:00:00,19726.0,20123.59,22505.003965568543,11.0,6,5,1
2018-05-27 07:00:00,20843.0,25135.95,23806.093919181825,10.430000000000007,7,5,1
2018-05-27 08:00:00,22693.0,28743.34,25308.99707078934,11.470000000000027,8,5,1
2018-05-27 09:00:00,24147.0,25004.36,26663.875065231325,13.450000000000045,9,5,1
2018-05-27 10:00:00,24958.0,26551.02,27546.195246887208,15.800000000000011,10,5,1
2018-05-27 11:00:00,25247.0,24934.96,27841.097965812685,17.970000000000027,11,5,1
2018-05-27 12:00:00,25622.0,31689.7,27639.287209510807,19.160000000000025,12,5,1
2018-05-27 13:00:00,25471.0,25627.66,27146.60496835709,21.560000000000002,13,5,1
2018-05-27 14:00:00,24144.0,25202.2,26584.422396087648,22.57000000000005,14,5,1
2018-05-27 15:00:00,23399.0,32046.88,26132.543275833134,23.170000000000016,15,5,1
2018-05-27 16:00:00,23082.0,23647.41,25906.103168773654,23.970000000000027,16,5,1
2018-05-27 17:00:00,23120.0,31222.4425,25975.356888961793,24.760000000000048,17,5,1
2018-05-27 18:00:00,23555.0,26793.632666666665,26381.586128997806,24.57000000000005,18,5,1
2018-05-27 19:00:00,24492.0,27914.365,27117.421861362458,24.189999999999998,19,5,1
2018-05-27 20:00:00,26279.0,28186.1,27966.757221031192,21.58000000000004,20,5,1
2018-05-27 21:00:00,26364.0,26899.88,28018.914211368563,18.960000000000036,21,5,1
2018-05-27 22:00:00,24661.0,25261.63,26170.34311513901,17.760000000000048,22,5,1
2018-05-27 23:00:00,22920.0,24948.77,23990.0266040802,17.0,23,5,1
2018-05-28 00:00:00,21709.000000000004,22458.18,22746.143060588838,15.430000000000007,0,5,0
2018-05-28 01:00:00,20976.0,21469.79,21860.7854136467,15.430000000000007,1,5,0
2018-05-28 02:00:00,20697.0,21083.44,21277.001189136507,15.0,2,5,0
2018-05-28 03:00:00,20718.0,21086.41,21231.32933368683,15.0,3,5,0
2018-05-28 04:00:00,21249.0,21908.46,21804.9292593956,10.787000000000035,4,5,0
2018-05-28 05:00:00,23507.0,24470.98,23201.020579051972,15.0,5,5,0
2018-05-28 06:00:00,26378.0,25600.93666666667,25444.288802337647,15.0,6,5,0
2018-05-28 07:00:00,29054.0,27691.32,27907.658499336245,11.987000000000023,7,5,0
2018-05-28 08:00:00,30488.0,29613.84,29855.79692630768,11.987000000000023,8,5,0
2018-05-28 09:00:00,31269.999999999996,30526.46,31073.86445655823,13.150000000000034,9,5,0
2018-05-28 10:00:00,31666.0,31463.33,31654.301120853426,17.70700000000005,10,5,0
2018-05-28 11:00:00,32177.0,30977.37,31693.40482387543,17.70700000000005,11,5,0
2018-05-28 12:00:00,31995.0,31306.48,31335.836070728303,17.70700000000005,12,5,0
2018-05-28 13:00:00,30838.0,29137.04,30776.495628356937,17.761000000000024,13,5,0
2018-05-28 14:00:00,30124.0,30029.43,30224.419220733645,17.761000000000024,14,5,0
2018-05-28 15:00:00,29811.000000000004,29796.51,29849.41434249878,17.761000000000024,15,5,0
2018-05-28 16:00:00,29722.0,29310.71,29758.854414844514,20.049000000000035,16,5,0
2018-05-28 17:00:00,29422.0,29089.8,29973.901585388187,20.049000000000035,17,5,0
2018-05-28 18:00:00,29383.0,29064.94,30427.13096151352,20.049000000000035,18,5,0
2018-05-28 19:00:00,29839.0,30638.95,30896.22645454407,18.494000000000028,19,5,0
2018-05-28 20:00:00,30476.0,30755.52,30945.88315191269,15.430000000000007,20,5,0
2018-05-28 21:00:00,29170.999999999996,32411.85,29926.278817749026,14.600000000000023,21,5,0
2018-05-28 22:00:00,26665.0,27859.830666666665,27712.191259765626,15.0,22,5,0
2018-05-28 23:00:00,25024.0,26127.82,25520.025215721133,15.0,23,5,0
2018-05-29 00:00:00,23744.999999999996,24968.07,24180.659292793276,14.0,0,5,0
2018-05-29 01:00:00,22880.0,22561.03,23113.307664680484,14.0,1,5,0
2018-05-29 02:00:00,22507.0,22211.26,22279.83353853226,13.0,2,5,0
2018-05-29 03:00:00,22469.0,22469.03,22011.62340040207,12.860000000000014,3,5,0
2018-05-29 04:00:00,22878.0,22849.2,22419.185804462435,13.430000000000007,4,5,0
2018-05-29 05:00:00,24558.0,24315.435,23701.411242961887,13.430000000000007,5,5,0
2018-05-29 06:00:00,27099.000000000004,27056.98,25852.974384880068,13.430000000000007,6,5,0
2018-05-29 07:00:00,29744.0,29853.43,28258.6591000557,13.430000000000007,7,5,0
2018-05-29 08:00:00,31100.0,30739.35,30160.415139102937,13.740000000000009,8,5,0
2018-05-29 09:00:00,31761.0,30786.77,31345.903168296816,14.0,9,5,0
2018-05-29 10:00:00,32124.0,31099.3,31927.914724159244,14.57000000000005,10,5,0
2018-05-29 11:00:00,32505.0,32733.23,32020.02024307251,14.990000000000009,11,5,0
2018-05-29 12:00:00,32266.000000000004,31831.61,31733.436369991305,17.200000000000045,12,5,0
2018-05-29 13:00:00,31282.0,30040.265,31216.483706855775,18.57000000000005,13,5,0
2018-05-29 14:00:00,30571.0,29649.36,30651.896067619327,19.79000000000002,14,5,0
2018-05-29 15:00:00,30268.999999999996,29653.25,30204.75138883591,17.950000000000045,15,5,0
2018-05-29 16:00:00,30095.0,29581.71,30020.916371631625,15.990000000000009,16,5,0
2018-05-29 17:00:00,29699.0,29626.28,30187.701051139833,16.200000000000045,17,5,0
2018-05-29 18:00:00,29577.0,29566.94,30646.692821216584,14.810000000000002,18,5,0
2018-05-29 19:00:00,29961.0,31296.62,31168.782805061343,14.189999999999998,19,5,0
2018-05-29 20:00:00,30553.0,31824.73,31223.39613790512,14.370000000000005,20,5,0
2018-05-29 21:00:00,29231.000000000004,29599.95,30034.855993270878,15.57000000000005,21,5,0
2018-05-29 22:00:00,26789.0,27473.25,27606.070426750186,16.24000000000001,22,5,0
2018-05-29 23:00:00,25127.0,25651.94,25402.904558658603,14.689999999999998,23,5,0
2018-05-30 00:00:00,23679.000000000004,24704.67,24123.37963190079,14.020000000000039,0,5,0
2018-05-30 01:00:00,22801.0,22869.94,23052.761019420625,14.0,1,5,0
2018-05-30 02:00:00,22468.0,22257.83,22238.207567310335,13.57000000000005,2,5,0
2018-05-30 03:00:00,22381.0,22319.07,21995.874484729768,14.0,3,5,0
2018-05-30 04:00:00,22766.0,21498.23,22402.469978618625,13.0,4,5,0
2018-05-30 05:00:00,24427.0,24972.4,23638.25687026978,12.57000000000005,5,5,0
2018-05-30 06:00:00,26965.0,25164.88,25763.269049549104,13.0,6,5,0
2018-05-30 07:00:00,29502.0,29602.023333333334,28202.99583950043,13.0,7,5,0
2018-05-30 08:00:00,30613.0,30539.42,30147.26662578583,12.0,8,5,0
2018-05-30 09:00:00,31303.0,28455.36,31361.59836673737,12.0,9,5,0
2018-05-30 10:00:00,31695.0,33175.19,31973.537745761874,12.78000000000003,10,5,0
2018-05-30 11:00:00,32085.0,29591.54,32099.780565452576,13.160000000000025,11,5,0
2018-05-30 12:00:00,32073.999999999996,31945.16,31835.65537862778,14.360000000000014,12,5,0
2018-05-30 13:00:00,31123.0,31568.16,31333.10625867844,15.550000000000011,13,5,0
2018-05-30 14:00:00,30479.0,30717.53,30759.78712759018,16.170000000000016,14,5,0
2018-05-30 15:00:00,30171.999999999996,29633.85,30285.14166784287,16.78000000000003,15,5,0
2018-05-30 16:00:00,30016.0,29363.3,30026.25391111374,17.170000000000016,16,5,0
2018-05-30 17:00:00,29452.0,29960.3625,30103.938794994356,16.590000000000032,17,5,0
2018-05-30 18:00:00,29225.0,29443.073333333334,30535.319907951358,16.960000000000036,18,5,0
2018-05-30 19:00:00,29538.0,30042.31,31057.99833965302,17.79000000000002,19,5,0
2018-05-30 20:00:00,30094.0,31297.36,31099.030979633335,18.360000000000014,20,5,0
2018-05-30 21:00:00,29021.0,29794.57,29853.499293804172,16.99000000000001,21,5,0
2018-05-30 22:00:00,26514.0,27371.24,27404.100960445405,16.760000000000048,22,5,0
2018-05-30 23:00:00,24869.0,25529.39,25255.89514551163,16.260000000000048,23,5,0
2018-05-31 00:00:00,23408.0,24287.51,24030.964018058778,16.430000000000007,0,5,0
2018-05-31 01:00:00,22482.0,23140.66,23017.075685691834,16.430000000000007,1,5,0
2018-05-31 02:00:00,22156.0,22792.004166666666,22273.888017654423,16.0,2,5,0
2018-05-31 03:00:00,22046.0,22733.045,22097.634455204014,15.430000000000007,3,5,0
2018-05-31 04:00:00,22483.000000000004,23334.08,22552.807418441775,15.430000000000007,4,5,0
2018-05-31 05:00:00,24109.0,24829.47,23808.589328765873,14.430000000000007,5,5,0
2018-05-31 06:00:00,26444.0,26603.57,25918.648584079743,14.57000000000005,6,5,0
2018-05-31 07:00:00,28972.000000000004,29313.55,28329.961400127413,14.0,7,5,0
2018-05-31 08:00:00,30297.000000000004,31155.94,30248.77998533249,13.03000000000003,8,5,0
2018-05-31 09:00:00,30584.0,31287.52,31435.168999004367,13.400000000000034,9,5,0
2018-05-31 10:00:00,31041.999999999996,30957.27,32026.14400749207,14.57000000000005,10,5,0
2018-05-31 11:00:00,31723.0,31623.72,32141.975450992588,15.970000000000027,11,5,0
2018-05-31 12:00:00,31635.0,31973.2,31865.35368270874,17.350000000000023,12,5,0
2018-05-31 13:00:00,30846.000000000004,30307.735,31333.284502220155,18.55000000000001,13,5,0
2018-05-31 14:00:00,30357.0,29424.29,30723.540204620364,20.140000000000043,14,5,0
2018-05-31 15:00:00,30127.0,29524.66,30212.005656814577,21.140000000000043,15,5,0
2018-05-31 16:00:00,29885.0,30164.35,29960.91422376633,21.78000000000003,16,5,0
2018-05-31 17:00:00,29379.0,30140.59,30069.840561294557,21.78000000000003,17,5,0
2018-05-31 18:00:00,29145.0,29591.43,30507.789826679233,22.180000000000007,18,5,0
2018-05-31 19:00:00,29324.0,29318.13,31016.428527355198,22.560000000000002,19,5,0
2018-05-31 20:00:00,29902.0,29742.97,31022.566941928864,22.57000000000005,20,5,0
2018-05-31 21:00:00,29072.999999999996,29250.946666666667,29798.370763874056,21.79000000000002,21,5,0
2018-05-31 22:00:00,26796.0,28105.14,27498.04019031525,20.79000000000002,22,5,0
2018-05-31 23:00:00,25567.0,26152.31,25454.07998867035,18.57000000000005,23,5,0
2018-06-01 00:00:00,23700.0,24110.77,24227.88162288666,17.720000000000027,0,6,0
2018-06-01 01:00:00,22281.0,23231.19,23207.930568408967,16.720000000000027,1,6,0
2018-06-01 02:00:00,21390.999999999996,23448.39,22472.21692066193,14.860000000000014,2,6,0
2018-06-01 03:00:00,21047.0,21987.15,22314.471386241916,13.430000000000007,3,6,0
2018-06-01 04:00:00,20991.0,22030.26,22810.633038997654,13.0,4,6,0
2018-06-01 05:00:00,21178.0,25065.58,24127.164255046846,12.430000000000007,5,6,0
2018-06-01 06:00:00,21855.0,25590.6,26265.581325340274,12.430000000000007,6,6,0
2018-06-01 07:00:00,22469.0,25252.78,28628.7073428154,12.0,7,6,0
2018-06-01 08:00:00,24253.0,29240.59,30455.00532140732,11.5,8,6,0
2018-06-01 09:00:00,26528.0,30559.62,31557.54173631668,13.126500000000021,9,6,0
2018-06-01 10:00:00,27602.0,31081.63,32076.289043331148,16.160000000000025,10,6,0
2018-06-01 11:00:00,27678.0,30666.38,32128.944138908388,17.57000000000005,11,6,0
2018-06-01 12:00:00,27281.0,30413.29,31812.432442665104,19.370000000000005,12,6,0
2018-06-01 13:00:00,26784.0,29094.07,31261.913834762574,20.57000000000005,13,6,0
2018-06-01 14:00:00,25351.0,29745.87,30663.97756137848,21.350000000000023,14,6,0
2018-06-01 15:00:00,24822.0,27627.1,30202.57095756531,22.560000000000002,15,6,0
2018-06-01 16:00:00,25178.0,27804.1,30018.958134365083,22.360000000000014,16,6,0
2018-06-01 17:00:00,27240.0,29052.68,30192.152256298068,23.180000000000007,17,6,0
2018-06-01 18:00:00,28393.999999999996,29046.64,30667.574174213412,22.980000000000018,18,6,0
2018-06-01 19:00:00,29055.0,29545.06,31180.627454662324,23.980000000000018,19,6,0
2018-06-01 20:00:00,29432.0,30204.73,31145.696603870394,23.379999999999995,20,6,0
2018-06-01 21:00:00,28963.0,29233.54,29768.853145027162,22.78000000000003,21,6,0
2018-06-01 22:00:00,27329.999999999996,27105.33,27286.43336429596,21.260000000000048,22,6,0
2018-06-01 23:00:00,29593.0,25882.78,25252.42550067902,18.700000000000045,23,6,0
2018-06-02 00:00:00,27382.0,24727.97,24125.672381019594,15.53000000000003,0,6,1
2018-06-02 01:00:00,25988.0,23096.71,23140.3518491745,16.57000000000005,1,6,1
2018-06-02 02:00:00,25475.0,22252.1,22350.12986135483,15.57000000000005,2,6,1
2018-06-02 03:00:00,25309.0,22512.98,22040.57210493088,15.57000000000005,3,6,1
2018-06-02 04:00:00,26022.0,22450.95,22209.99625387192,15.0,4,6,1
2018-06-02 05:00:00,28701.0,22297.57,22847.14610643387,14.0,5,6,1
2018-06-02 06:00:00,33763.0,26195.31733333333,23982.55502548218,14.0,6,6,1
2018-06-02 07:00:00,36998.0,30010.24,25554.899907588962,14.0,7,6,1
2018-06-02 08:00:00,38534.0,29097.85,27267.190386867525,14.0,8,6,1
2018-06-02 09:00:00,39302.0,29278.93,28688.523922061922,14.0,9,6,1
2018-06-02 10:00:00,38603.0,29932.27,29550.072626876834,13.770000000000039,10,6,1
2018-06-02 11:00:00,38653.0,29772.27,29805.310053539277,14.57000000000005,11,6,1
2018-06-02 12:00:00,38121.0,30883.65,29546.62007389069,16.970000000000027,12,6,1
2018-06-02 13:00:00,36796.0,28733.89,28968.00979547501,18.99000000000001,13,6,1
2018-06-02 14:00:00,36454.0,26718.03,28302.61200408936,20.160000000000025,14,6,1
2018-06-02 15:00:00,36081.0,26709.44,27744.59495897293,20.970000000000027,15,6,1
2018-06-02 16:00:00,36449.0,28061.48,27422.337960624696,22.379999999999995,16,6,1
2018-06-02 17:00:00,37452.0,27663.43,27413.728553390505,22.950000000000045,17,6,1
2018-06-02 18:00:00,39679.0,28840.8,27736.67655067444,23.370000000000005,18,6,1
2018-06-02 19:00:00,40239.0,27145.94,28307.322028636936,17.650000000000034,19,6,1
2018-06-02 20:00:00,39397.0,27892.638333333336,28783.47645425797,17.0,20,6,1
2018-06-02 21:00:00,36387.0,27777.41,28241.601437282563,14.82000000000005,21,6,1
2018-06-02 22:00:00,32492.000000000004,28050.08,26021.385231494907,14.5,22,6,1
2018-06-02 23:00:00,28011.0,24669.06,23805.82044963837,13.660000000000025,23,6,1
2018-06-03 00:00:00,25940.999999999996,22162.65,22609.00052623749,13.57000000000005,0,6,1
2018-06-03 01:00:00,24795.0,21977.92,21613.08549127579,13.57000000000005,1,6,1
2018-06-03 02:00:00,24404.0,20885.09,20852.344496917725,13.57000000000005,2,6,1
2018-06-03 03:00:00,24344.0,21097.23,20586.378274059298,13.57000000000005,3,6,1
2018-06-03 04:00:00,25095.0,21038.7,20778.620038032535,13.0,4,6,1
2018-06-03 05:00:00,27966.0,20428.69,21356.5246673584,12.0,5,6,1
2018-06-03 06:00:00,32151.0,20556.98,22308.69678382874,11.57000000000005,6,6,1
2018-06-03 07:00:00,34887.0,22206.46,23626.38536205292,11.0,7,6,1
2018-06-03 08:00:00,36168.0,23657.15,25152.047528076175,10.980000000000018,8,6,1
2018-06-03 09:00:00,36720.0,25822.38,26546.53465585709,12.980000000000018,9,6,1
2018-06-03 10:00:00,36467.0,28516.03,27481.99582986832,15.170000000000016,10,6,1
2018-06-03 11:00:00,36148.0,26707.57,27828.98473005295,15.950000000000045,11,6,1
2018-06-03 12:00:00,35951.0,27144.56,27664.226655197144,17.370000000000005,12,6,1
2018-06-03 13:00:00,34737.0,29342.94,27192.51610965729,19.170000000000016,13,6,1
2018-06-03 14:00:00,34184.0,24676.53,26641.16488466263,20.970000000000027,14,6,1
2018-06-03 15:00:00,33757.0,25646.85,26190.17454042435,21.760000000000048,15,6,1
2018-06-03 16:00:00,33869.0,28489.51,25958.973133277894,23.24000000000001,16,6,1
2018-06-03 17:00:00,33969.0,26796.2,26020.686907482148,22.57000000000005,17,6,1
2018-06-03 18:00:00,36317.0,27260.64,26415.982249164583,21.950000000000045,18,6,1
2018-06-03 19:00:00,37594.0,29442.56,27135.01913814545,22.340000000000032,19,6,1
2018-06-03 20:00:00,36190.0,28696.45,27938.863327598574,22.360000000000014,20,6,1
2018-06-03 21:00:00,33472.0,29381.14,27912.873954200746,21.58000000000004,21,6,1
2018-06-03 22:00:00,30303.0,26520.13,25877.142255783085,20.77000000000004,22,6,1
2018-06-03 23:00:00,26620.999999999996,25500.5,23700.632343101504,19.27000000000004,23,6,1
2018-06-04 00:00:00,24888.0,23555.61,22560.762452125553,19.430000000000007,0,6,0
2018-06-04 01:00:00,23930.0,23166.01,21736.05644321442,17.860000000000014,1,6,0
2018-06-04 02:00:00,23558.0,21462.7,21225.376487731937,16.860000000000014,2,6,0
2018-06-04 03:00:00,23299.0,21483.79,21255.040608119965,16.860000000000014,3,6,0
2018-06-04 04:00:00,23892.0,22471.71,21923.422147560123,15.430000000000007,4,6,0
2018-06-04 05:00:00,26267.0,24294.99,23451.30381193161,14.860000000000014,5,6,0
2018-06-04 06:00:00,29756.0,26458.75,25785.004994869236,13.430000000000007,6,6,0
2018-06-04 07:00:00,31735.0,28891.84,28253.126225185395,13.430000000000007,7,6,0
2018-06-04 08:00:00,33035.0,29481.38,30152.19151926041,11.980000000000018,8,6,0
2018-06-04 09:00:00,33282.0,29306.85,31325.859315776826,12.980000000000018,9,6,0
2018-06-04 10:00:00,33298.0,29121.77,31892.78121290207,13.79000000000002,10,6,0
2018-06-04 11:00:00,33217.0,30670.49,31958.824107646946,14.760000000000048,11,6,0
2018-06-04 12:00:00,32794.0,31405.53,31633.275708007815,15.189999999999998,12,6,0
2018-06-04 13:00:00,31890.0,30482.393333333333,31092.890123367313,16.78000000000003,13,6,0
2018-06-04 14:00:00,31192.0,30331.71,30538.274355697635,16.760000000000048,14,6,0
2018-06-04 15:00:00,30686.999999999996,29015.1,30154.430551147463,18.379999999999995,15,6,0
2018-06-04 16:00:00,30362.999999999996,29648.48,30049.305928611757,18.590000000000032,16,6,0
2018-06-04 17:00:00,29794.0,29714.03,30252.679368019108,18.970000000000027,17,6,0
2018-06-04 18:00:00,30041.999999999996,29893.44,30681.877608013154,18.760000000000048,18,6,0
2018-06-04 19:00:00,31207.0,30037.63,31090.245770549776,18.980000000000018,19,6,0
2018-06-04 20:00:00,32710.0,30283.73,31000.11069736481,18.189999999999998,20,6,0
2018-06-04 21:00:00,30544.0,29603.79,29766.865607452393,17.590000000000032,21,6,0
2018-06-04 22:00:00,28620.999999999996,27297.28,27420.611684131625,17.27000000000004,22,6,0
2018-06-04 23:00:00,23615.999999999996,25206.63,25290.18627290726,16.32000000000005,23,6,0
2018-06-05 00:00:00,22180.0,24386.27,24059.983531665803,16.430000000000007,0,6,0
2018-06-05 01:00:00,20934.000000000004,23462.13,23040.850444126132,16.0,1,6,0
2018-06-05 02:00:00,20364.0,22713.86,22280.348735618594,15.430000000000007,2,6,0
2018-06-05 03:00:00,19898.0,22207.92,22095.15369577408,15.0,3,6,0
2018-06-05 04:00:00,19924.0,23076.55,22615.01197280884,14.430000000000007,4,6,0
2018-06-05 05:00:00,20153.0,25460.42,24037.898424339295,14.430000000000007,5,6,0
2018-06-05 06:00:00,19914.0,26620.58,26281.818579483035,13.430000000000007,6,6,0
2018-06-05 07:00:00,21174.0,29008.14,28662.52722358704,11.860000000000014,7,6,0
2018-06-05 08:00:00,23151.0,30021.94,30480.086385250095,11.740000000000009,8,6,0
2018-06-05 09:00:00,24733.0,29785.8,31599.004114151005,11.970000000000027,9,6,0
2018-06-05 10:00:00,25592.0,29622.4,32151.515143013003,13.160000000000025,10,6,0
2018-06-05 11:00:00,25722.0,30673.03,32238.561475372317,14.560000000000002,11,6,0
2018-06-05 12:00:00,25702.0,31002.77,31947.10398435593,15.350000000000023,12,6,0
2018-06-05 13:00:00,25183.0,30963.58,31421.131709671023,16.189999999999998,13,6,0
2018-06-05 14:00:00,23871.000000000004,30622.38,30843.13673772812,17.57000000000005,14,6,0
2018-06-05 15:00:00,23317.0,30355.9,30383.56384487152,17.379999999999995,15,6,0
2018-06-05 16:00:00,22920.0,29868.93,30188.255315303806,18.189999999999998,16,6,0
2018-06-05 17:00:00,23001.000000000004,29885.51,30323.63006439209,18.200000000000045,17,6,0
2018-06-05 18:00:00,23497.0,29699.71,30745.27614994049,18.400000000000034,18,6,0
2018-06-05 19:00:00,24755.0,29983.11,31204.426630020145,19.0,19,6,0
2018-06-05 20:00:00,26864.0,30481.26,31151.825251674654,17.200000000000045,20,6,0
2018-06-05 21:00:00,26940.000000000004,29790.65,29791.678085136416,16.0,21,6,0
2018-06-05 22:00:00,25490.999999999996,26954.72,27239.294051742556,15.75,22,6,0
2018-06-05 23:00:00,25351.0,25853.16,25130.96595630646,15.010000000000048,23,6,0
2018-06-06 00:00:00,24004.999999999996,23921.07,24000.223111343385,14.670000000000016,0,6,0
2018-06-06 01:00:00,23230.999999999996,23249.19,22990.63215751648,14.0,1,6,0
2018-06-06 02:00:00,22746.999999999996,22873.73,22232.672250747684,14.490000000000009,2,6,0
2018-06-06 03:00:00,22761.0,22185.83,22049.118028163914,13.0,3,6,0
2018-06-06 04:00:00,23034.000000000004,22001.02,22543.052857494356,13.0,4,6,0
2018-06-06 05:00:00,24627.0,24702.91,23905.211978530886,12.490000000000009,5,6,0
2018-06-06 06:00:00,27193.0,26490.58,26115.461196136475,12.490000000000009,6,6,0
2018-06-06 07:00:00,29731.0,27825.83,28515.439676284794,12.0,7,6,0
2018-06-06 08:00:00,30867.0,27135.44,30351.81207752228,11.260000000000048,8,6,0
2018-06-06 09:00:00,31418.0,29848.66,31470.53691272736,11.200000000000045,9,6,0
2018-06-06 10:00:00,31751.999999999996,28933.07,32012.189735698703,11.990000000000009,10,6,0
2018-06-06 11:00:00,32246.0,31098.91,32084.859383487703,12.79000000000002,11,6,0
2018-06-06 12:00:00,32052.0,30880.96,31779.35971975327,13.410000000000025,12,6,0
2018-06-06 13:00:00,30993.0,31570.54,31236.730219841007,15.189999999999998,13,6,0
2018-06-06 14:00:00,30175.0,30385.14,30633.234212970736,16.350000000000023,14,6,0
2018-06-06 15:00:00,29862.0,28827.01,30151.793523406985,15.420000000000016,15,6,0
2018-06-06 16:00:00,29721.0,29917.55,29939.043985366825,17.0,16,6,0
2018-06-06 17:00:00,29367.0,29852.505833333336,30076.061993408206,17.0,17,6,0
2018-06-06 18:00:00,29193.0,29841.763333333336,30531.396108341218,18.200000000000045,18,6,0
2018-06-06 19:00:00,29511.0,31878.64,31054.985291290286,19.950000000000045,19,6,0
2018-06-06 20:00:00,30084.0,30345.42,31082.1833024025,19.400000000000034,20,6,0
2018-06-06 21:00:00,29188.0,29536.64,29734.552250862125,18.390000000000043,21,6,0
2018-06-06 22:00:00,26647.0,27058.4,27114.950868701937,18.24000000000001,22,6,0
2018-06-06 23:00:00,27998.0,25775.1,25006.04897556305,16.33000000000004,23,6,0
2018-06-07 00:00:00,26373.0,24459.41,23902.09149570465,15.660000000000025,0,6,0
2018-06-07 01:00:00,25277.0,24133.67,22940.07203397751,14.689999999999998,1,6,0
2018-06-07 02:00:00,24745.000000000004,23016.67,22241.193757057194,13.980000000000018,2,6,0
2018-06-07 03:00:00,24403.0,22456.13,22105.225676727296,12.490000000000009,3,6,0
2018-06-07 04:00:00,24691.0,23127.53,22622.105089092256,11.980000000000018,4,6,0
2018-06-07 05:00:00,26252.0,23738.97,23978.431007099152,11.490000000000009,5,6,0
2018-06-07 06:00:00,28473.0,26603.35,26173.71509227753,10.980000000000018,6,6,0
2018-06-07 07:00:00,30666.0,28806.32,28562.33726129532,10.0,7,6,0
2018-06-07 08:00:00,32681.0,28121.65,30379.351925563813,10.490000000000009,8,6,0
2018-06-07 09:00:00,33891.0,28405.32,31468.05126991272,13.79000000000002,9,6,0
2018-06-07 10:00:00,34683.0,31848.38,31970.058334159854,15.360000000000014,10,6,0
2018-06-07 11:00:00,35451.0,31231.26,32002.156821823122,16.939999999999998,11,6,0
2018-06-07 12:00:00,35791.0,30642.51,31653.524662685395,18.760000000000048,12,6,0
2018-06-07 13:00:00,34964.0,28941.95,31067.376879978183,20.360000000000014,13,6,0
2018-06-07 14:00:00,33971.0,29641.83,30444.02503089905,21.55000000000001,14,6,0
2018-06-07 15:00:00,33761.0,29000.16,29968.88390760422,22.370000000000005,15,6,0
2018-06-07 16:00:00,33622.0,31059.4,29780.00191230774,22.760000000000048,16,6,0
2018-06-07 17:00:00,33079.0,30518.37,29966.464190483097,22.360000000000014,17,6,0
2018-06-07 18:00:00,32631.0,30578.43,30468.09035072327,22.170000000000016,18,6,0
2018-06-07 19:00:00,32062.0,29185.86,31015.068504714967,21.379999999999995,19,6,0
2018-06-07 20:00:00,31507.0,30068.29,31034.267531681064,20.77000000000004,20,6,0
2018-06-07 21:00:00,30923.0,28879.15,29680.598174953462,20.379999999999995,21,6,0
2018-06-07 22:00:00,28894.0,27017.3,27152.870350933077,20.27000000000004,22,6,0
2018-06-07 23:00:00,28642.0,25876.343999999997,25146.651387977603,19.32000000000005,23,6,0
2018-06-08 00:00:00,26657.0,24309.81,24078.2815741539,19.430000000000007,0,6,0
2018-06-08 01:00:00,25303.0,24176.021666666664,23125.68704490662,18.860000000000014,1,6,0
2018-06-08 02:00:00,24607.0,23716.52,22432.94718255997,17.980000000000018,2,6,0
2018-06-08 03:00:00,24242.0,23402.25,22298.978848266604,18.0,3,6,0
2018-06-08 04:00:00,24528.0,22807.22,22810.537812995914,17.49000000000001,4,6,0
2018-06-08 05:00:00,26250.0,24395.14666666667,24114.135384655,17.0,5,6,0
2018-06-08 06:00:00,28124.0,26505.228333333336,26185.479166030887,16.0,6,6,0
2018-06-08 07:00:00,30666.0,27861.25,28474.86851615906,16.0,7,6,0
2018-06-08 08:00:00,33411.0,28951.88,30288.926290988926,14.770000000000039,8,6,0
2018-06-08 09:00:00,35238.0,28597.79,31424.354743576052,14.170000000000016,9,6,0
2018-06-08 10:00:00,36661.0,30205.67,31991.437792396548,14.189999999999998,10,6,0
2018-06-08 11:00:00,37884.0,31994.77,32104.46373138428,15.0,11,6,0
2018-06-08 12:00:00,38801.0,31703.07,31850.56191043854,15.370000000000005,12,6,0
2018-06-08 13:00:00,38768.0,30845.31,31358.629268836976,16.730000000000018,13,6,0
2018-06-08 14:00:00,38277.0,28604.04,30799.559854316714,17.0,14,6,0
2018-06-08 15:00:00,38183.0,29471.51,30355.789594364167,17.370000000000005,15,6,0
2018-06-08 16:00:00,37718.0,29099.08,30167.022358608247,16.980000000000018,16,6,0
2018-06-08 17:00:00,36759.0,29068.21,30307.546636867526,16.970000000000027,17,6,0
2018-06-08 18:00:00,35882.0,29439.57,30727.695965003968,17.54000000000002,18,6,0
2018-06-08 19:00:00,35170.0,29503.01,31159.440890121463,18.57000000000005,19,6,0
2018-06-08 20:00:00,35640.0,30222.25,31028.173067569736,18.260000000000048,20,6,0
2018-06-08 21:00:00,34910.0,29400.78,29631.79118652344,15.57000000000005,21,6,0
2018-06-08 22:00:00,32677.0,26987.79,27310.22033119202,16.760000000000048,22,6,0
2018-06-08 23:00:00,27435.0,25687.22,25344.889948368076,16.660000000000025,23,6,0
2018-06-09 00:00:00,26123.0,24350.33,24150.536134243015,16.0,0,6,1
2018-06-09 01:00:00,25110.0,23369.91,23054.4360203743,15.0,1,6,1
2018-06-09 02:00:00,24742.0,22621.07,22188.885381793978,15.0,2,6,1
2018-06-09 03:00:00,24569.0,22210.5,21847.88839464188,14.510000000000048,3,6,1
2018-06-09 04:00:00,24731.0,22321.48,22003.954044723512,14.510000000000048,4,6,1
2018-06-09 05:00:00,26625.0,22291.3,22623.04514064789,13.510000000000048,5,6,1
2018-06-09 06:00:00,28902.0,23484.67,23748.726357364656,12.57000000000005,6,6,1
2018-06-09 07:00:00,30372.0,24872.81,25360.487479114534,12.510000000000048,7,6,1
2018-06-09 08:00:00,32146.0,33877.58,27176.733010292057,12.010000000000048,8,6,1
2018-06-09 09:00:00,33010.0,30606.9,28708.782643508912,13.210000000000036,9,6,1
2018-06-09 10:00:00,33930.0,30307.85,29641.472496700288,14.370000000000005,10,6,1
2018-06-09 11:00:00,34676.0,31259.13,29925.297257423405,16.150000000000034,11,6,1
2018-06-09 12:00:00,35039.0,28869.21,29658.405633163453,17.760000000000048,12,6,1
2018-06-09 13:00:00,34315.0,28624.7,29042.002840518955,17.980000000000018,13,6,1
2018-06-09 14:00:00,33600.0,26839.17,28328.264423942568,19.360000000000014,14,6,1
2018-06-09 15:00:00,33569.0,28727.21,27704.52434577942,19.760000000000048,15,6,1
2018-06-09 16:00:00,33269.0,28595.66333333333,27317.90189533234,19.810000000000002,16,6,1
2018-06-09 17:00:00,32427.000000000004,25335.03,27260.6197927475,19.0,17,6,1
2018-06-09 18:00:00,31826.0,26683.83,27574.282034015658,17.970000000000027,18,6,1
2018-06-09 19:00:00,32216.0,26260.72,28182.414814662934,18.78000000000003,19,6,1
2018-06-09 20:00:00,33136.0,27596.82,28727.595883083344,17.600000000000023,20,6,1
2018-06-09 21:00:00,30659.0,26877.34,28261.081258869173,16.590000000000032,21,6,1
2018-06-09 22:00:00,28345.0,25854.21,25995.786528873447,16.0,22,6,1
2018-06-09 23:00:00,25383.0,23620.48,23744.86604175568,15.32000000000005,23,6,1
2018-06-10 00:00:00,24117.0,22056.84,22557.29280729294,15.0,0,6,1
2018-06-10 01:00:00,22997.0,21977.92,21578.87982311249,13.57000000000005,1,6,1
2018-06-10 02:00:00,22523.0,23388.73,20845.715302181245,12.490000000000009,2,6,1
2018-06-10 03:00:00,22218.0,21648.2,20600.349637699128,11.490000000000009,3,6,1
2018-06-10 04:00:00,22001.999999999996,21072.2,20801.156858444218,11.490000000000009,4,6,1
2018-06-10 05:00:00,22416.0,21717.14,21382.233246135715,10.490000000000009,5,6,1
2018-06-10 06:00:00,23454.000000000004,21739.89,22338.92493515015,10.430000000000007,6,6,1
2018-06-10 07:00:00,24260.000000000004,22178.13,23665.82357692719,10.57000000000005,7,6,1
2018-06-10 08:00:00,26286.0,23226.43,25199.155098629,10.710000000000036,8,6,1
2018-06-10 09:00:00,27701.0,26221.855,26582.661935901644,12.220000000000027,9,6,1
2018-06-10 10:00:00,28343.0,24837.43,27492.01897697449,13.78000000000003,10,6,1
2018-06-10 11:00:00,28725.0,28460.69,27810.81121387482,14.78000000000003,11,6,1
2018-06-10 12:00:00,28897.0,28826.88,27624.29277677536,15.460000000000036,12,6,1
2018-06-10 13:00:00,28328.999999999996,26575.68,27137.985794353488,16.78000000000003,13,6,1
2018-06-10 14:00:00,27125.0,26421.79,26571.447242927552,17.160000000000025,14,6,1
2018-06-10 15:00:00,26348.0,25003.93,26109.674385261536,17.360000000000014,15,6,1
2018-06-10 16:00:00,26139.0,27234.74,25864.906935405732,17.970000000000027,16,6,1
2018-06-10 17:00:00,25927.0,25621.46,25908.679154205325,18.170000000000016,17,6,1
2018-06-10 18:00:00,26518.000000000004,28131.86,26282.031006717683,18.99000000000001,18,6,1
2018-06-10 19:00:00,28578.0,26923.26,26973.835700893404,19.760000000000048,19,6,1
2018-06-10 20:00:00,28490.000000000004,28151.69,27788.850632858277,19.189999999999998,20,6,1
2018-06-10 21:00:00,26480.0,28211.78,27821.901380538944,18.78000000000003,21,6,1
2018-06-10 22:00:00,24838.0,25718.21,25844.8142490387,18.03000000000003,22,6,1
2018-06-10 23:00:00,26084.0,25568.75,23665.393839073182,16.960000000000036,23,6,1
2018-06-11 00:00:00,24537.0,22602.41,22517.241727638248,17.110000000000014,0,6,0
2018-06-11 01:00:00,23505.0,21633.48,21656.78445930481,15.860000000000014,1,6,0
2018-06-11 02:00:00,23167.0,21525.7,21124.651794815065,14.860000000000014,2,6,0
2018-06-11 03:00:00,23032.000000000004,21242.22,21146.387740135197,14.980000000000018,3,6,0
2018-06-11 04:00:00,23756.0,21811.94,21797.39175510407,14.490000000000009,4,6,0
2018-06-11 05:00:00,26348.0,24496.79,23308.267032241823,14.490000000000009,5,6,0
2018-06-11 06:00:00,30479.0,26217.36,25674.086236381532,14.490000000000009,6,6,0
2018-06-11 07:00:00,32792.0,28189.61,28202.407391643526,14.0,7,6,0
2018-06-11 08:00:00,33853.0,30021.27,30134.047303390504,12.5,8,6,0
2018-06-11 09:00:00,34061.0,29472.43,31313.086823081972,12.78000000000003,9,6,0
2018-06-11 10:00:00,34056.0,30280.01,31880.025812053682,13.379999999999995,10,6,0
2018-06-11 11:00:00,34024.0,30131.1,31943.102050590518,14.560000000000002,11,6,0
2018-06-11 12:00:00,33994.0,30235.84,31604.239102554322,16.140000000000043,12,6,0
2018-06-11 13:00:00,33090.0,30480.963333333333,31032.226276874546,16.77000000000004,13,6,0
2018-06-11 14:00:00,32744.0,29547.81,30443.985963821415,18.360000000000014,14,6,0
2018-06-11 15:00:00,32479.0,29242.0,30019.317063140872,19.0,15,6,0
2018-06-11 16:00:00,32760.0,30049.41,29888.627921676638,18.760000000000048,16,6,0
2018-06-11 18:00:00,35612.0,29064.35,30095.475889301302,19.960000000000036,18,6,0
2018-06-11 19:00:00,35760.0,29972.73,30584.065854072574,18.79000000000002,19,6,0
2018-06-11 20:00:00,34474.0,30286.79,31072.597218227387,18.980000000000018,20,6,0
2018-06-11 21:00:00,31979.999999999996,29560.36,31065.465034866334,18.58000000000004,21,6,0
2018-06-11 22:00:00,29037.000000000004,27141.04,29882.516365718842,17.79000000000002,22,6,0
2018-06-11 23:00:00,27099.000000000004,25219.44,27513.584003829958,16.0,23,6,0
2018-06-12 00:00:00,25146.0,23793.68,25353.382154369356,16.0,0,6,0
2018-06-12 01:00:00,23741.0,23656.71,23330.77699403763,15.430000000000007,1,6,0
2018-06-12 02:00:00,23012.0,22713.62,22428.356800937654,14.430000000000007,2,6,0
2018-06-12 03:00:00,22711.999999999996,22639.97,22114.767810440066,13.860000000000014,3,6,0
2018-06-12 04:00:00,22679.000000000004,23153.0,22498.408954524995,13.860000000000014,4,6,0
2018-06-12 05:00:00,23201.0,23653.65,23786.135525894166,13.0,5,6,0
2018-06-12 06:00:00,24466.0,26152.78,25976.770628833772,12.0,6,6,0
2018-06-12 07:00:00,25342.0,28665.17,28424.391410160068,11.430000000000007,7,6,0
2018-06-12 08:00:00,27080.0,29743.93,30345.48321094513,12.210000000000036,8,6,0
2018-06-12 09:00:00,28473.0,27982.86,31536.07926054001,13.888000000000034,9,6,0
2018-06-12 10:00:00,28704.0,29721.27,32127.02008533478,17.379999999999995,10,6,0
2018-06-12 11:00:00,28486.0,31851.44,32219.59440917969,18.55000000000001,11,6,0
2018-06-12 12:00:00,28615.0,32356.026666666665,31911.745837402344,20.170000000000016,12,6,0
2018-06-12 13:00:00,28199.000000000004,30417.17666666667,31357.808860206605,20.78000000000003,13,6,0
2018-06-12 14:00:00,26970.000000000004,28622.28,30768.07178974152,22.170000000000016,14,6,0
2018-06-12 15:00:00,26315.0,29925.84,30328.35962247849,21.939999999999998,15,6,0
2018-06-12 16:00:00,26657.0,30511.51,30175.138543987276,22.57000000000005,16,6,0
2018-06-12 17:00:00,28875.000000000004,29927.95,30350.823192119602,23.379999999999995,17,6,0
2018-06-12 18:00:00,29647.0,28055.84,30785.336996364596,24.360000000000014,18,6,0
2018-06-12 19:00:00,30217.0,29797.11,31249.39771976471,22.980000000000018,19,6,0
2018-06-12 20:00:00,30205.0,29881.86,31215.90258407593,22.170000000000016,20,6,0
2018-06-12 21:00:00,29226.0,27954.12,29902.21838130951,21.180000000000007,21,6,0
2018-06-12 22:00:00,27153.0,27087.17,27394.61498565674,21.0,22,6,0
2018-06-12 23:00:00,26152.0,25749.58,25321.029730701448,19.5,23,6,0
2018-06-13 00:00:00,24755.0,24338.67,24235.17739963532,18.27000000000004,0,6,0
2018-06-13 01:00:00,23777.999999999996,23901.435,23276.55677366257,18.03000000000003,1,6,0
2018-06-13 02:00:00,23427.0,22972.88,22552.094444274906,16.430000000000007,2,6,0
2018-06-13 03:00:00,23310.0,22699.791,22390.99890794754,14.980000000000018,3,6,0
2018-06-13 04:00:00,23786.0,22997.0,22932.659055995944,13.980000000000018,4,6,0
2018-06-13 05:00:00,25259.000000000004,24394.43,24349.61952018738,13.430000000000007,5,6,0
2018-06-13 06:00:00,27788.0,26789.81,26537.400284767155,12.860000000000014,6,6,0
2018-06-13 07:00:00,29822.0,29071.17,28849.367964077,12.430000000000007,7,6,0
2018-06-13 08:00:00,31078.0,28269.14,30623.84102249146,12.189999999999998,8,6,0
2018-06-13 09:00:00,31318.0,30164.97,31718.22951002121,14.350000000000023,9,6,0
2018-06-13 10:00:00,31942.000000000004,31138.35,32246.26745643616,16.760000000000048,10,6,0
2018-06-13 11:00:00,32510.0,33641.94,32303.09052085877,18.760000000000048,11,6,0
2018-06-13 12:00:00,32917.0,34023.57,31990.243804836275,19.970000000000027,12,6,0
2018-06-13 13:00:00,32073.000000000004,32067.9855,31455.757348918916,21.160000000000025,13,6,0
2018-06-13 14:00:00,31511.0,28975.53,30894.028931427005,22.360000000000014,14,6,0
2018-06-13 15:00:00,31376.0,28492.45,30474.253182220462,23.160000000000025,15,6,0
2018-06-13 16:00:00,31254.0,29325.73,30332.67165117264,23.950000000000045,16,6,0
2018-06-13 17:00:00,30558.999999999996,29193.4,30507.83377714157,24.439999999999998,17,6,0
2018-06-13 18:00:00,30381.0,29472.24,30925.04819107056,24.379999999999995,18,6,0
2018-06-13 19:00:00,30422.0,30709.75,31332.04412250519,24.189999999999998,19,6,0
2018-06-13 20:00:00,30660.0,30816.423166666664,31215.37273683548,24.74000000000001,20,6,0
2018-06-13 21:00:00,29948.0,29638.47,29842.692363452912,22.77000000000004,21,6,0
2018-06-13 22:00:00,27519.000000000004,27571.32,27422.46737031937,21.78000000000003,22,6,0
2018-06-13 23:00:00,26248.0,25632.153,25415.57450027466,19.52000000000004,23,6,0
2018-06-14 00:00:00,24823.0,24237.22,24309.77354269028,18.53000000000003,0,6,0
2018-06-14 01:00:00,23886.0,23217.04,23341.591249465946,17.370000000000005,1,6,0
2018-06-14 02:00:00,23487.999999999996,22802.794166666667,22615.419735431675,15.860000000000014,2,6,0
2018-06-14 03:00:00,23325.999999999996,22938.86,22453.618550014497,14.860000000000014,3,6,0
2018-06-14 04:00:00,23594.0,22808.86,22981.86648197174,13.860000000000014,4,6,0
2018-06-14 05:00:00,25069.999999999996,23990.201,24358.487746810915,13.430000000000007,5,6,0
2018-06-14 06:00:00,27511.0,23838.56,26496.46775417328,13.0,6,6,0
2018-06-14 07:00:00,29631.0,25949.99,28779.284068489076,12.0,7,6,0
2018-06-14 08:00:00,31004.0,29254.97,30543.816997337344,12.210000000000036,8,6,0
2018-06-14 09:00:00,31589.000000000004,29245.2,31631.50303936005,13.450000000000045,9,6,0
2018-06-14 10:00:00,32155.0,31619.84,32152.113357639315,15.160000000000025,10,6,0
2018-06-14 11:00:00,32696.0,30623.18,32210.101109313968,17.170000000000016,11,6,0
2018-06-14 12:00:00,32778.0,30284.27142857143,31897.940508842472,18.560000000000002,12,6,0
2018-06-14 13:00:00,31932.0,28979.59,31364.689549255374,20.379999999999995,13,6,0
2018-06-14 14:00:00,31480.0,29389.75,30794.85471315384,21.970000000000027,14,6,0
2018-06-14 15:00:00,31459.000000000004,28912.55,30365.76390762329,23.379999999999995,15,6,0
2018-06-14 16:00:00,31388.0,28804.75,30208.118482589725,24.170000000000016,16,6,0
2018-06-14 17:00:00,30987.0,28681.5,30372.107424354555,25.78000000000003,17,6,0
2018-06-14 18:00:00,30670.0,29761.76,30784.016040802006,26.57000000000005,18,6,0
2018-06-14 19:00:00,30579.0,31531.24,31189.67636651993,27.170000000000016,19,6,0
2018-06-14 20:00:00,30782.999999999996,30728.4625,31043.555729389194,26.360000000000014,20,6,0
2018-06-14 21:00:00,30016.0,30856.441666666666,29639.10161342621,25.79000000000002,21,6,0
2018-06-14 22:00:00,27773.0,27838.95,27243.325285816194,24.78000000000003,22,6,0
2018-06-14 23:00:00,26545.0,26047.83,25307.96667661667,22.760000000000048,23,6,0
2018-06-15 00:00:00,25038.999999999996,25069.97,24252.2375041008,20.99000000000001,0,6,0
2018-06-15 01:00:00,23831.0,23179.47,23334.3101228714,19.600000000000023,1,6,0
2018-06-15 02:00:00,23459.0,23368.76,22668.455735015872,19.0,2,6,0
2018-06-15 03:00:00,23245.0,23720.94,22557.959389305117,16.860000000000014,3,6,0
2018-06-15 04:00:00,23665.0,23675.39,23113.93273792267,15.57000000000005,4,6,0
2018-06-15 05:00:00,25173.0,23783.23,24477.171086978913,13.860000000000014,5,6,0
2018-06-15 06:00:00,27629.0,24475.96,26564.957224655154,13.430000000000007,6,6,0
2018-06-15 07:00:00,29804.0,28347.83,28811.736601543427,12.430000000000007,7,6,0
2018-06-15 08:00:00,31106.999999999996,27928.63,30576.633342552188,13.450000000000045,8,6,0
2018-06-15 09:00:00,31852.0,31541.02,31676.833057880405,16.370000000000005,9,6,0
2018-06-15 10:00:00,32392.0,28372.82,32214.984494018558,18.78000000000003,10,6,0
2018-06-15 11:00:00,33055.0,31437.54,32306.943511390687,21.170000000000016,11,6,0
2018-06-15 12:00:00,33076.0,30229.885,32047.857977581025,22.970000000000027,12,6,0
2018-06-15 13:00:00,32079.0,29661.46,31580.47899427414,24.760000000000048,13,6,0
2018-06-15 14:00:00,31375.0,27713.45,31078.384029102326,26.55000000000001,14,6,0
2018-06-15 15:00:00,31215.0,27736.36,30712.23761072159,27.170000000000016,15,6,0
2018-06-15 16:00:00,31216.0,26903.14,30605.77005739212,28.360000000000014,16,6,0
2018-06-15 17:00:00,30792.0,27897.16,30798.93966445923,28.970000000000027,17,6,0
2018-06-15 18:00:00,30516.0,30402.43,31191.168240547184,29.57000000000005,18,6,0
2018-06-15 19:00:00,30192.0,30031.23,31527.41613607407,30.189999999999998,19,6,0
2018-06-15 20:00:00,29654.999999999996,30862.52,31293.733969497684,29.379999999999995,20,6,0
2018-06-15 21:00:00,29208.0,31767.38,29918.02589759827,28.370000000000005,21,6,0
2018-06-15 22:00:00,27343.0,28717.37,27717.113711547852,27.78000000000003,22,6,0
2018-06-15 23:00:00,26286.0,25142.97,25854.246506595613,25.760000000000048,23,6,0
2018-06-16 00:00:00,24943.0,25952.48,24742.153307819368,24.350000000000023,0,6,1
2018-06-16 01:00:00,23717.0,24608.86,23743.15197372437,22.689999999999998,1,6,1
2018-06-16 02:00:00,23001.000000000004,22566.9,22933.46237277985,21.350000000000023,2,6,1
2018-06-16 03:00:00,22599.0,21312.77,22596.65777139664,20.0,3,6,1
2018-06-16 04:00:00,22266.0,22537.13,22753.204434871677,19.0,4,6,1
2018-06-16 05:00:00,22260.999999999996,23825.59,23399.261581134797,18.0,5,6,1
2018-06-16 06:00:00,22780.0,27791.19,24528.8104385376,17.0,6,6,1
2018-06-16 07:00:00,24770.0,29304.59,26035.36147851944,17.0,7,6,1
2018-06-16 08:00:00,27066.0,30102.92,27667.723158645633,16.970000000000027,8,6,1
2018-06-16 09:00:00,28757.0,29027.35,29100.425213432314,18.450000000000045,9,6,1
2018-06-16 10:00:00,29422.0,31023.96,30088.871111488344,20.370000000000005,10,6,1
2018-06-16 11:00:00,29814.999999999996,28971.5,30545.699542140963,22.57000000000005,11,6,1
2018-06-16 12:00:00,29901.0,31204.7,30508.81045408249,24.560000000000002,12,6,1
2018-06-16 13:00:00,29116.0,29196.95,30123.023062419892,26.360000000000014,13,6,1
2018-06-16 14:00:00,27968.0,26152.24,29591.156542396548,27.760000000000048,14,6,1
2018-06-16 15:00:00,27233.999999999996,25012.48,29108.365596961976,28.760000000000048,15,6,1
2018-06-16 16:00:00,27020.0,26888.35,28837.63563232422,29.760000000000048,16,6,1
2018-06-16 17:00:00,26875.000000000004,28118.66,28841.48618116379,30.160000000000025,17,6,1
2018-06-16 18:00:00,26881.0,29387.58,29120.322564411166,30.57000000000005,18,6,1
2018-06-16 19:00:00,27057.0,28481.81,29535.424914455416,30.57000000000005,19,6,1
2018-06-16 20:00:00,27518.0,28404.37,29710.892251968387,30.170000000000016,20,6,1
2018-06-16 21:00:00,27710.0,28933.44,28915.18866481781,29.370000000000005,21,6,1
2018-06-16 22:00:00,26133.999999999996,29510.98,26791.40709848404,28.04000000000002,22,6,1
2018-06-16 23:00:00,24507.0,26888.12416666667,24611.451957893372,25.340000000000032,23,6,1
2018-06-17 00:00:00,23046.0,23727.14,23291.17518577576,22.29000000000002,0,6,1
2018-06-17 01:00:00,21862.0,23028.51,22317.032721519474,20.29000000000002,1,6,1
2018-06-17 02:00:00,21248.0,21598.69,21606.47583007813,20.150000000000034,2,6,1
2018-06-17 03:00:00,20821.0,21890.89,21373.050041198734,19.29000000000002,3,6,1
2018-06-17 04:00:00,20727.0,23557.73,21593.346850299837,18.29000000000002,4,6,1
2018-06-17 05:00:00,20470.0,21957.48,22238.847290706635,17.860000000000014,5,6,1
2018-06-17 06:00:00,20438.0,22829.34,23311.438790607455,16.860000000000014,6,6,1
2018-06-17 07:00:00,21646.000000000004,27404.03,24737.775353431705,15.430000000000007,7,6,1
2018-06-17 08:00:00,23482.0,30698.91,26300.14836397171,15.710000000000036,8,6,1
2018-06-17 09:00:00,24995.0,34207.45,27679.13562870026,17.470000000000027,9,6,1
2018-06-17 10:00:00,25949.0,28562.61,28603.531052970888,19.710000000000036,10,6,1
2018-06-17 11:00:00,26344.0,28926.69,28970.993543529512,22.760000000000048,11,6,1
2018-06-17 12:00:00,26905.0,29822.99,28841.637566089634,25.370000000000005,12,6,1
2018-06-17 13:00:00,26908.999999999996,28493.15,28399.33720493317,26.760000000000048,13,6,1
2018-06-17 14:00:00,25932.0,26545.39,27870.229797267915,28.74000000000001,14,6,1
2018-06-17 15:00:00,25249.0,25973.73,27441.041324043275,28.970000000000027,15,6,1
2018-06-17 16:00:00,24967.0,28795.241666666665,27239.16220035553,29.760000000000048,16,6,1
2018-06-17 17:00:00,25160.0,30546.92,27323.959734058382,31.0,17,6,1
2018-06-17 18:00:00,25612.0,28398.59,27705.686591339112,31.74000000000001,18,6,1
2018-06-17 19:00:00,26143.0,32459.56,28301.254423141483,30.610000000000014,19,6,1
2018-06-17 20:00:00,27070.999999999996,31183.27,28812.000304317477,29.980000000000018,20,6,1
2018-06-17 21:00:00,27959.0,29492.06,28418.221253585816,28.79000000000002,21,6,1
2018-06-17 22:00:00,26389.000000000004,27367.32,26490.991038227083,27.78000000000003,22,6,1
2018-06-17 23:00:00,24422.000000000004,25537.34,24420.30895547867,25.510000000000048,23,6,1
2018-06-18 00:00:00,22951.0,25078.34,23172.423478221895,23.430000000000007,0,6,0
2018-06-18 01:00:00,22081.0,22525.73,22334.38338737488,21.860000000000014,1,6,0
2018-06-18 02:00:00,21783.0,22409.6,21797.037709712986,20.860000000000014,2,6,0
2018-06-18 03:00:00,21805.000000000004,22065.78,21800.39503669739,20.430000000000007,3,6,0
2018-06-18 04:00:00,22273.0,23619.0,22500.130347633363,19.430000000000007,4,6,0
2018-06-18 05:00:00,24374.0,25767.96,24081.028478050233,17.860000000000014,5,6,0
2018-06-18 06:00:00,27194.0,27300.63,26374.712765026095,17.860000000000014,6,6,0
2018-06-18 07:00:00,29654.999999999996,29455.51,28763.439926815034,16.29000000000002,7,6,0
2018-06-18 08:00:00,31465.0,32435.12,30667.373955440522,16.710000000000036,8,6,0
2018-06-18 09:00:00,32562.0,32603.56,31912.339168643954,19.160000000000025,9,6,0
2018-06-18 10:00:00,33174.0,33000.8,32571.950149154665,20.970000000000027,10,6,0
2018-06-18 11:00:00,33909.0,31990.56,32760.297413825992,23.390000000000043,11,6,0
2018-06-18 12:00:00,34276.0,31819.41,32586.107081413273,24.970000000000027,12,6,0
2018-06-18 13:00:00,33565.0,34919.25,32207.141778182984,26.970000000000027,13,6,0
2018-06-18 14:00:00,32998.0,31177.76,31806.530872249605,28.57000000000005,14,6,0
2018-06-18 15:00:00,32969.0,35066.91,31521.02622718811,29.360000000000014,15,6,0
2018-06-18 16:00:00,32958.0,34119.1,31468.6665763855,29.960000000000036,16,6,0
2018-06-18 17:00:00,32504.0,32162.18,31648.19933166504,30.760000000000048,17,6,0
2018-06-18 18:00:00,32061.0,30979.99,31965.23599176407,30.77000000000004,18,6,0
2018-06-18 19:00:00,31681.0,31964.0,32231.302324008942,31.360000000000014,19,6,0
2018-06-18 20:00:00,31457.0,31163.61,32109.303165626527,30.58000000000004,20,6,0
2018-06-18 21:00:00,30606.0,30747.477833333338,31120.461713409426,29.58000000000004,21,6,0
2018-06-18 22:00:00,28100.000000000004,28750.1,29171.998541355137,28.52000000000004,22,6,0
2018-06-18 23:00:00,26818.0,28160.91,27065.518807029726,26.680000000000007,23,6,0
2018-06-19 00:00:00,25378.0,25401.02,25650.125909328464,24.0,0,6,0
2018-06-19 01:00:00,24349.0,24636.04,24610.060193252564,22.57000000000005,1,6,0
2018-06-19 02:00:00,23940.999999999996,24239.77,23771.85162563324,21.0,2,6,0
2018-06-19 03:00:00,23605.0,24544.99,23537.16348180771,19.0,3,6,0
2018-06-19 04:00:00,23921.0,23725.02,24116.831013011935,18.0,4,6,0
2018-06-19 05:00:00,25499.0,24420.4,25615.71513900757,16.430000000000007,5,6,0
2018-06-19 06:00:00,28114.0,27733.192166666664,27814.341901016236,16.0,6,6,0
2018-06-19 07:00:00,30220.0,29367.34,30152.50161418915,14.430000000000007,7,6,0
2018-06-19 08:00:00,31923.0,32096.34,32108.175103759768,16.210000000000036,8,6,0
2018-06-19 09:00:00,33073.0,33172.93,33461.78341817856,18.370000000000005,9,6,0
2018-06-19 10:00:00,33594.0,33014.89,34223.588990402226,20.78000000000003,10,6,0
2018-06-19 11:00:00,34508.0,33512.84333333334,34503.807371521,22.970000000000027,11,6,0
2018-06-19 12:00:00,34653.0,34740.12,34390.34192790985,24.379999999999995,12,6,0
2018-06-19 13:00:00,34020.0,32321.43,34020.12276668549,25.78000000000003,13,6,0
2018-06-19 14:00:00,33573.0,33779.68,33512.890480804446,27.57000000000005,14,6,0
2018-06-19 15:00:00,33510.0,32469.05,33023.99774618149,28.970000000000027,15,6,0
2018-06-19 16:00:00,33500.0,33780.89,32704.133606338502,30.360000000000014,16,6,0
2018-06-19 17:00:00,33100.0,33526.68,32607.071451950076,32.0,17,6,0
2018-06-19 18:00:00,32698.0,33612.16,32661.384456634525,31.970000000000027,18,6,0
2018-06-19 19:00:00,32516.0,31857.97,32679.045217418672,33.0,19,6,0
2018-06-19 20:00:00,32195.0,32170.76,32247.52248630524,31.78000000000003,20,6,0
2018-06-19 21:00:00,31326.0,31739.83,30944.716022968296,31.189999999999998,21,6,0
2018-06-19 22:00:00,28841.0,29924.73,28812.70595340729,31.02000000000004,22,6,0
2018-06-19 23:00:00,27475.0,27688.58,26764.492323684695,28.77000000000004,23,6,0
2018-06-20 00:00:00,25777.000000000004,25686.41,25502.833259868625,26.700000000000045,0,6,0
2018-06-20 01:00:00,24736.0,25232.325,24535.36394081116,23.860000000000014,1,6,0
2018-06-20 02:00:00,24422.000000000004,24818.15,23779.757825469973,24.430000000000007,2,6,0
2018-06-20 03:00:00,24210.0,24020.87,23632.240540313724,23.57000000000005,3,6,0
2018-06-20 04:00:00,24447.0,23981.36,24297.670073699952,22.0,4,6,0
2018-06-20 05:00:00,26116.0,25593.73,25854.373474597935,20.430000000000007,5,6,0
2018-06-20 06:00:00,28482.0,26494.66,28087.948179245,18.430000000000007,6,6,0
2018-06-20 07:00:00,30864.0,31151.0,30481.483033275606,17.430000000000007,7,6,0
2018-06-20 08:00:00,32538.0,33478.99,32544.256474494938,18.970000000000027,8,6,0
2018-06-20 09:00:00,33636.0,31812.39,34024.05633306503,20.57000000000005,9,6,0
2018-06-20 10:00:00,34469.0,32914.14666666667,34931.792090415955,22.970000000000027,10,6,0
2018-06-20 11:00:00,35190.0,34972.85,35348.37654771805,24.970000000000027,11,6,0
2018-06-20 12:00:00,35513.0,35422.2,35369.58264579773,26.170000000000016,12,6,0
2018-06-20 13:00:00,34769.0,32677.67,35121.47984418869,27.78000000000003,13,6,0
2018-06-20 14:00:00,34304.0,32878.97,34722.8247338295,29.170000000000016,14,6,0
2018-06-20 15:00:00,34311.0,29153.37,34289.92977161408,30.760000000000048,15,6,0
2018-06-20 16:00:00,34373.0,32729.88,33953.86011962891,31.170000000000016,16,6,0
2018-06-20 17:00:00,33809.0,31659.18,33775.02324666977,31.980000000000018,17,6,0
2018-06-20 18:00:00,33497.0,31260.2,33694.51332473755,32.400000000000034,18,6,0
2018-06-20 19:00:00,33103.0,30380.33,33586.67109861374,32.57000000000005,19,6,0
2018-06-20 20:00:00,32395.000000000004,30326.65,33083.67514896393,32.77000000000004,20,6,0
2018-06-20 21:00:00,31629.0,30904.4,31864.79453516007,31.980000000000018,21,6,0
2018-06-20 22:00:00,29263.000000000004,29475.53,29869.485053634646,30.79000000000002,22,6,0
2018-06-20 23:00:00,27761.0,27499.51,27714.427849960328,29.0,23,6,0
2018-06-21 00:00:00,26297.999999999996,27450.56,26166.104337215427,29.0,0,6,0
2018-06-21 01:00:00,25212.0,26457.5,25040.696590042116,27.54000000000002,1,6,0
2018-06-21 02:00:00,24897.0,23559.47,24161.23318843842,27.140000000000043,2,6,0
2018-06-21 03:00:00,24604.0,24741.01,23912.654256820682,25.140000000000043,3,6,0
2018-06-21 04:00:00,25001.000000000004,25023.76,24502.100765895844,23.57000000000005,4,6,0
2018-06-21 05:00:00,26571.0,27532.93,26023.568104457856,22.140000000000043,5,6,0
2018-06-21 06:00:00,28993.0,28219.17,28278.199963951112,20.430000000000007,6,6,0
2018-06-21 07:00:00,31206.0,30292.846666666668,30757.54809570313,20.0,7,6,0
2018-06-21 08:00:00,33032.0,28078.63,32928.940221214296,20.0,8,6,0
2018-06-21 09:00:00,34119.0,33549.2,34518.740761947636,21.350000000000023,9,6,0
2018-06-21 10:00:00,34753.0,29857.54,35528.68820285797,24.210000000000036,10,6,0
2018-06-21 11:00:00,35347.0,33244.03,36027.67001028061,25.170000000000016,11,6,0
2018-06-21 12:00:00,35856.0,34844.85,36117.65858192444,26.760000000000048,12,6,0
2018-06-21 13:00:00,35232.0,32548.28,35907.89767532349,27.78000000000003,13,6,0
2018-06-21 14:00:00,34743.0,31155.48,35497.10247058869,29.170000000000016,14,6,0
2018-06-21 15:00:00,34875.0,32551.38,35023.09429254532,29.970000000000027,15,6,0
2018-06-21 16:00:00,34818.0,29914.26,34604.55648136139,32.0,16,6,0
2018-06-21 17:00:00,34269.0,32950.01,34359.999017047885,31.760000000000048,17,6,0
2018-06-21 18:00:00,33725.0,31676.61,34235.1113366127,32.379999999999995,18,6,0
2018-06-21 19:00:00,33169.0,31255.66,34055.771475028996,32.78000000000003,19,6,0
2018-06-21 20:00:00,32652.000000000004,30504.56,33519.83221216202,32.210000000000036,20,6,0
2018-06-21 21:00:00,31887.0,32747.63,32304.628787040714,32.410000000000025,21,6,0
2018-06-21 22:00:00,29578.0,30792.168333333335,30360.37509260178,30.55000000000001,22,6,0
2018-06-21 23:00:00,28355.0,28935.46,28178.471481513978,28.260000000000048,23,6,0
2018-06-22 00:00:00,26648.000000000004,25194.86,26466.923276710513,24.860000000000014,0,6,0
2018-06-22 01:00:00,25441.0,23982.37,25207.000256156924,23.430000000000007,1,6,0
2018-06-22 02:00:00,25028.0,23696.17,24192.3891828537,22.0,2,6,0
2018-06-22 03:00:00,24828.0,23249.2,23813.477596855166,20.57000000000005,3,6,0
2018-06-22 04:00:00,25145.0,23443.43,24252.464581489567,20.0,4,6,0
2018-06-22 05:00:00,26756.0,25217.72,25614.65056114197,19.0,5,6,0
2018-06-22 06:00:00,29243.0,25593.59,27745.129689598085,18.430000000000007,6,6,0
2018-06-22 07:00:00,31360.0,32637.78,30134.42576570511,18.430000000000007,7,6,0
2018-06-22 08:00:00,33300.0,32128.93,32204.690319061283,18.950000000000045,8,6,0
2018-06-22 09:00:00,34478.0,31869.47,33678.93288583756,21.57000000000005,9,6,0
2018-06-22 10:00:00,35207.0,34825.16,34548.109437561034,23.970000000000027,10,6,0
2018-06-22 11:00:00,36037.0,35299.42,34878.57540559769,26.379999999999995,11,6,0
2018-06-22 12:00:00,36403.0,35007.79666666666,34822.42136487961,27.760000000000048,12,6,0
2018-06-22 13:00:00,35553.0,31824.63,34484.35685024261,29.170000000000016,13,6,0
2018-06-22 14:00:00,34690.0,32970.46,34020.259501457214,31.0,14,6,0
2018-06-22 15:00:00,34563.0,31079.0,33559.10439195633,32.0,15,6,0
2018-06-22 16:00:00,34426.0,31531.47,33250.39634447098,31.970000000000027,16,6,0
2018-06-22 17:00:00,33890.0,32571.4,33101.44578590393,32.98000000000002,17,6,0
2018-06-22 18:00:00,33344.0,32717.27,33140.35659523011,32.98000000000002,18,6,0
2018-06-22 19:00:00,32566.0,29237.36,33123.95330600739,33.58000000000004,19,6,0
2018-06-22 20:00:00,31783.999999999996,32317.596666666668,32697.35058498383,33.360000000000014,20,6,0
2018-06-22 21:00:00,30983.0,31494.54,31512.94910888672,32.79000000000002,21,6,0
2018-06-22 22:00:00,29135.000000000004,30539.51,29601.233406734467,31.730000000000018,22,6,0
2018-06-22 23:00:00,28162.0,28795.43,27626.81260328293,28.33000000000004,23,6,0
2018-06-23 00:00:00,26703.0,25875.48,26188.63383255005,27.430000000000007,0,6,1
2018-06-23 01:00:00,25262.999999999996,25370.59,25015.89876251221,25.430000000000007,1,6,1
2018-06-23 02:00:00,24532.0,24643.04,23986.410457706454,24.430000000000007,2,6,1
2018-06-23 03:00:00,23981.0,24426.25,23444.782051658633,24.0,3,6,1
2018-06-23 04:00:00,23579.0,24434.95,23449.931580829623,23.0,4,6,1
2018-06-23 05:00:00,23500.0,23303.282000000003,23999.62245502472,20.860000000000014,5,6,1
2018-06-23 06:00:00,24206.0,23452.52,25057.76646127701,20.0,6,6,1
2018-06-23 07:00:00,26117.0,25724.12,26502.994397830964,19.0,7,6,1
2018-06-23 08:00:00,28368.0,24531.76,28117.980995178226,19.950000000000045,8,6,1
2018-06-23 09:00:00,30180.0,29757.37,29633.168301010133,22.189999999999998,9,6,1
2018-06-23 10:00:00,30976.999999999996,30403.11,30807.072941684724,24.180000000000007,10,6,1
2018-06-23 11:00:00,31535.0,29654.24,31515.722871398928,26.170000000000016,11,6,1
2018-06-23 12:00:00,31889.0,30167.56,31745.195560359956,27.78000000000003,12,6,1
2018-06-23 13:00:00,31458.000000000004,33325.38,31587.38165855408,29.970000000000027,13,6,1
2018-06-23 14:00:00,30595.0,28587.61,31181.953293609622,31.57000000000005,14,6,1
2018-06-23 15:00:00,29769.0,31189.5,30696.21522550583,32.97000000000003,15,6,1
2018-06-23 16:00:00,29513.0,31216.28,30322.30666713715,34.160000000000025,16,6,1
2018-06-23 17:00:00,29355.0,31172.35,30198.573907184604,34.55000000000001,17,6,1
2018-06-23 18:00:00,29396.999999999996,29288.32,30301.35938844681,34.97000000000003,18,6,1
2018-06-23 19:00:00,29286.0,30324.17,30528.087615203858,34.98000000000002,19,6,1
2018-06-23 20:00:00,29056.0,30188.1,30514.931776809695,35.170000000000016,20,6,1
2018-06-23 21:00:00,28844.000000000004,30319.76,29671.439386940005,33.55000000000001,21,6,1
2018-06-23 22:00:00,27269.0,27977.79,27714.606093502047,32.81,22,6,1
2018-06-23 23:00:00,25715.999999999996,24783.56,25527.560278320314,29.340000000000032,23,6,1
2018-06-24 00:00:00,24383.0,22413.71,24036.084246921542,27.430000000000007,0,6,1
2018-06-24 01:00:00,23256.0,22684.83,22989.48212041855,25.860000000000014,1,6,1
2018-06-24 02:00:00,22580.000000000004,21777.4,22200.214834308626,24.860000000000014,2,6,1
2018-06-24 03:00:00,22124.0,21994.5,21895.164441967012,24.430000000000007,3,6,1
2018-06-24 04:00:00,21877.0,22224.45,22071.960060119633,23.0,4,6,1
2018-06-24 05:00:00,21620.0,21850.3,22711.05349979401,20.860000000000014,5,6,1
2018-06-24 06:00:00,21394.0,23045.11,23784.39459924698,20.0,6,6,1
2018-06-24 07:00:00,22616.999999999996,31122.54,25191.895947265628,20.0,7,6,1
2018-06-24 08:00:00,24327.999999999996,27425.92,26737.160019493105,20.189999999999998,8,6,1
2018-06-24 09:00:00,25740.0,26892.58,28165.708755588534,20.950000000000045,9,6,1
2018-06-24 10:00:00,26843.999999999996,27959.55,29246.52143363953,23.78000000000003,10,6,1
2018-06-24 11:00:00,27739.0,28988.76,29852.39076547623,25.590000000000032,11,6,1
2018-06-24 12:00:00,28468.0,26919.22,29989.281805515293,27.590000000000032,12,6,1
2018-06-24 13:00:00,28939.0,28751.89,29772.454641246797,29.590000000000032,13,6,1
2018-06-24 14:00:00,28232.999999999996,30220.21,29369.182290649416,31.350000000000023,14,6,1
2018-06-24 15:00:00,27710.0,28683.64,28972.272990322115,33.370000000000005,15,6,1
2018-06-24 16:00:00,27635.0,29506.14,28731.243771457674,34.57000000000005,16,6,1
2018-06-24 17:00:00,27641.0,30003.26,28736.78152971268,35.76000000000005,17,6,1
2018-06-24 18:00:00,27872.0,31957.24,29014.089413547517,36.360000000000014,18,6,1
2018-06-24 19:00:00,28204.0,31577.41,29460.85807170868,37.0,19,6,1
2018-06-24 20:00:00,28877.999999999996,31370.62,29763.63524847031,37.0,20,6,1
2018-06-24 21:00:00,29905.0,30014.79,29244.892824840546,35.19,21,6,1
2018-06-24 22:00:00,28273.0,27873.49,27493.50108423233,33.55000000000001,22,6,1
2018-06-24 23:00:00,26168.999999999996,27309.52,25427.782962036134,31.04000000000002,23,6,1
2018-06-25 00:00:00,24549.000000000004,26756.53,23989.323396682743,29.410000000000025,0,6,0
2018-06-25 01:00:00,23529.0,23501.87,23085.902109718325,27.430000000000007,1,6,0
2018-06-25 02:00:00,23106.0,22674.5,22489.047506046296,26.430000000000007,2,6,0
2018-06-25 03:00:00,22985.0,22450.14,22482.860257625583,24.430000000000007,3,6,0
2018-06-25 04:00:00,23473.0,22543.35,23267.2807844162,23.430000000000007,4,6,0
2018-06-25 05:00:00,25449.0,24117.01,24982.471994209292,21.860000000000014,5,6,0
2018-06-25 06:00:00,28007.999999999996,26657.44,27398.70237865448,20.430000000000007,6,6,0
2018-06-25 07:00:00,30594.0,28510.93,29953.8626162529,19.860000000000014,7,6,0
2018-06-25 08:00:00,32881.0,30512.36,32119.12365226746,20.189999999999998,8,6,0
2018-06-25 09:00:00,34227.0,32171.36333333333,33679.54575061798,22.560000000000002,9,6,0
2018-06-25 10:00:00,34880.0,31033.45,34665.247186470035,24.970000000000027,10,6,0
2018-06-25 11:00:00,35800.0,32672.53,35152.67734737397,26.180000000000007,11,6,0
2018-06-25 12:00:00,36379.0,35175.85,35275.77282562256,28.180000000000007,12,6,0
2018-06-25 13:00:00,35953.0,33216.29,35138.86469373703,29.970000000000027,13,6,0
2018-06-25 14:00:00,35537.0,32979.64,34861.51774282456,31.970000000000027,14,6,0
2018-06-25 15:00:00,35565.0,33608.8,34566.527122974396,33.57000000000005,15,6,0
2018-06-25 16:00:00,35521.0,33332.86,34337.32790355683,34.97000000000003,16,6,0
2018-06-25 17:00:00,34916.0,33318.22,34243.87457046509,35.57000000000005,17,6,0
2018-06-25 18:00:00,34367.0,34203.85,34245.03681602478,37.0,18,6,0
2018-06-25 19:00:00,33898.0,34389.88,34207.14419240952,36.77000000000004,19,6,0
2018-06-25 20:00:00,32904.0,34864.049333333336,33871.32359304428,35.19,20,6,0
2018-06-25 21:00:00,32237.999999999996,31320.396666666664,32919.01230010986,33.79000000000002,21,6,0
2018-06-25 22:00:00,29832.0,28987.5,31191.99597425461,33.05000000000001,22,6,0
2018-06-25 23:00:00,28393.000000000004,27022.85,29074.38456449509,30.57000000000005,23,6,0
2018-06-26 00:00:00,26760.0,27966.49,27385.4757311821,30.0,0,6,0
2018-06-26 01:00:00,25532.0,26215.35,26275.49459629059,28.430000000000007,1,6,0
2018-06-26 02:00:00,25074.0,24480.28,25365.287846279145,25.860000000000014,2,6,0
2018-06-26 03:00:00,25132.000000000004,25352.46,25133.248938655855,25.29000000000002,3,6,0
2018-06-26 04:00:00,25377.0,25110.41,25848.61352233887,23.29000000000002,4,6,0
2018-06-26 05:00:00,26865.0,26883.66,27557.08275308609,22.480000000000018,5,6,0
2018-06-26 06:00:00,29097.0,28145.96,29948.879122161867,20.860000000000014,6,6,0
2018-06-26 07:00:00,31224.0,31155.784,32455.647459030155,20.430000000000007,7,6,0
2018-06-26 08:00:00,33508.0,26020.67,34596.43785429001,19.950000000000045,8,6,0
2018-06-26 09:00:00,34660.0,33292.17333333333,36196.80603952408,22.57000000000005,9,6,0
2018-06-26 10:00:00,35354.0,33344.21,37255.05748023987,24.189999999999998,10,6,0
2018-06-26 11:00:00,36184.0,33967.59,37854.29761734009,25.170000000000016,11,6,0
2018-06-26 12:00:00,36653.0,35475.477999999996,38088.29476222992,26.970000000000027,12,6,0
2018-06-26 13:00:00,36209.0,33594.17,37992.95155925751,29.170000000000016,13,6,0
2018-06-26 14:00:00,35709.0,32648.73,37631.61283311844,29.970000000000027,14,6,0
2018-06-26 15:00:00,35671.0,31746.23,37080.69622936249,31.760000000000048,15,6,0
2018-06-26 16:00:00,35641.0,30652.52,36450.722510623935,32.960000000000036,16,6,0
2018-06-26 17:00:00,34963.0,32984.36,35858.165285491945,33.97000000000003,17,6,0
2018-06-26 18:00:00,34315.0,31784.646666666664,35368.8061876297,34.379999999999995,18,6,0
2018-06-26 19:00:00,33679.0,30767.610666666664,34853.18668851852,34.379999999999995,19,6,0
2018-06-26 20:00:00,33164.0,31451.707333333336,34124.18036966324,33.79000000000002,20,6,0
2018-06-26 21:00:00,32441.0,31388.916666666664,32863.79831094742,33.19,21,6,0
2018-06-26 22:00:00,29878.000000000004,30102.17,30896.827110862734,32.55000000000001,22,6,0
2018-06-26 23:00:00,28418.0,28956.47,28645.574553585055,29.930000000000007,23,6,0
2018-06-27 00:00:00,26715.999999999996,26722.26,26917.62061786652,31.0,0,6,0
2018-06-27 01:00:00,25535.0,25770.90833333333,25728.03787059784,28.0,1,6,0
2018-06-27 02:00:00,25007.0,25758.43,24773.48022069931,27.0,2,6,0
2018-06-27 03:00:00,24923.0,26414.12,24501.536734962465,26.0,3,6,0
2018-06-27 04:00:00,25282.0,25958.44,25144.895811176302,25.0,4,6,0
2018-06-27 05:00:00,26752.0,23822.68,26784.89510498047,23.57000000000005,5,6,0
2018-06-27 06:00:00,29059.0,28344.67,29153.04368362427,22.860000000000014,6,6,0
2018-06-27 07:00:00,31297.000000000004,31558.32,31688.311453628543,23.0,7,6,0
2018-06-27 08:00:00,33351.0,32592.68,33869.74381809235,21.74000000000001,8,6,0
2018-06-27 09:00:00,34486.0,33733.09666666667,35504.764501190184,21.590000000000032,9,6,0
2018-06-27 10:00:00,35222.0,31074.68,36580.08581314087,23.27000000000004,10,6,0
2018-06-27 11:00:00,36273.0,35292.95,37184.01644124985,24.57000000000005,11,6,0
2018-06-27 12:00:00,36815.0,35512.54,37413.20345220566,26.140000000000043,12,6,0
2018-06-27 13:00:00,36035.0,32614.16,37312.90605545044,27.760000000000048,13,6,0
2018-06-27 14:00:00,35371.0,32113.1,36941.19013681412,29.160000000000025,14,6,0
2018-06-27 15:00:00,35419.0,31226.71,36456.265152263644,30.170000000000016,15,6,0
2018-06-27 16:00:00,35368.0,32678.42,35935.07615289688,31.5,16,6,0
2018-06-27 17:00:00,34732.0,31615.01,35491.088582324985,30.58000000000004,17,6,0
2018-06-27 18:00:00,34162.0,31306.19,35139.71928606033,30.77000000000004,18,6,0
2018-06-27 19:00:00,33552.0,35018.12,34760.86630067825,30.960000000000036,19,6,0
2018-06-27 20:00:00,32788.0,32463.89,34098.22517995835,30.58000000000004,20,6,0
2018-06-27 21:00:00,31972.0,30694.92,32842.60197963715,29.79000000000002,21,6,0
2018-06-27 22:00:00,29628.0,30083.33,30852.82781467438,29.03000000000003,22,6,0
2018-06-27 23:00:00,28405.0,28758.67,28523.360526275635,26.220000000000027,23,6,0
2018-06-28 00:00:00,26871.0,24589.65,26637.68547306061,25.860000000000014,0,6,0
2018-06-28 01:00:00,25704.0,24063.649333333335,25274.488632774355,24.0,1,6,0
2018-06-28 02:00:00,25129.0,24129.22,24178.681521987917,23.430000000000007,2,6,0
2018-06-28 03:00:00,24924.0,24435.34,23737.33830423355,21.430000000000007,3,6,0
2018-06-28 04:00:00,25190.0,24447.53,24134.44538164139,20.430000000000007,4,6,0
2018-06-28 05:00:00,26699.0,25988.71,25496.462884521487,19.430000000000007,5,6,0
2018-06-28 06:00:00,28939.0,25180.56,27660.449357128145,18.430000000000007,6,6,0
2018-06-28 07:00:00,31028.0,28397.28,30076.14256925583,17.860000000000014,7,6,0
2018-06-28 08:00:00,33287.0,32384.06,32129.503286457064,18.970000000000027,8,6,0
2018-06-28 09:00:00,34345.0,29233.27,33555.24895973206,19.57000000000005,9,6,0
2018-06-28 10:00:00,35012.0,30468.154523809528,34384.01794471741,22.760000000000048,10,6,0
2018-06-28 11:00:00,35847.0,28861.7,34694.06403961182,24.180000000000007,11,6,0
2018-06-28 12:00:00,36268.0,35315.27,34616.62332496643,26.160000000000025,12,6,0
2018-06-28 13:00:00,35426.0,32693.48,34261.72822494507,27.950000000000045,13,6,0
2018-06-28 14:00:00,34766.0,32399.62,33766.763001441956,30.0,14,6,0
2018-06-28 15:00:00,34552.0,27423.73,33287.0730052948,29.390000000000043,15,6,0
2018-06-28 16:00:00,34418.0,31679.43,32972.87603340149,30.560000000000002,16,6,0
2018-06-28 17:00:00,33784.0,25768.18,32856.52695112229,30.170000000000016,17,6,0
2018-06-28 18:00:00,33216.0,32312.62,32960.35991840363,30.980000000000018,18,6,0
2018-06-28 19:00:00,32582.0,30193.52,33009.584436225894,32.0,19,6,0
2018-06-28 20:00:00,32058.0,28969.86,32618.527872467042,29.465000000000032,20,6,0
2018-06-28 21:00:00,31450.0,29558.95,31408.832905292515,29.78000000000003,21,6,0
2018-06-28 22:00:00,29281.0,29475.61,29413.569815921786,29.29000000000002,22,6,0
2018-06-28 23:00:00,28167.999999999996,27128.45,27331.716990661622,27.370000000000005,23,6,0
2018-06-29 00:00:00,26452.0,22644.63,25848.637939262393,25.640000000000043,0,6,0
2018-06-29 01:00:00,25301.0,24497.98,24697.121175765995,24.57000000000005,1,6,0
2018-06-29 02:00:00,24885.0,23776.14,23791.600033378603,21.710000000000036,2,6,0
2018-06-29 03:00:00,24646.000000000004,22735.89,23490.046144485477,22.140000000000043,3,6,0
2018-06-29 04:00:00,24928.0,23704.38,23959.437082290653,22.0,4,6,0
2018-06-29 05:00:00,26425.999999999996,25537.65,25310.71846389771,21.0,5,6,0
2018-06-29 06:00:00,28657.0,29346.07,27408.994111919405,19.510000000000048,6,6,0
2018-06-29 07:00:00,30562.0,31694.26,29766.0207818985,18.49000000000001,7,6,0
2018-06-29 08:00:00,32602.0,31683.08,31816.641920280457,18.210000000000036,8,6,0
2018-06-29 09:00:00,33768.0,32979.55,33267.32215585709,19.79000000000002,9,6,0
2018-06-29 10:00:00,34488.0,31843.63,34129.705919456486,21.200000000000045,10,6,0
2018-06-29 11:00:00,35248.0,32562.856666666667,34460.169445800784,22.400000000000034,11,6,0
2018-06-29 12:00:00,35471.0,32125.94,34404.99208202362,24.170000000000016,12,6,0
2018-06-29 13:00:00,34738.0,30570.43,34063.787551021574,25.400000000000034,13,6,0
2018-06-29 14:00:00,33913.0,28166.46,33579.206845092776,27.400000000000034,14,6,0
2018-06-29 15:00:00,33702.0,28421.18,33083.8045586586,27.80000000000001,15,6,0
2018-06-29 16:00:00,33480.0,27950.21,32806.89467067719,28.980000000000018,16,6,0
2018-06-29 17:00:00,32866.0,27053.01,32724.73904809952,29.370000000000005,17,6,0
2018-06-29 18:00:00,32425.0,30193.61,32825.90568733215,29.99000000000001,18,6,0
2018-06-29 19:00:00,31803.0,30819.53,32836.5441409111,30.600000000000023,19,6,0
2018-06-29 20:00:00,31206.0,31299.71,32370.95491809845,30.360000000000014,20,6,0
2018-06-29 21:00:00,30655.999999999996,30796.23,31101.741258144382,30.0,21,6,0
2018-06-29 22:00:00,28702.0,28960.4,29070.795276737215,27.24000000000001,22,6,0
2018-06-29 23:00:00,27957.0,25978.83,26994.416725730898,23.650000000000034,23,6,0
2018-06-30 00:00:00,26414.0,24258.71,25506.07338562012,22.05000000000001,0,6,1
2018-06-30 01:00:00,25080.0,23826.03,24296.227033519746,21.980000000000018,1,6,1
2018-06-30 02:00:00,24330.0,21832.28,23288.599200344088,21.0,2,6,1
2018-06-30 03:00:00,23956.0,21309.75,22803.69619102478,20.49000000000001,3,6,1
2018-06-30 04:00:00,23763.0,21260.93,22849.2532869339,19.980000000000018,4,6,1
2018-06-30 05:00:00,23722.0,23687.73,23421.944903087617,19.470000000000027,5,6,1
2018-06-30 06:00:00,24234.0,27653.65,24506.11734981537,18.980000000000018,6,6,1
2018-06-30 07:00:00,26160.0,26739.47,25984.97227344513,18.860000000000014,7,6,1
2018-06-30 08:00:00,28311.0,26745.07,27607.135004615786,19.74000000000001,8,6,1
2018-06-30 09:00:00,29972.0,32546.59,29048.80051202774,19.74000000000001,9,6,1
2018-06-30 10:00:00,30712.0,32546.88,30064.81311674118,19.600000000000023,10,6,1
2018-06-30 11:00:00,30933.0,32092.43,30563.130783843997,21.0,11,6,1
2018-06-30 12:00:00,31161.0,33547.97,30574.811840057377,21.99000000000001,12,6,1
2018-06-30 13:00:00,30643.0,29688.71,30228.220935726167,23.170000000000016,13,6,1
2018-06-30 14:00:00,29610.0,29434.13,29721.357345390323,22.960000000000036,14,6,1
2018-06-30 15:00:00,28967.0,27239.24,29238.40280656815,22.78000000000003,15,6,1
2018-06-30 16:00:00,28840.0,29443.02,28950.329501152042,24.80000000000001,16,6,1
2018-06-30 17:00:00,28582.0,29029.51,28915.808854675295,26.189999999999998,17,6,1
2018-06-30 18:00:00,28581.0,30764.98,29150.887669277192,26.590000000000032,18,6,1
2018-06-30 19:00:00,28506.0,32242.0575,29528.019261550904,28.160000000000025,19,6,1
2018-06-30 20:00:00,28608.0,32467.53,29678.893873691562,27.25,20,6,1
2018-06-30 21:00:00,28903.0,31491.4,28872.742284965516,28.02000000000004,21,6,1
2018-06-30 22:00:00,27246.0,26548.88,26713.10690813065,26.760000000000048,22,6,1
2018-06-30 23:00:00,25450.0,26048.319166666668,24481.55880813599,26.02000000000004,23,6,1
2018-07-01 00:00:00,23662.0,24471.24,23144.038804626467,23.450000000000045,0,7,1
2018-07-01 01:00:00,22130.000000000004,23982.16,22152.523699283603,22.720000000000027,1,7,1
2018-07-01 02:00:00,21250.0,23001.08,21462.25727128983,21.720000000000027,2,7,1
2018-07-01 03:00:00,20994.0,21803.97,21285.33468513489,20.720000000000027,3,7,1
2018-07-01 04:00:00,20974.0,21649.12,21577.439224624635,19.960000000000036,4,7,1
2018-07-01 05:00:00,21422.999999999996,21728.05,22307.18781795502,20.470000000000027,5,7,1
2018-07-01 06:00:00,22259.000000000004,26839.27,23487.48480920792,20.470000000000027,6,7,1
2018-07-01 07:00:00,22981.0,25514.07,25037.546806907656,19.860000000000014,7,7,1
2018-07-01 08:00:00,24643.0,23617.47,26701.57723684311,18.74000000000001,8,7,1
2018-07-01 09:00:00,26939.000000000004,26099.25,28133.03158683777,18.32900000000012,9,7,1
2018-07-01 10:00:00,28050.0,29905.01,29073.942618179324,19.78000000000003,10,7,1
2018-07-01 11:00:00,28642.0,28726.86,29443.519614315035,20.980000000000018,11,7,1
2018-07-01 12:00:00,29426.999999999996,32360.95,29305.754448413853,22.360000000000014,12,7,1
2018-07-01 13:00:00,29679.0,29608.34,28840.182317447663,23.350000000000023,13,7,1
2018-07-01 14:00:00,28490.999999999996,30775.87,28273.15298585892,25.58000000000004,14,7,1
2018-07-01 15:00:00,27811.000000000004,29355.42,27804.68500776291,25.78000000000003,15,7,1
2018-07-01 16:00:00,28043.0,28704.39,27577.417166996005,26.5,16,7,1
2018-07-01 17:00:00,30460.999999999996,28003.41,27652.70675067902,26.370000000000005,17,7,1
2018-07-01 18:00:00,31765.0,27355.71,28051.7769487381,26.57000000000005,18,7,1
2018-07-01 19:00:00,32899.0,25783.49,28698.00013008118,26.390000000000043,19,7,1
2018-07-01 20:00:00,32866.0,29502.17,29248.88499183655,26.189999999999998,20,7,1
2018-07-01 21:00:00,31471.0,27753.18,28840.621822071076,25.58000000000004,21,7,1
2018-07-01 22:00:00,28895.0,27040.69,26754.10292272568,25.03000000000003,22,7,1
2018-07-01 23:00:00,29682.000000000004,27314.825,24495.20054330826,23.32000000000005,23,7,1
2018-07-02 00:00:00,27419.0,24213.02,23126.483036613467,22.430000000000007,0,7,0
2018-07-02 01:00:00,26095.0,23132.475,22183.44773292542,21.860000000000014,1,7,0
2018-07-02 02:00:00,25574.0,23447.095,21578.12534017563,19.720000000000027,2,7,0
2018-07-02 03:00:00,25490.999999999996,23626.885,21548.668763637546,19.150000000000034,3,7,0
2018-07-02 04:00:00,26150.0,22183.49,22224.138535976414,17.720000000000027,4,7,0
2018-07-02 05:00:00,28981.0,25077.13,23815.787437820436,19.0,5,7,0
2018-07-02 06:00:00,34156.0,26995.77,26179.360284996033,15.720000000000027,6,7,0
2018-07-02 07:00:00,37284.0,27392.8,28607.005581188205,14.430000000000007,7,7,0
2018-07-02 08:00:00,38717.0,31437.35,30459.161081790928,14.730000000000018,8,7,0
2018-07-02 09:00:00,39468.0,32140.95,31606.91763906479,17.140000000000043,9,7,0
2018-07-02 10:00:00,39217.0,31859.81,32173.3756146431,19.379999999999995,10,7,0
2018-07-02 11:00:00,38876.0,32342.81,32267.40030374527,20.950000000000045,11,7,0
2018-07-02 12:00:00,38694.0,31785.49,31998.15488805771,22.360000000000014,12,7,0
2018-07-02 13:00:00,37560.0,32131.22,31532.646241092683,24.0,13,7,0
2018-07-02 14:00:00,37095.0,31063.12,31071.89645252228,24.560000000000002,14,7,0
2018-07-02 15:00:00,36883.0,30892.29,30779.66982841492,26.0,15,7,0
2018-07-02 16:00:00,36827.0,30885.2,30755.926811981204,25.960000000000036,16,7,0
2018-07-02 17:00:00,37645.0,30820.58,31003.170137882236,26.560000000000002,17,7,0
2018-07-02 18:00:00,39948.0,31156.67,31420.868006896973,26.57000000000005,18,7,0
2018-07-02 19:00:00,40620.0,31143.75,31772.950277328495,27.0,19,7,0
2018-07-02 20:00:00,39824.0,30739.17,31632.777602767947,26.79000000000002,20,7,0
2018-07-02 21:00:00,36818.0,30706.57,30417.347100257877,26.189999999999998,21,7,0
2018-07-02 22:00:00,32993.0,28977.24,28148.980721282962,25.03000000000003,22,7,0
2018-07-02 23:00:00,27990.0,27171.59,26026.534760665894,23.370000000000005,23,7,0
2018-07-03 00:00:00,26084.0,26186.79,24769.053432464603,22.370000000000005,0,7,0
2018-07-03 01:00:00,24947.0,24224.12,23770.428118991855,20.860000000000014,1,7,0
2018-07-03 02:00:00,24421.000000000004,23366.06,23012.24113483429,20.430000000000007,2,7,0
2018-07-03 03:00:00,24342.0,24334.52,22852.71072330475,18.430000000000007,3,7,0
2018-07-03 04:00:00,25120.0,24240.79,23472.31457462311,16.860000000000014,4,7,0
2018-07-03 05:00:00,27845.999999999996,25843.565833333334,25005.8878238678,15.860000000000014,5,7,0
2018-07-03 06:00:00,32120.0,27897.62,27216.96721687317,14.860000000000014,6,7,0
2018-07-03 07:00:00,34875.0,30213.11,29447.824317932133,14.860000000000014,7,7,0
2018-07-03 08:00:00,36076.0,31489.05,31142.317301654817,14.689999999999998,8,7,0
2018-07-03 09:00:00,36175.0,33406.57,32210.01076669693,17.560000000000002,9,7,0
2018-07-03 10:00:00,35863.0,33067.81,32759.291436576845,19.75,10,7,0
2018-07-03 11:00:00,35292.0,33785.83047619047,32894.111921501164,21.760000000000048,11,7,0
2018-07-03 12:00:00,34965.0,29979.35,32697.375001907352,23.160000000000025,12,7,0
2018-07-03 13:00:00,33976.0,33875.29,32288.884754753115,24.57000000000005,13,7,0
2018-07-03 14:00:00,33462.0,33185.34,31824.477311038972,25.760000000000048,14,7,0
2018-07-03 15:00:00,33062.0,33432.72,31476.26023960114,27.160000000000025,15,7,0
2018-07-03 16:00:00,32879.0,32897.69,31342.38224792481,28.150000000000034,16,7,0
2018-07-03 17:00:00,33091.0,32874.11,31480.994681072236,30.0,17,7,0
2018-07-03 18:00:00,35806.0,32069.35,31799.89679412842,29.57000000000005,18,7,0
2018-07-03 19:00:00,37081.0,32677.77,32076.39647779465,29.980000000000018,19,7,0
2018-07-03 20:00:00,36094.0,32223.67,31817.34512767792,31.0,20,7,0
2018-07-03 21:00:00,33493.0,30518.5,30407.277560997012,29.58000000000004,21,7,0
2018-07-03 22:00:00,30326.0,29703.27,28043.23102550507,29.29000000000002,22,7,0
2018-07-03 23:00:00,27076.0,28614.66,26032.792818164828,26.220000000000027,23,7,0
2018-07-04 00:00:00,25159.0,24875.33,24920.1868639946,23.29000000000002,0,7,0
2018-07-04 01:00:00,23804.0,24263.38,23979.761729431153,22.430000000000007,1,7,0
2018-07-04 02:00:00,23163.999999999996,23533.6,23272.296020507816,20.430000000000007,2,7,0
2018-07-04 03:00:00,22800.0,25195.01,23151.705718612673,18.860000000000014,3,7,0
2018-07-04 04:00:00,22603.0,25081.76,23805.869283485416,18.470000000000027,4,7,0
2018-07-04 05:00:00,23126.0,25688.731666666667,25333.57514600754,17.470000000000027,5,7,0
2018-07-04 06:00:00,24012.0,27863.720833333336,27489.98748893738,15.980000000000018,6,7,0
2018-07-04 07:00:00,25351.0,29257.9,29676.61577472687,15.430000000000007,7,7,0
2018-07-04 08:00:00,27939.000000000004,31682.72,31377.640285491947,16.0,8,7,0
2018-07-04 09:00:00,29814.000000000004,34763.85,32481.35847949982,18.99000000000001,9,7,0
2018-07-04 10:00:00,30452.0,33715.35,33071.12485027313,20.160000000000025,10,7,0
2018-07-04 11:00:00,30422.0,34472.1,33265.48111982346,21.970000000000027,11,7,0
2018-07-04 12:00:00,30282.0,34594.79,33148.707183074956,23.79000000000002,12,7,0
2018-07-04 13:00:00,29350.0,33695.02,32828.63549938202,24.980000000000018,13,7,0
2018-07-04 14:00:00,27873.0,33758.53,32441.51494369507,25.99000000000001,14,7,0
2018-07-04 15:00:00,26869.0,33744.07,32130.30660324097,27.0,15,7,0
2018-07-04 16:00:00,26437.0,33737.76,31992.8783908844,26.400000000000034,16,7,0
2018-07-04 17:00:00,26246.0,33607.98,32076.169400405885,26.590000000000032,17,7,0
2018-07-04 18:00:00,26631.0,32416.36,32279.16681919098,27.390000000000043,18,7,0
2018-07-04 19:00:00,27980.0,32017.14,32408.48128786087,26.980000000000018,19,7,0
2018-07-04 20:00:00,29934.0,31381.17,31989.89708452225,26.78000000000003,20,7,0
2018-07-04 21:00:00,28499.0,31583.005666666664,30514.411696338655,25.79000000000002,21,7,0
2018-07-04 22:00:00,26784.0,29838.35,28197.88049402237,25.28000000000003,22,7,0
2018-07-04 23:00:00,23630.0,27297.953999999998,26134.22316017151,23.680000000000007,23,7,0
2018-07-05 00:00:00,22012.0,26065.2,24893.909370899204,22.470000000000027,0,7,0
2018-07-05 01:00:00,21199.0,25822.15,23854.278276062014,21.29000000000002,1,7,0
2018-07-05 02:00:00,20892.0,24626.71,23076.411251544956,19.29000000000002,2,7,0
2018-07-05 03:00:00,20943.0,25168.82,22895.784618091584,18.29000000000002,3,7,0
2018-07-05 04:00:00,21579.000000000004,24289.6,23458.17717590332,17.430000000000007,4,7,0
2018-07-05 05:00:00,24305.0,25812.61,24896.790567874912,16.860000000000014,5,7,0
2018-07-05 06:00:00,27087.0,27915.363333333335,27040.867481040958,15.860000000000014,6,7,0
2018-07-05 07:00:00,29447.0,28873.235,29268.511314964297,14.860000000000014,7,7,0
2018-07-05 08:00:00,30719.999999999996,31796.12,30988.725085926057,16.230000000000018,8,7,0
2018-07-05 09:00:00,31212.0,34162.482,32065.670123291016,17.760000000000048,9,7,0
2018-07-05 10:00:00,31663.0,33041.14,32609.90869846344,19.370000000000005,10,7,0
2018-07-05 11:00:00,31888.0,34132.92380952381,32741.562308406832,21.760000000000048,11,7,0
2018-07-05 12:00:00,31955.0,33893.23,32538.826150703433,22.970000000000027,12,7,0
2018-07-05 13:00:00,31162.0,33971.54,32118.27394332886,24.160000000000025,13,7,0
2018-07-05 14:00:00,30550.0,33440.62,31645.04954853058,25.379999999999995,14,7,0
2018-07-05 15:00:00,30223.0,33334.65,31283.57164592743,26.180000000000007,15,7,0
2018-07-05 16:00:00,30027.0,33632.12,31152.491833686832,27.0,16,7,0
2018-07-05 17:00:00,29384.0,33291.83,31313.21379108429,26.78000000000003,17,7,0
2018-07-05 18:00:00,29316.0,32381.3,31675.238632774355,28.400000000000034,18,7,0
2018-07-05 19:00:00,29950.0,31945.58,31969.367335224153,27.57000000000005,19,7,0
2018-07-05 20:00:00,31368.0,32137.79,31706.526478576663,28.189999999999998,20,7,0
2018-07-05 21:00:00,29592.0,31025.59,30253.792779731753,27.189999999999998,21,7,0
2018-07-05 22:00:00,27025.0,30056.7,27913.47461051941,26.55000000000001,22,7,0
2018-07-05 23:00:00,25088.0,27157.69,25938.45315074921,24.49000000000001,23,7,0
2018-07-06 00:00:00,23716.0,26002.17,24777.931425857547,23.99000000000001,0,7,0
2018-07-06 01:00:00,22776.999999999996,25068.39,23777.545652198794,21.640000000000043,1,7,0
2018-07-06 02:00:00,22438.0,24232.33,23043.651065254213,20.430000000000007,2,7,0
2018-07-06 03:00:00,22391.999999999996,24043.97,22896.941980266573,19.860000000000014,3,7,0
2018-07-06 04:00:00,22793.0,24555.6,23467.582574844364,19.430000000000007,4,7,0
2018-07-06 05:00:00,24380.0,25982.463333333333,24878.44613323212,18.430000000000007,5,7,0
2018-07-06 06:00:00,26908.000000000004,27950.22,26978.465149593354,17.430000000000007,6,7,0
2018-07-06 07:00:00,29109.0,27915.5,29186.4289431572,16.430000000000007,7,7,0
2018-07-06 08:00:00,30374.0,31976.17,30917.149316310886,16.970000000000027,8,7,0
2018-07-06 09:00:00,30993.0,33507.48,32012.512039089204,18.710000000000036,9,7,0
2018-07-06 10:00:00,31320.0,34016.06,32579.206858825684,20.560000000000002,10,7,0
2018-07-06 11:00:00,31687.999999999996,34458.0,32737.518865871432,22.370000000000005,11,7,0
2018-07-06 12:00:00,31680.0,34516.03,32570.153063583377,24.370000000000005,12,7,0
2018-07-06 13:00:00,30879.000000000004,35333.29,32194.14220809937,27.0,13,7,0
2018-07-06 14:00:00,30330.999999999996,32916.28,31759.633287239078,27.970000000000027,14,7,0
2018-07-06 15:00:00,30161.0,33070.59,31431.750629711154,28.970000000000027,15,7,0
2018-07-06 16:00:00,30098.0,33750.77,31331.336031723025,29.970000000000027,16,7,0
2018-07-06 17:00:00,29642.0,32486.33,31492.143448352817,30.77000000000004,17,7,0
2018-07-06 18:00:00,29547.0,33391.71,31849.678017807008,30.970000000000027,18,7,0
2018-07-06 19:00:00,29843.0,33720.79,32119.63640766144,30.970000000000027,19,7,0
2018-07-06 20:00:00,30332.999999999996,32441.02,31835.850714015964,30.79000000000002,20,7,0
2018-07-06 21:00:00,29218.0,30947.54,30440.572477912905,29.600000000000023,21,7,0
2018-07-06 22:00:00,26862.0,28851.17,28258.698167133334,28.689999999999998,22,7,0
2018-07-06 23:00:00,27807.0,28123.24,26354.61031188965,27.220000000000027,23,7,0
2018-07-07 00:00:00,26339.0,26012.11,25167.327638816834,24.860000000000014,0,7,1
2018-07-07 01:00:00,25043.0,24373.18,24094.616495990755,24.430000000000007,1,7,1
2018-07-07 02:00:00,24090.0,24456.32,23223.47438192368,22.430000000000007,2,7,1
2018-07-07 03:00:00,23646.000000000004,23721.89,22846.840894889832,21.430000000000007,3,7,1
2018-07-07 04:00:00,23345.0,23120.23,22992.55865278244,22.0,4,7,1
2018-07-07 05:00:00,23322.000000000004,24287.100333333332,23665.65510015488,21.0,5,7,1
2018-07-07 06:00:00,23860.0,22673.63,24838.22169342041,20.0,6,7,1
2018-07-07 07:00:00,25560.0,24716.14,26366.511120414736,19.0,7,7,1
2018-07-07 08:00:00,27849.0,29848.59,27983.431538105015,19.450000000000045,8,7,1
2018-07-07 09:00:00,29616.0,30450.35,29378.870925903324,20.710000000000036,9,7,1
2018-07-07 10:00:00,30493.999999999996,30923.31,30338.68553943634,22.160000000000025,10,7,1
2018-07-07 11:00:00,31133.0,29865.56,30798.265757369998,23.760000000000048,11,7,1
2018-07-07 12:00:00,31460.999999999996,32796.61,30798.02647151947,25.55000000000001,12,7,1
2018-07-07 13:00:00,31047.0,31743.32,30460.543079662326,27.370000000000005,13,7,1
2018-07-07 14:00:00,30129.0,29360.39,29960.460068988803,28.970000000000027,14,7,1
2018-07-07 15:00:00,29442.0,30291.386666666665,29509.269505977634,30.77000000000004,15,7,1
2018-07-07 16:00:00,29155.0,30619.02,29249.73470077515,32.0,16,7,1
2018-07-07 17:00:00,28930.0,29263.65,29254.56680994034,31.600000000000023,17,7,1
2018-07-07 18:00:00,28894.0,29260.79,29516.60679149628,32.76000000000005,18,7,1
2018-07-07 19:00:00,28953.0,30807.67,29901.969328689578,32.960000000000036,19,7,1
2018-07-07 20:00:00,29181.0,29739.23,30041.621922779086,32.79000000000002,20,7,1
2018-07-07 21:00:00,28974.000000000004,29785.66,29192.223079109193,32.379999999999995,21,7,1
2018-07-07 22:00:00,27585.000000000004,28824.16,27041.800207519533,32.03000000000003,22,7,1
2018-07-07 23:00:00,30545.0,26439.5885,24873.887493610386,28.52000000000004,23,7,1
2018-07-08 00:00:00,28485.0,24894.0,23553.032040405276,26.860000000000014,0,7,1
2018-07-08 01:00:00,26877.999999999996,23563.97,22566.31486053467,25.430000000000007,1,7,1
2018-07-08 02:00:00,25691.0,22955.028,21841.49604406357,25.0,2,7,1
2018-07-08 03:00:00,25381.0,23136.72,21607.23275470734,24.0,3,7,1
2018-07-08 04:00:00,25495.0,23172.5,21850.232419300082,22.430000000000007,4,7,1
2018-07-08 05:00:00,26997.0,23079.16,22555.691057109834,21.430000000000007,5,7,1
2018-07-08 06:00:00,28715.000000000004,22706.06,23714.879617977145,20.860000000000014,6,7,1
2018-07-08 07:00:00,31157.0,23942.95,25218.02938051224,20.860000000000014,7,7,1
2018-07-08 08:00:00,33758.0,28531.78,26820.541371631625,20.970000000000027,8,7,1
2018-07-08 09:00:00,35424.0,28888.94666666666,28219.723873806,21.950000000000045,9,7,1
2018-07-08 10:00:00,36614.0,28756.13,29182.639436626436,23.760000000000048,10,7,1
2018-07-08 11:00:00,37430.0,28428.37,29626.321795654298,25.560000000000002,11,7,1
2018-07-08 12:00:00,38316.0,29448.02,29604.78851079941,27.170000000000016,12,7,1
2018-07-08 13:00:00,38409.0,28792.52,29275.67279863358,28.970000000000027,13,7,1
2018-07-08 14:00:00,37802.0,29025.68,28841.06132669449,30.170000000000016,14,7,1
2018-07-08 15:00:00,37544.0,28344.55,28484.735394954685,31.57000000000005,15,7,1
2018-07-08 16:00:00,37124.0,27934.84,28325.837381744386,32.57000000000005,16,7,1
2018-07-08 17:00:00,36108.0,27376.41,28432.282959842683,33.0,17,7,1
2018-07-08 18:00:00,35286.0,29064.89,28821.508254337314,31.950000000000045,18,7,1
2018-07-08 19:00:00,34521.0,28379.19,29360.191979408268,32.370000000000005,19,7,1
2018-07-08 20:00:00,34541.0,29158.8,29719.772687053683,32.170000000000016,20,7,1
2018-07-08 21:00:00,33572.0,31804.31,29146.834459972382,30.960000000000036,21,7,1
2018-07-08 22:00:00,31410.0,28253.31,27206.631533145908,29.680000000000007,22,7,1
2018-07-08 23:00:00,27123.0,26398.877999999997,25088.07030506134,28.390000000000043,23,7,1
2018-07-09 00:00:00,25818.0,24886.25,23708.772945404056,27.0,0,7,0
2018-07-09 01:00:00,24962.0,23421.74,22749.75188188553,25.0,1,7,0
2018-07-09 02:00:00,24366.0,22593.17,22110.626700210574,24.430000000000007,2,7,0
2018-07-09 03:00:00,24240.0,22561.53,22054.055130100252,24.0,3,7,0
2018-07-09 04:00:00,24514.0,23582.24,22748.14280662537,23.0,4,7,0
2018-07-09 05:00:00,26328.999999999996,24644.78,24357.159466171266,22.0,5,7,0
2018-07-09 06:00:00,28866.0,25980.65,26662.9447804451,20.430000000000007,6,7,0
2018-07-09 07:00:00,30197.0,29310.88,29040.20087156296,20.0,7,7,0
2018-07-09 08:00:00,31950.0,31942.59,30934.922394943238,20.210000000000036,8,7,0
2018-07-09 09:00:00,32921.0,33162.35,32185.86731271744,21.160000000000025,9,7,0
2018-07-09 10:00:00,33510.0,33591.43,32880.23578386307,23.760000000000048,10,7,0
2018-07-09 11:00:00,34252.0,33968.71,33128.82204055786,26.379999999999995,11,7,0
2018-07-09 12:00:00,34517.0,35782.407999999996,33043.03073806763,27.78000000000003,12,7,0
2018-07-09 13:00:00,33470.0,32718.85,32767.046251487733,29.970000000000027,13,7,0
2018-07-09 14:00:00,32820.0,32802.16,32447.331054878236,31.379999999999995,14,7,0
2018-07-09 15:00:00,32522.0,32756.74,32229.771382904055,32.59000000000003,15,7,0
2018-07-09 16:00:00,32267.999999999996,35007.38,32189.966914176945,34.0,16,7,0
2018-07-09 17:00:00,31706.0,30857.73,32341.71565217972,33.77000000000004,17,7,0
2018-07-09 18:00:00,31234.999999999996,32705.32266666667,32625.191250896456,33.360000000000014,18,7,0
2018-07-09 19:00:00,31512.0,32464.24,32874.88359422684,34.19,19,7,0
2018-07-09 20:00:00,32294.0,32864.57,32725.307962417606,33.98000000000002,20,7,0
2018-07-09 21:00:00,29748.000000000004,32081.24,31782.6389125824,32.57000000000005,21,7,0
2018-07-09 22:00:00,27771.0,28759.07,29964.1299325943,32.02000000000004,22,7,0
2018-07-09 23:00:00,23704.0,27869.92,27905.182623291017,29.32000000000005,23,7,0
2018-07-10 00:00:00,22386.000000000004,25592.005,26398.951445007326,28.0,0,7,0
2018-07-10 01:00:00,21376.0,25290.49,25305.122105026247,27.0,1,7,0
2018-07-10 02:00:00,20919.0,25334.19,24420.47987394333,25.430000000000007,2,7,0
2018-07-10 03:00:00,20529.0,23091.94,24170.67032938004,24.0,3,7,0
2018-07-10 04:00:00,20394.0,24546.15,24786.70198478699,23.430000000000007,4,7,0
2018-07-10 05:00:00,20740.000000000004,26584.8,26338.680710983277,22.430000000000007,5,7,0
2018-07-10 06:00:00,21221.0,27637.11,28557.832338905337,22.0,6,7,0
2018-07-10 07:00:00,21438.0,28053.97,30907.511956596376,21.0,7,7,0
2018-07-10 08:00:00,22978.0,33137.71,32908.88171854019,21.24000000000001,8,7,0
2018-07-10 09:00:00,24510.0,31674.29,34372.38083896637,21.970000000000027,9,7,0
2018-07-10 10:00:00,25320.0,30977.86,35320.59253044129,23.370000000000005,10,7,0
2018-07-10 11:00:00,25666.0,35967.93,35796.60533790589,25.57000000000005,11,7,0
2018-07-10 12:00:00,26160.0,35798.3,35859.791452598576,27.950000000000045,12,7,0
2018-07-10 13:00:00,25935.0,30882.41,35627.459541893004,29.710000000000036,13,7,0
2018-07-10 14:00:00,24602.0,32481.15,35178.71799631119,31.350000000000023,14,7,0
2018-07-10 15:00:00,23743.000000000004,28206.93,34676.36909513474,31.970000000000027,15,7,0
2018-07-10 16:00:00,23627.0,30530.29,34258.60774211884,33.170000000000016,16,7,0
2018-07-10 17:00:00,23615.999999999996,28484.24,33982.71359815598,33.78000000000003,17,7,0
2018-07-10 18:00:00,24581.000000000004,29529.84,33878.880630874635,33.77000000000004,18,7,0
2018-07-10 19:00:00,27385.0,30802.98,33755.184496307375,34.170000000000016,19,7,0
2018-07-10 20:00:00,27400.0,32330.196,33248.37462320328,33.39000000000004,20,7,0
2018-07-10 21:00:00,26009.0,31093.206000000002,32036.181804752352,33.39000000000004,21,7,0
2018-07-10 22:00:00,24444.0,29269.23,30081.23838119507,32.02000000000004,22,7,0
2018-07-10 23:00:00,26896.0,28479.74,27971.04483280182,30.32000000000005,23,7,0
2018-07-11 00:00:00,25078.0,27887.97,26455.994261741642,28.700000000000045,0,7,0
2018-07-11 01:00:00,24024.0,25184.66,25320.9247379303,26.430000000000007,1,7,0
2018-07-11 02:00:00,23575.0,26016.14,24408.505814647677,26.0,2,7,0
2018-07-11 03:00:00,23566.0,25097.56,24143.714045810702,24.430000000000007,3,7,0
2018-07-11 04:00:00,24231.999999999996,24611.02,24741.58927688599,23.49000000000001,4,7,0
2018-07-11 05:00:00,26912.0,26690.16,26278.70786342621,22.430000000000007,5,7,0
2018-07-11 06:00:00,30793.0,21848.95,28503.856287765506,21.430000000000007,6,7,0
2018-07-11 07:00:00,32840.0,31157.960833333334,30869.953844833377,19.430000000000007,7,7,0
2018-07-11 09:00:00,34145.0,32164.4,32879.698611545566,21.170000000000016,9,7,0
2018-07-11 10:00:00,34219.0,28597.04666666667,34335.147472286226,23.189999999999998,10,7,0
2018-07-11 11:00:00,34251.0,33963.57,35248.72864112854,24.370000000000005,11,7,0
2018-07-11 12:00:00,33930.0,35763.227999999996,35707.996322441104,27.210000000000036,12,7,0
2018-07-11 13:00:00,32859.0,31278.25,35770.7673494339,28.760000000000048,13,7,0
2018-07-11 14:00:00,32408.0,29975.57,35516.63600940705,30.360000000000014,14,7,0
2018-07-11 15:00:00,32215.0,33203.09,35071.05157203675,30.980000000000018,15,7,0
2018-07-11 16:00:00,32427.000000000004,32681.81,34571.793853378294,31.57000000000005,16,7,0
2018-07-11 17:00:00,34078.0,32954.31,34177.321362018585,32.47000000000003,17,7,0
2018-07-11 18:00:00,35032.0,34141.67,33912.734695339204,31.99000000000001,18,7,0
2018-07-11 19:00:00,35386.0,33645.94,33753.0797574997,31.980000000000018,19,7,0
2018-07-11 20:00:00,34355.0,33284.45,33512.26784925461,32.5,20,7,0
2018-07-11 21:00:00,31735.0,31830.93,32839.098151111604,31.05000000000001,21,7,0
2018-07-11 22:00:00,28717.999999999996,30376.97,31418.548399162293,29.29000000000002,22,7,0
2018-07-11 23:00:00,25054.0,28367.3,29285.788730049135,26.650000000000034,23,7,0
2018-07-12 00:00:00,23354.0,25768.37,27158.420317649845,26.0,0,7,0
2018-07-12 01:00:00,22247.0,25067.59333333333,24946.142053699496,24.430000000000007,1,7,0
2018-07-12 02:00:00,21664.0,24205.95,23931.169609928133,23.430000000000007,2,7,0
2018-07-12 03:00:00,21627.0,24697.39,23572.843932151798,22.430000000000007,3,7,0
2018-07-12 04:00:00,22155.0,25436.73,24040.640444850924,21.430000000000007,4,7,0
2018-07-12 05:00:00,23847.0,25663.2,25451.836073398594,20.0,5,7,0
2018-07-12 06:00:00,26679.0,28895.72,27608.702571105958,19.430000000000007,6,7,0
2018-07-12 07:00:00,28528.0,30915.85,29934.653822517397,18.430000000000007,7,7,0
2018-07-12 08:00:00,30565.0,31025.57,31854.663953590396,19.49000000000001,8,7,0
2018-07-12 09:00:00,31321.0,34164.95,33174.384019851685,20.57000000000005,9,7,0
2018-07-12 10:00:00,31096.0,34061.16,33922.95806121826,22.980000000000018,10,7,0
2018-07-12 11:00:00,30646.0,36019.58,34222.90043315887,23.970000000000027,11,7,0
2018-07-12 12:00:00,30904.0,34488.62,34199.63598842621,25.970000000000027,12,7,0
2018-07-12 13:00:00,30135.000000000004,34295.59,33904.13261318207,27.57000000000005,13,7,0
2018-07-12 14:00:00,29299.999999999996,34592.65,33487.23317756653,28.970000000000027,14,7,0
2018-07-12 15:00:00,28790.0,34690.01,33078.615962409975,29.980000000000018,15,7,0
2018-07-12 16:00:00,29299.999999999996,35151.7,32824.13301868439,30.230000000000018,16,7,0
2018-07-12 17:00:00,31319.0,34583.18,32774.84745855332,30.970000000000027,17,7,0
2018-07-12 18:00:00,31828.0,33629.64,32858.768424701695,31.450000000000045,18,7,0
2018-07-12 19:00:00,32006.0,32797.61,32892.253793621065,32.170000000000016,19,7,0
2018-07-12 20:00:00,31429.999999999996,32930.95,32450.402703857424,32.19,20,7,0
2018-07-12 21:00:00,29670.0,31159.04,31114.733503150943,31.58000000000004,21,7,0
2018-07-12 22:00:00,27591.0,30317.65,29025.831512069704,30.810000000000002,22,7,0
2018-07-12 23:00:00,29096.0,28028.1,27007.49442996979,27.30000000000001,23,7,0
2018-07-13 00:00:00,27230.000000000004,25659.67,25654.7919834137,24.430000000000007,0,7,0
2018-07-13 01:00:00,26110.0,24495.03833333333,24559.214391708378,23.860000000000014,1,7,0
2018-07-13 02:00:00,25539.0,24108.82,23715.0969285965,24.0,2,7,0
2018-07-13 03:00:00,25315.0,23789.42,23483.43159990311,23.0,3,7,0
2018-07-13 04:00:00,25593.0,25474.39,24022.003007125855,22.430000000000007,4,7,0
2018-07-13 05:00:00,27246.0,27646.55,25423.707777500156,22.0,5,7,0
2018-07-13 06:00:00,29391.0,29031.91,27505.24318275452,20.860000000000014,6,7,0
2018-07-13 07:00:00,31485.0,29655.53,29742.17765607834,20.430000000000007,7,7,0
2018-07-13 08:00:00,33617.0,33482.52,31602.739903450016,21.230000000000018,8,7,0
2018-07-13 09:00:00,34903.0,32207.29666666667,32873.04499988556,21.760000000000048,9,7,0
2018-07-13 10:00:00,35570.0,32510.02666666667,33608.770856094365,23.170000000000016,10,7,0
2018-07-13 11:00:00,36474.0,32385.34,33904.061804103854,24.189999999999998,11,7,0
2018-07-13 12:00:00,36677.0,34188.97,33889.609427070616,25.980000000000018,12,7,0
2018-07-13 13:00:00,35679.0,35488.98,33641.1525800705,26.970000000000027,13,7,0
2018-07-13 14:00:00,34870.0,33403.97,33285.34428710938,28.970000000000027,14,7,0
2018-07-13 15:00:00,34611.0,33761.71,32947.94879617691,29.970000000000027,15,7,0
2018-07-13 16:00:00,34392.0,32757.01,32751.81497459412,30.75,16,7,0
2018-07-13 17:00:00,33805.0,32384.34,32763.14931049347,31.74000000000001,17,7,0
2018-07-13 18:00:00,33304.0,33587.19,32898.47766742706,32.78000000000003,18,7,0
2018-07-13 19:00:00,32691.0,32595.57,32942.8822845459,32.57000000000005,19,7,0
2018-07-13 20:00:00,32157.0,32870.14,32502.471793270113,32.58000000000004,20,7,0
2018-07-13 21:00:00,31385.0,32565.48,31205.27633895874,32.60000000000002,21,7,0
2018-07-13 22:00:00,29337.0,30514.56,29185.54749221802,32.03000000000003,22,7,0
2018-07-13 23:00:00,28298.999999999996,27006.21,27182.104733467106,30.620000000000005,23,7,0
2018-07-14 00:00:00,26601.0,25989.62,25791.336303138734,29.430000000000007,0,7,1
2018-07-14 01:00:00,25318.0,26167.38,24637.67573375702,26.720000000000027,1,7,1
2018-07-14 02:00:00,24505.0,24812.84,23672.674965667728,26.57000000000005,2,7,1
2018-07-14 03:00:00,24008.0,23863.31,23214.09339990616,26.430000000000007,3,7,1
2018-07-14 04:00:00,23693.0,24711.32,23310.347354125977,25.0,4,7,1
2018-07-14 05:00:00,23713.999999999996,24324.077,23954.536605739595,23.57000000000005,5,7,1
2018-07-14 06:00:00,24145.0,23296.33,25096.36717567444,22.140000000000043,6,7,1
2018-07-14 07:00:00,25837.0,27087.5,26581.548524189,21.140000000000043,7,7,1
2018-07-14 08:00:00,28116.0,26138.52,28168.206606864933,20.04000000000002,8,7,1
2018-07-14 09:00:00,30057.0,31648.54,29590.533910846712,21.710000000000036,9,7,1
2018-07-14 10:00:00,31072.000000000004,30810.7,30642.986332225802,23.379999999999995,10,7,1
2018-07-14 11:00:00,31523.000000000004,30772.56,31242.55365610123,25.160000000000025,11,7,1
2018-07-14 12:00:00,31777.0,31772.95,31411.025545024873,26.760000000000048,12,7,1
2018-07-14 13:00:00,31226.0,31314.47,31231.822418212894,28.360000000000014,13,7,1
2018-07-14 14:00:00,30491.999999999996,30727.88,30864.911750125888,29.57000000000005,14,7,1
2018-07-14 15:00:00,29771.0,29668.2325,30463.68797941208,30.170000000000016,15,7,1
2018-07-14 16:00:00,29596.0,30619.02,30198.29311256409,32.0,16,7,1
2018-07-14 17:00:00,29318.0,28866.41,30155.180150699616,32.379999999999995,17,7,1
2018-07-14 18:00:00,29325.0,29018.03,30327.739432621005,32.360000000000014,18,7,1
2018-07-14 19:00:00,29302.0,29193.09,30579.0945684433,32.39000000000004,19,7,1
2018-07-14 20:00:00,29392.000000000004,29724.06,30568.52692394257,32.76000000000005,20,7,1
2018-07-14 21:00:00,29246.0,32396.46,29647.457084655765,30.950000000000045,21,7,1
2018-07-14 22:00:00,27577.0,28201.19,27592.87063789368,31.05000000000001,22,7,1
2018-07-14 23:00:00,26101.000000000004,26479.355,25383.51752138138,27.939999999999998,23,7,1
2018-07-15 00:00:00,24566.0,24857.96,23890.422647953037,26.720000000000027,0,7,1
2018-07-15 01:00:00,23242.0,23623.76,22772.266727066042,25.720000000000027,1,7,1
2018-07-15 02:00:00,22339.0,21823.26,21948.71075525284,24.29000000000002,2,7,1
2018-07-15 03:00:00,21914.0,21803.97,21639.851322841645,20.720000000000027,3,7,1
2018-07-15 04:00:00,21725.0,22425.97,21830.198333549502,18.860000000000014,4,7,1
2018-07-15 05:00:00,21586.0,24282.2,22496.914638805392,17.29000000000002,5,7,1
2018-07-15 06:00:00,21241.0,23428.21333333333,23632.38704185486,15.860000000000014,6,7,1
2018-07-15 07:00:00,22276.0,28255.98,25134.61628637314,15.430000000000007,7,7,1
2018-07-15 08:00:00,23898.0,30489.64,26756.696000003816,15.5,8,7,1
2018-07-15 09:00:00,25546.0,25878.39,28164.92008895874,18.210000000000036,9,7,1
2018-07-15 10:00:00,26643.0,28528.93,29098.735562324528,20.99000000000001,10,7,1
2018-07-15 11:00:00,27410.0,31431.371666666666,29470.175569725037,21.970000000000027,11,7,1
2018-07-15 12:00:00,28058.0,30161.4,29350.469160461427,24.160000000000025,12,7,1
2018-07-15 13:00:00,28224.0,31111.01,28916.636588382724,25.379999999999995,13,7,1
2018-07-15 14:00:00,27585.000000000004,30165.73,28393.250065898897,26.400000000000034,14,7,1
2018-07-15 15:00:00,27118.0,31235.32,27973.36199884415,27.170000000000016,15,7,1
2018-07-15 16:00:00,26924.0,29559.65,27789.058176708222,27.78000000000003,16,7,1
2018-07-15 17:00:00,27034.0,28860.98,27884.42579660416,28.980000000000018,17,7,1
2018-07-15 18:00:00,27154.0,29064.86,28268.765264701844,28.400000000000034,18,7,1
2018-07-15 19:00:00,27473.0,29024.32,28837.511106014255,28.189999999999998,19,7,1
2018-07-15 20:00:00,28317.0,29507.29,29230.728567504884,28.379999999999995,20,7,1
2018-07-15 21:00:00,29249.0,28345.97,28605.30860500336,27.0,21,7,1
2018-07-15 22:00:00,27750.999999999996,27148.64,26510.01914672852,25.730000000000018,22,7,1
2018-07-15 23:00:00,25918.0,26128.15,24397.647608757023,24.32000000000005,23,7,1
2018-07-16 00:00:00,24484.000000000004,23982.99,23138.36186990738,24.430000000000007,0,7,0
2018-07-16 01:00:00,23503.0,22953.13,22217.14552907944,24.0,1,7,0
2018-07-16 02:00:00,23117.0,23132.12,21649.20788793564,23.0,2,7,0
2018-07-16 03:00:00,22962.0,22691.8005,21663.989893436436,21.430000000000007,3,7,0
2018-07-16 04:00:00,23456.999999999996,23041.9725,22385.3659236908,21.430000000000007,4,7,0
2018-07-16 05:00:00,25561.0,25077.13,24001.68324337006,19.0,5,7,0
2018-07-16 06:00:00,27818.0,28936.0,26330.535225296022,19.0,6,7,0
2018-07-16 07:00:00,30299.999999999996,29522.01,28710.27695922852,16.430000000000007,7,7,0
2018-07-16 08:00:00,32495.999999999996,31882.7,30557.397690200807,16.730000000000018,8,7,0
2018-07-16 09:00:00,33569.0,32424.04,31734.601057243348,18.360000000000014,9,7,0
2018-07-16 10:00:00,34189.0,31364.68,32345.95931348801,20.180000000000007,10,7,0
2018-07-16 11:00:00,34960.0,32918.18,32498.73356227875,21.78000000000003,11,7,0
2018-07-16 12:00:00,35207.0,30408.23,32303.151563167576,23.370000000000005,12,7,0
2018-07-16 13:00:00,34561.0,33165.39,31905.722182369234,24.379999999999995,13,7,0
2018-07-16 14:00:00,33893.0,31048.57,31497.249027061465,25.78000000000003,14,7,0
2018-07-16 15:00:00,33816.0,30690.39,31233.704963016513,27.189999999999998,15,7,0
2018-07-16 16:00:00,33961.0,30934.65,31206.296966362002,27.360000000000014,16,7,0
2018-07-16 17:00:00,33469.0,29941.54,31425.072601127627,27.950000000000045,17,7,0
2018-07-16 18:00:00,33043.0,29020.49,31784.265079689027,28.980000000000018,18,7,0
2018-07-16 19:00:00,32613.0,30824.79,32080.203076171878,28.77000000000004,19,7,0
2018-07-16 20:00:00,32355.0,30792.41,31908.19561672211,28.970000000000027,20,7,0
2018-07-16 21:00:00,31785.999999999996,30271.41,30745.13453178406,28.379999999999995,21,7,0
2018-07-16 22:00:00,29517.0,28119.38,28599.209257507326,27.78000000000003,22,7,0
2018-07-16 23:00:00,28134.000000000004,27543.55,26468.671528434756,25.340000000000032,23,7,0
2018-07-17 00:00:00,26507.0,24672.87,25109.129901599885,23.430000000000007,0,7,0
2018-07-17 01:00:00,25331.0,24194.24,24070.548734474185,22.860000000000014,1,7,0
2018-07-17 02:00:00,24702.0,23768.59,23278.043764305115,21.860000000000014,2,7,0
2018-07-17 03:00:00,24550.000000000004,23546.26,23096.01559944153,21.430000000000007,3,7,0
2018-07-17 04:00:00,24847.0,23663.08,23717.006332015993,20.430000000000007,4,7,0
2018-07-17 05:00:00,26449.0,26090.931666666664,25243.271596050265,19.0,5,7,0
2018-07-17 06:00:00,28415.0,26906.89,27413.86284646988,18.430000000000007,6,7,0
2018-07-17 07:00:00,30862.0,29259.74,29614.95815944672,18.0,7,7,0
2018-07-17 08:00:00,33157.0,32152.02,31333.484720993045,17.970000000000027,8,7,0
2018-07-17 09:00:00,34557.0,33126.75,32453.320526218416,19.170000000000016,9,7,0
2018-07-17 10:00:00,35241.0,31186.25,33068.900468540196,21.370000000000005,10,7,0
2018-07-17 11:00:00,36183.0,32777.86,33283.38116645813,23.57000000000005,11,7,0
2018-07-17 12:00:00,36653.0,33746.91,33182.180343532564,25.400000000000034,12,7,0
2018-07-17 13:00:00,36071.0,30973.81,32867.97116317749,27.760000000000048,13,7,0
2018-07-17 14:00:00,35435.0,33299.18,32483.39973430634,28.970000000000027,14,7,0
2018-07-17 15:00:00,35369.0,30529.62,32169.671567344667,31.0,15,7,0
2018-07-17 16:00:00,35213.0,31564.68,32027.479613208772,31.450000000000045,16,7,0
2018-07-17 17:00:00,34628.0,32571.2,32127.75503473282,31.650000000000034,17,7,0
2018-07-17 18:00:00,34110.0,32381.48,32390.122203063966,32.97000000000003,18,7,0
2018-07-17 19:00:00,33538.0,32163.405333333336,32578.174022960666,33.360000000000014,19,7,0
2018-07-17 20:00:00,33272.0,32394.16,32290.00793323517,34.0,20,7,0
2018-07-17 21:00:00,32651.0,31398.05,31019.121714019777,32.98000000000002,21,7,0
2018-07-17 22:00:00,30270.0,30346.56,28881.625161743166,32.55000000000001,22,7,0
2018-07-17 23:00:00,28690.0,28150.83,26869.048031902315,27.340000000000032,23,7,0
2018-07-18 00:00:00,26796.0,26123.62,25642.11960010529,26.99000000000001,0,7,0
2018-07-18 01:00:00,25735.0,24494.82333333333,24661.63361911774,24.430000000000007,1,7,0
2018-07-18 02:00:00,25146.0,22975.61,23892.73737230301,26.510000000000048,2,7,0
2018-07-18 03:00:00,24906.999999999996,25350.795833333334,23741.90182723999,25.0,3,7,0
2018-07-18 04:00:00,25255.0,21637.19,24408.82811803818,24.57000000000005,4,7,0
2018-07-18 05:00:00,26756.0,25964.44,25956.131003379825,23.140000000000043,5,7,0
2018-07-18 06:00:00,28962.0,28000.86,28128.93442707062,21.710000000000036,6,7,0
2018-07-18 07:00:00,31249.0,30414.22,30402.85809783936,20.140000000000043,7,7,0
2018-07-18 08:00:00,33542.0,25067.17,32309.341253280643,19.99000000000001,8,7,0
2018-07-18 09:00:00,34931.0,31523.13,33675.02129468918,21.350000000000023,9,7,0
2018-07-18 10:00:00,35849.0,30674.04,34529.15946321488,23.360000000000014,10,7,0
2018-07-18 11:00:00,36659.0,33907.51,34945.74636220932,24.78000000000003,11,7,0
2018-07-18 12:00:00,37168.0,35763.227999999996,35010.49271831512,27.200000000000045,12,7,0
2018-07-18 13:00:00,36457.0,33116.68,34815.68961906433,27.970000000000027,13,7,0
2018-07-18 14:00:00,35857.0,32589.28,34453.37177429199,29.78000000000003,14,7,0
2018-07-18 15:00:00,35707.0,30074.32,34078.41084651947,30.78000000000003,15,7,0
2018-07-18 16:00:00,35740.0,32681.81,33769.42688779831,31.57000000000005,16,7,0
2018-07-18 17:00:00,35114.0,33167.05,33640.85957698822,32.39000000000004,17,7,0
2018-07-18 18:00:00,34501.0,33088.1,33641.58720130921,32.99000000000001,18,7,0
2018-07-18 19:00:00,33903.0,33786.63,33540.01524114609,32.379999999999995,19,7,0
2018-07-18 20:00:00,33683.0,33377.42,33034.93896961212,31.980000000000018,20,7,0
2018-07-18 21:00:00,32976.0,31193.91,31769.133912181856,31.600000000000023,21,7,0
2018-07-18 22:00:00,30583.0,31700.49,29755.74125709534,31.510000000000048,22,7,0
2018-07-18 23:00:00,29017.0,28613.7,27621.780275344852,29.010000000000048,23,7,0
2018-07-19 00:00:00,27235.0,25768.37,26120.45445699692,26.0,0,7,0
2018-07-19 01:00:00,25997.0,25250.350833333334,24960.52117996216,24.900000000000034,1,7,0
2018-07-19 02:00:00,25347.0,24782.156666666666,24047.037678813937,23.980000000000018,2,7,0
2018-07-19 03:00:00,25105.0,25161.13,23753.866119766237,21.470000000000027,3,7,0
2018-07-19 04:00:00,25346.0,24671.73,24284.74863777161,19.470000000000027,4,7,0
2018-07-19 05:00:00,26899.0,26256.648333333334,25730.401428794863,18.470000000000027,5,7,0
2018-07-19 06:00:00,29065.0,28223.82,27872.305235767366,17.49000000000001,6,7,0
2018-07-19 07:00:00,31341.0,27428.78,30150.814404773715,16.49000000000001,7,7,0
2018-07-19 08:00:00,33581.0,32116.04,32031.081109428407,16.480000000000018,8,7,0
2018-07-19 09:00:00,34945.0,33989.29,33316.54667367935,18.75,9,7,0
2018-07-19 10:00:00,35731.0,35064.23,34047.29391918182,22.160000000000025,10,7,0
2018-07-19 11:00:00,36792.0,33956.21,34324.12078962326,24.360000000000014,11,7,0
2018-07-19 12:00:00,37259.0,35157.11,34269.614891242985,26.57000000000005,12,7,0
2018-07-19 13:00:00,36579.0,35854.81,33956.87805137634,28.390000000000043,13,7,0
2018-07-19 14:00:00,35878.0,34331.14,33550.38510856628,29.370000000000005,14,7,0
2018-07-19 15:00:00,35914.0,33657.73,33148.919610309604,30.180000000000007,15,7,0
2018-07-19 16:00:00,35815.0,31889.08,32887.90025615692,32.0,16,7,0
2018-07-19 17:00:00,35147.0,33342.54,32815.26479206085,33.0,17,7,0
2018-07-19 18:00:00,34521.0,33825.88,32870.54226522446,32.59000000000003,18,7,0
2018-07-19 19:00:00,33878.0,33459.85,32844.33313951492,32.379999999999995,19,7,0
2018-07-19 20:00:00,33529.0,33089.31,32348.071377372744,31.99000000000001,20,7,0
2018-07-19 21:00:00,32895.0,32709.82,30963.985859012606,30.980000000000018,21,7,0
2018-07-19 22:00:00,30465.0,29441.823333333334,28861.322489833834,30.29000000000002,22,7,0
2018-07-19 23:00:00,28925.0,28099.94,26877.718481445314,27.379999999999995,23,7,0
2018-07-20 00:00:00,27193.0,26116.79,25589.620772838596,25.33000000000004,0,7,0
2018-07-20 01:00:00,25980.0,24756.706666666665,24536.655596065524,24.77000000000004,1,7,0
2018-07-20 02:00:00,25411.0,25902.57,23727.40549974442,25.430000000000007,2,7,0
2018-07-20 03:00:00,24989.0,24446.73,23529.975139522554,20.860000000000014,3,7,0
2018-07-20 04:00:00,25321.0,24921.38,24095.786066627505,18.430000000000007,4,7,0
2018-07-20 05:00:00,26940.000000000004,25282.93,25505.90490884781,17.430000000000007,5,7,0
2018-07-20 06:00:00,28927.0,28250.6,27584.99862174988,17.0,6,7,0
2018-07-20 07:00:00,31228.0,29425.62,29813.182069683076,15.860000000000014,7,7,0
2018-07-20 08:00:00,33491.0,31691.0,31659.31391525269,16.75,8,7,0
2018-07-20 09:00:00,34893.0,32942.75,32927.0308177948,19.360000000000014,9,7,0
2018-07-20 10:00:00,35532.0,34858.14,33655.28509540558,22.200000000000045,10,7,0
2018-07-20 11:00:00,36342.0,32385.34,33932.268234157564,24.189999999999998,11,7,0
2018-07-20 12:00:00,36712.0,34414.03,33875.22053403855,25.970000000000027,12,7,0
2018-07-20 13:00:00,35997.0,33494.35,33578.26191015244,27.960000000000036,13,7,0
2018-07-20 14:00:00,35123.0,33403.97,33162.82260656357,28.970000000000027,14,7,0
2018-07-20 15:00:00,34779.0,33017.23,32787.58576755524,30.170000000000016,15,7,0
2018-07-20 16:00:00,34443.0,32972.79142857143,32566.470991516115,30.58000000000004,16,7,0
2018-07-20 17:00:00,33796.0,33667.42,32517.114622306824,30.970000000000027,17,7,0
2018-07-20 18:00:00,33220.0,32903.87,32603.13056049347,30.360000000000014,18,7,0
2018-07-20 19:00:00,32719.000000000004,31830.81,32627.405865859986,29.600000000000023,19,7,0
2018-07-20 20:00:00,32229.0,31853.96,32139.985471725468,29.390000000000043,20,7,0
2018-07-20 21:00:00,31468.0,31016.9,30715.199383544925,28.58000000000004,21,7,0
2018-07-20 22:00:00,29384.0,29494.14,28589.46934671402,26.54000000000002,22,7,0
2018-07-20 23:00:00,28043.0,26791.51,26634.423372077945,23.680000000000007,23,7,0
2018-07-21 00:00:00,26512.0,24953.12,25349.59997291565,22.0,0,7,1
2018-07-21 01:00:00,25248.0,22872.9,24203.191229820255,21.0,1,7,1
2018-07-21 02:00:00,24450.0,23300.69,23248.755664539338,20.0,2,7,1
2018-07-21 03:00:00,23913.0,23402.85,22801.816087913514,19.430000000000007,3,7,1
2018-07-21 04:00:00,23579.0,23474.65,22901.55922050476,19.0,4,7,1
2018-07-21 05:00:00,23717.0,23805.23,23533.07853050232,18.49000000000001,5,7,1
2018-07-21 06:00:00,23904.000000000004,25434.09,24677.492410945895,17.430000000000007,6,7,1
2018-07-21 07:00:00,25430.0,23876.67,26207.830417823792,17.430000000000007,7,7,1
2018-07-21 08:00:00,27737.0,27489.99,27843.322347545625,17.260000000000048,8,7,1
2018-07-21 09:00:00,29529.0,29834.54,29246.26017255783,18.480000000000018,9,7,1
2018-07-21 10:00:00,30404.0,32075.21,30184.521967697146,18.980000000000018,10,7,1
2018-07-21 11:00:00,30825.0,32475.28,30588.88331308365,20.760000000000048,11,7,1
2018-07-21 12:00:00,31025.0,31864.21,30499.62724914551,22.960000000000036,12,7,1
2018-07-21 13:00:00,30547.0,31576.86,30059.419418334965,24.970000000000027,13,7,1
2018-07-21 14:00:00,29693.0,30769.74,29475.322657203676,26.760000000000048,14,7,1
2018-07-21 15:00:00,28959.0,31477.15,28961.88114767075,26.970000000000027,15,7,1
2018-07-21 16:00:00,28684.000000000004,29483.93,28664.749163627628,28.760000000000048,16,7,1
2018-07-21 17:00:00,28352.0,29409.57,28660.27109985352,29.57000000000005,17,7,1
2018-07-21 18:00:00,28315.0,28391.0,28938.841338634495,30.160000000000025,18,7,1
2018-07-21 19:00:00,28444.0,29892.21,29382.423588275913,29.58000000000004,19,7,1
2018-07-21 20:00:00,28914.0,29196.98,29614.709106826784,28.960000000000036,20,7,1
2018-07-21 21:00:00,28656.0,30526.58,28796.126862335208,27.99000000000001,21,7,1
2018-07-21 22:00:00,27037.000000000004,26919.42,26526.31988487244,26.77000000000004,22,7,1
2018-07-21 23:00:00,25467.0,26783.69666666667,24348.298564624787,25.0,23,7,1
2018-07-22 00:00:00,24044.0,24594.17,23129.30563297272,24.0,0,7,1
2018-07-22 01:00:00,22825.0,22763.54,22177.028523731235,22.0,1,7,1
2018-07-22 02:00:00,22063.000000000004,22447.02,21485.91482849121,21.0,2,7,1
2018-07-22 03:00:00,21628.0,21903.15,21275.65337495804,20.5,3,7,1
2018-07-22 04:00:00,21353.000000000004,21649.12,21530.463505458833,20.0,4,7,1
2018-07-22 05:00:00,21364.0,21831.76,22229.693386077884,20.0,5,7,1
2018-07-22 06:00:00,21129.999999999996,21571.1,23377.5598195076,18.57000000000005,6,7,1
2018-07-22 07:00:00,21973.0,24480.01,24882.50178422928,17.0,7,7,1
2018-07-22 08:00:00,23486.999999999996,28975.79,26496.448220634462,17.52000000000004,8,7,1
2018-07-22 09:00:00,24850.0,25878.39,27883.966758441926,18.230000000000018,9,7,1
2018-07-22 10:00:00,25912.0,32331.62,28790.090998840333,20.189999999999998,10,7,1
2018-07-22 11:00:00,26696.0,30374.02,29135.973812389377,22.57000000000005,11,7,1
2018-07-22 12:00:00,27422.000000000004,30561.72,28992.27045068741,24.360000000000014,12,7,1
2018-07-22 13:00:00,27595.0,34617.57,28546.048731613162,26.480000000000018,13,7,1
2018-07-22 14:00:00,26989.0,30022.99,28022.33746404648,27.970000000000027,14,7,1
2018-07-22 15:00:00,26432.0,30824.17,27610.24572067261,28.360000000000014,15,7,1
2018-07-22 16:00:00,26203.0,30551.99,27443.368256855014,29.760000000000048,16,7,1
2018-07-22 17:00:00,26150.0,28121.06,27565.042670154573,30.970000000000027,17,7,1
2018-07-22 18:00:00,26477.0,29575.11,27980.814043903352,32.0,18,7,1
2018-07-22 19:00:00,26788.0,30564.79,28595.822630214694,31.410000000000025,19,7,1
2018-07-22 20:00:00,27824.0,28933.07,29096.958010292055,31.710000000000036,20,7,1
2018-07-22 21:00:00,28815.999999999996,28963.29,28612.130693435673,31.78000000000003,21,7,1
2018-07-22 22:00:00,27511.0,29735.78,26548.50754327774,30.57000000000005,22,7,1
2018-07-22 23:00:00,25719.0,25862.86,24461.58088130951,26.950000000000045,23,7,1
2018-07-23 00:00:00,24177.0,24089.8,23242.695384120943,26.0,0,7,0
2018-07-23 01:00:00,23104.0,23117.94,22393.21108121872,23.860000000000014,1,7,0
2018-07-23 02:00:00,22626.0,22932.68,21859.195871925356,23.430000000000007,2,7,0
2018-07-23 03:00:00,22463.0,23063.37,21884.687140083315,23.0,3,7,0
2018-07-23 04:00:00,23051.0,23141.2225,22634.486911010743,21.57000000000005,4,7,0
2018-07-23 05:00:00,25197.000000000004,24104.113999999998,24282.822142505647,20.430000000000007,5,7,0
2018-07-23 06:00:00,27524.999999999996,26001.57,26608.397373294833,20.0,6,7,0
2018-07-23 07:00:00,30005.000000000004,28991.49,28960.406365489962,19.0,7,7,0
2018-07-23 08:00:00,32591.999999999996,30927.59,30792.508246803285,19.470000000000027,8,7,0
2018-07-23 09:00:00,34127.0,33233.09,31975.974554729462,21.710000000000036,9,7,0
2018-07-23 10:00:00,35041.0,33164.55,32611.932861423495,22.78000000000003,10,7,0
2018-07-23 11:00:00,36049.0,34853.84,32817.93112010956,24.590000000000032,11,7,0
2018-07-23 12:00:00,36647.0,35138.81,32698.10750961304,26.379999999999995,12,7,0
2018-07-23 13:00:00,36064.0,36510.94,32398.895203685763,28.379999999999995,13,7,0
2018-07-23 14:00:00,35382.0,32982.41,32076.05708255768,30.170000000000016,14,7,0
2018-07-23 15:00:00,35287.0,29632.31,31871.21374435425,31.78000000000003,15,7,0
2018-07-23 16:00:00,35214.0,30704.03,31877.261816310885,32.950000000000045,16,7,0
2018-07-23 17:00:00,34669.0,32545.12,32078.65015983582,33.57000000000005,17,7,0
2018-07-23 18:00:00,34108.0,33922.82,32392.461344337466,33.99000000000001,18,7,0
2018-07-23 19:00:00,33442.0,35762.32,32626.65382461548,35.26000000000005,19,7,0
2018-07-23 20:00:00,33312.0,32392.75,32458.001250457764,34.19,20,7,0
2018-07-23 21:00:00,32203.999999999996,30163.04,31454.939381980897,33.79000000000002,21,7,0
2018-07-23 22:00:00,30015.0,29809.19,29552.106556606293,32.31,22,7,0
2018-07-23 23:00:00,28473.0,27581.76,27496.177179050446,29.710000000000036,23,7,0
2018-07-24 00:00:00,26694.0,24525.63,26100.34712047577,28.150000000000034,0,7,0
2018-07-24 01:00:00,25631.0,26141.8,25079.851568603517,26.720000000000027,1,7,0
2018-07-24 02:00:00,25028.0,22827.48,24269.92756519318,26.57000000000005,2,7,0
2018-07-24 03:00:00,24779.999999999996,23094.37,24091.10045900345,23.0,3,7,0
2018-07-24 04:00:00,25135.999999999996,23663.08,24764.836629772188,20.430000000000007,4,7,0
2018-07-24 05:00:00,26799.0,25072.225,26347.910308074952,19.430000000000007,5,7,0
2018-07-24 06:00:00,28735.0,27416.97,28572.211465168002,18.860000000000014,6,7,0
2018-07-24 07:00:00,31030.0,30278.65666666667,30895.52568883896,17.430000000000007,7,7,0
2018-07-24 08:00:00,33473.0,32258.5,32846.972608947755,17.730000000000018,8,7,0
2018-07-24 09:00:00,34896.0,32111.85,34242.985794448854,20.160000000000025,9,7,0
2018-07-24 10:00:00,35815.0,33599.34,35088.05795927048,22.78000000000003,10,7,0
2018-07-24 11:00:00,36694.0,35967.93,35496.93155212403,25.57000000000005,11,7,0
2018-07-24 12:00:00,37175.0,34972.168,35542.01251802444,27.160000000000025,12,7,0
2018-07-24 13:00:00,36612.0,30947.516,35314.942454338074,28.970000000000027,13,7,0
2018-07-24 14:00:00,36022.0,33396.11,34906.320355796815,29.970000000000027,14,7,0
2018-07-24 15:00:00,35906.0,30899.17,34446.76943817139,30.970000000000027,15,7,0
2018-07-24 16:00:00,35860.0,31341.54,34054.15019130707,31.760000000000048,16,7,0
2018-07-24 17:00:00,35029.0,33214.29,33806.87756509781,32.370000000000005,17,7,0
2018-07-24 18:00:00,34432.0,32599.78,33679.15019645691,32.74000000000001,18,7,0
2018-07-24 19:00:00,33639.0,32054.84,33483.13357610703,32.98000000000002,19,7,0
2018-07-24 20:00:00,33400.0,32274.42,32870.50808153152,32.60000000000002,20,7,0
2018-07-24 21:00:00,32606.0,30834.55,31518.667552375795,32.0,21,7,0
2018-07-24 22:00:00,30185.0,29383.27,29428.112535572054,30.79000000000002,22,7,0
2018-07-24 23:00:00,28609.0,28186.35,27329.934555244447,28.27000000000004,23,7,0
2018-07-25 00:00:00,26913.0,25734.395,25928.222459793094,27.29000000000002,0,7,0
2018-07-25 01:00:00,25584.000000000004,25532.6,24844.83867969513,26.150000000000034,1,7,0
2018-07-25 02:00:00,24907.999999999996,24074.82,24000.821325969697,22.720000000000027,2,7,0
2018-07-25 03:00:00,24636.0,24241.28,23780.95669641495,20.860000000000014,3,7,0
2018-07-25 04:00:00,24842.000000000004,25111.91,24388.415569972993,18.860000000000014,4,7,0
2018-07-25 05:00:00,26429.0,26863.612999999998,25892.253889751435,18.430000000000007,5,7,0
2018-07-25 06:00:00,28270.0,28993.48,28051.288610267642,17.860000000000014,6,7,0
2018-07-25 07:00:00,30337.0,30270.67,30316.04128456116,16.430000000000007,7,7,0
2018-07-25 08:00:00,32605.0,31778.24,32192.498949146273,16.730000000000018,8,7,0
2018-07-25 09:00:00,34034.0,33121.09,33502.17877645493,19.560000000000002,9,7,0
2018-07-25 10:00:00,34822.0,32924.56,34265.234495162964,22.78000000000003,10,7,0
2018-07-25 11:00:00,35658.0,35531.91,34570.895310592656,25.390000000000043,11,7,0
2018-07-25 12:00:00,36174.0,35897.22,34504.81334877014,26.760000000000048,12,7,0
2018-07-25 13:00:00,35730.0,31978.64,34198.11237239838,29.180000000000007,13,7,0
2018-07-25 14:00:00,35470.0,27372.89,33754.29572029114,30.710000000000036,14,7,0
2018-07-25 15:00:00,35357.0,29072.15,33335.04737663269,31.980000000000018,15,7,0
2018-07-25 16:00:00,35241.0,32221.05,33052.26766023636,32.75,16,7,0
2018-07-25 17:00:00,34646.0,33716.0,32962.596508598326,34.0,17,7,0
2018-07-25 18:00:00,34004.0,30970.08,33007.469930648804,33.98000000000002,18,7,0
2018-07-25 19:00:00,33326.0,31280.08,32982.66721973419,35.0,19,7,0
2018-07-25 20:00:00,33175.0,31106.69,32500.23276138306,33.79000000000002,20,7,0
2018-07-25 21:00:00,32526.999999999996,32816.92,31169.776573848725,33.0,21,7,0
2018-07-25 22:00:00,30275.0,29786.4,29102.190557003025,32.29000000000002,22,7,0
2018-07-25 23:00:00,28589.999999999996,28389.88,27137.114110183717,28.79000000000002,23,7,0
2018-07-26 00:00:00,26856.0,26483.4,25884.877537155153,27.660000000000025,0,7,0
2018-07-26 01:00:00,25617.999999999996,26560.68,24873.81912622452,26.0,1,7,0
2018-07-26 02:00:00,24990.0,24316.99,24086.47345199585,22.860000000000014,2,7,0
2018-07-26 03:00:00,24815.0,25388.1,23917.403348445896,21.430000000000007,3,7,0
2018-07-26 04:00:00,24977.0,24567.87,24552.23847665787,20.470000000000027,4,7,0
2018-07-26 05:00:00,26743.0,26543.12,26062.410546398165,18.860000000000014,5,7,0
2018-07-26 06:00:00,28746.000000000004,28462.7,28217.868187618256,18.0,6,7,0
2018-07-26 07:00:00,30813.000000000004,30090.006666666664,30497.268574333193,17.0,7,7,0
2018-07-26 08:00:00,33229.0,32908.62,32419.588546371462,17.99000000000001,8,7,0
2018-07-26 09:00:00,34682.0,34188.02,33795.60671319962,20.560000000000002,9,7,0
2018-07-26 10:00:00,35632.0,31082.88666666667,34627.913710403445,23.180000000000007,10,7,0
2018-07-26 11:00:00,36541.0,35519.42,34988.927691459656,25.379999999999995,11,7,0
2018-07-26 12:00:00,37007.0,36366.37,34972.77101316452,27.370000000000005,12,7,0
2018-07-26 13:00:00,36463.0,33557.55,34708.577458953856,29.57000000000005,13,7,0
2018-07-26 14:00:00,35869.0,33436.77,34267.96430721283,30.970000000000027,14,7,0
2018-07-26 15:00:00,35825.0,31131.79,33812.491015815736,31.980000000000018,15,7,0
2018-07-26 16:00:00,35841.0,31851.09,33465.726751327515,32.98000000000002,16,7,0
2018-07-26 17:00:00,35226.0,31855.95,33298.7174361229,33.78000000000003,17,7,0
2018-07-26 18:00:00,34693.0,28712.61,33242.33143463135,33.58000000000004,18,7,0
2018-07-26 19:00:00,33834.0,34187.29,33132.50899600983,33.39000000000004,19,7,0
2018-07-26 20:00:00,33595.0,33526.45,32579.67810544968,33.18000000000001,20,7,0
2018-07-26 21:00:00,32734.0,34700.79,31239.914186668397,32.79000000000002,21,7,0
2018-07-26 22:00:00,30425.000000000004,29747.77,29206.26281013489,31.29000000000002,22,7,0
2018-07-26 23:00:00,28970.0,28937.39,27233.25574655533,28.930000000000007,23,7,0
2018-07-27 00:00:00,27150.0,27745.51,25920.089182567597,28.860000000000014,0,7,0
2018-07-27 01:00:00,25840.000000000004,26540.58,24854.004792785647,26.720000000000027,1,7,0
2018-07-27 02:00:00,25262.999999999996,24696.99,24030.314527893068,25.29000000000002,2,7,0
2018-07-27 03:00:00,24913.0,22681.78,23828.208326816562,22.29000000000002,3,7,0
2018-07-27 04:00:00,25243.0,24532.89,24408.696266651157,20.980000000000018,4,7,0
2018-07-27 05:00:00,26910.999999999996,25982.463333333333,25854.05117120743,18.430000000000007,5,7,0
2018-07-27 06:00:00,28775.0,27308.55,27976.243195819858,18.430000000000007,6,7,0
2018-07-27 07:00:00,30960.0,30590.025,30272.786704540256,17.430000000000007,7,7,0
2018-07-27 08:00:00,33188.0,32430.85,32231.846821403506,18.25,8,7,0
2018-07-27 09:00:00,34738.0,33735.11,33625.86514425278,19.78000000000003,9,7,0
2018-07-27 10:00:00,35737.0,32535.53666666667,34460.42094011307,23.160000000000025,10,7,0
2018-07-27 11:00:00,36773.0,34484.07,34819.7550368309,25.970000000000027,11,7,0
2018-07-27 12:00:00,37236.0,35208.4,34809.18495063782,27.75,12,7,0
2018-07-27 13:00:00,36549.0,31950.86,34533.95006361008,29.78000000000003,13,7,0
2018-07-27 14:00:00,35786.0,32226.37,34095.287824058534,30.970000000000027,14,7,0
2018-07-27 15:00:00,35438.0,30361.37,33652.91177043915,31.970000000000027,15,7,0
2018-07-27 16:00:00,35135.0,31877.93,33333.474926757815,32.78000000000003,16,7,0
2018-07-27 17:00:00,34577.0,34574.49,33188.79732980728,33.379999999999995,17,7,0
2018-07-27 18:00:00,34061.0,27969.57,33169.68132038117,33.58000000000004,18,7,0
2018-07-27 19:00:00,33256.0,32611.25,33087.518372726445,33.19,19,7,0
2018-07-27 20:00:00,32698.0,33321.76,32553.578855895998,32.78000000000003,20,7,0
2018-07-27 21:00:00,31583.0,31239.95,31213.346132183076,32.0,21,7,0
2018-07-27 22:00:00,29607.0,28956.83,29212.41343317032,31.29000000000002,22,7,0
2018-07-27 23:00:00,28710.0,28312.06,27268.7066778183,28.560000000000002,23,7,0
2018-07-28 00:00:00,27039.999999999996,27574.24,25917.584006214143,28.430000000000007,0,7,1
2018-07-28 01:00:00,25584.999999999996,22923.02,24741.232789802554,26.29000000000002,1,7,1
2018-07-28 02:00:00,24729.0,23316.36,23760.14615249634,22.0,2,7,1
2018-07-28 03:00:00,24219.0,23889.73,23282.614612388614,22.58000000000004,3,7,1
2018-07-28 04:00:00,23841.000000000004,23036.53,23357.09599590302,20.29000000000002,4,7,1
2018-07-28 05:00:00,23987.0,25343.51,23971.682169437412,17.860000000000014,5,7,1
2018-07-28 06:00:00,24134.999999999996,24701.15,25077.18279886246,16.860000000000014,6,7,1
2018-07-28 07:00:00,25807.0,25853.43,26537.622478771213,16.430000000000007,7,7,1
2018-07-28 08:00:00,27959.0,28243.53,28114.479608345035,17.0,8,7,1
2018-07-28 09:00:00,29877.000000000004,30388.29,29526.84480752945,18.400000000000034,9,7,1
2018-07-28 10:00:00,30996.0,31692.69,30563.257751846315,21.939999999999998,10,7,1
2018-07-28 11:00:00,31586.0,29247.6,31126.734421062472,23.970000000000027,11,7,1
2018-07-28 12:00:00,31983.0,30531.07,31228.535900306702,26.160000000000025,12,7,1
2018-07-28 13:00:00,31762.0,30268.33,30963.228934383395,27.970000000000027,13,7,1
2018-07-28 14:00:00,31116.0,30874.36,30484.58398256302,29.379999999999995,14,7,1
2018-07-28 15:00:00,30453.0,30036.42916666667,29998.745805072787,30.480000000000018,15,7,1
2018-07-28 16:00:00,30153.0,29790.93,29673.368323898318,32.170000000000016,16,7,1
2018-07-28 17:00:00,29810.0,28668.86,29598.96995792389,32.57000000000005,17,7,1
2018-07-28 18:00:00,29829.0,29356.63,29773.57293634415,32.78000000000003,18,7,1
2018-07-28 19:00:00,29712.0,30331.42,30059.731954956056,33.0,19,7,1
2018-07-28 20:00:00,30051.0,29498.58,30080.684117031098,32.39000000000004,20,7,1
2018-07-28 21:00:00,29829.0,30458.0,29113.705578136447,32.0,21,7,1
2018-07-28 22:00:00,28104.999999999996,28571.76,26919.342010974888,30.370000000000005,22,7,1
2018-07-28 23:00:00,26355.0,26777.105,24760.790745544437,28.960000000000036,23,7,1
2018-07-29 00:00:00,24752.0,24097.89,23467.372589302064,27.29000000000002,0,7,1
2018-07-29 01:00:00,23407.0,23429.25,22481.566160678867,27.29000000000002,1,7,1
2018-07-29 02:00:00,22645.000000000004,23066.688,21786.79725198746,25.720000000000027,2,7,1
2018-07-29 03:00:00,22066.999999999996,22712.15,21586.93496618271,23.58000000000004,3,7,1
2018-07-29 04:00:00,21840.999999999996,22262.17,21852.41285057068,21.29000000000002,4,7,1
2018-07-29 05:00:00,21933.0,21291.78,22567.047368240357,19.29000000000002,5,7,1
2018-07-29 06:00:00,21532.0,22352.91,23721.972734260562,18.29000000000002,6,7,1
2018-07-29 07:00:00,22453.999999999996,24512.25,25219.579855155946,17.430000000000007,7,7,1
2018-07-29 08:00:00,24194.000000000004,23552.05,26826.135288810732,17.99000000000001,8,7,1
2018-07-29 09:00:00,25697.0,25298.26,28232.928546047213,19.689999999999998,9,7,1
2018-07-29 10:00:00,26797.0,30697.62,29195.51692209244,22.379999999999995,10,7,1
2018-07-29 11:00:00,27458.999999999996,29875.62,29621.40911064148,23.78000000000003,11,7,1
2018-07-29 12:00:00,28127.0,32412.84,29567.218190574647,24.970000000000027,12,7,1
2018-07-29 13:00:00,28535.0,29841.55,29194.92359085083,26.57000000000005,13,7,1
2018-07-29 14:00:00,28193.0,30022.99,28714.772114849093,27.970000000000027,14,7,1
2018-07-29 15:00:00,27701.0,28826.755,28317.6577123642,30.0,15,7,1
2018-07-29 16:00:00,27383.0,27926.6,28134.04977254868,31.0,16,7,1
2018-07-29 17:00:00,27263.999999999996,28412.01,28221.66990261078,31.379999999999995,17,7,1
2018-07-29 18:00:00,27485.0,29465.82,28593.76672525406,31.980000000000018,18,7,1
2018-07-29 19:00:00,27598.0,28626.41,29136.3205327034,32.400000000000034,19,7,1
2018-07-29 20:00:00,28951.0,28893.78,29493.89172754288,31.79000000000002,20,7,1
2018-07-29 21:00:00,30006.000000000004,33378.94,28878.443636608125,31.189999999999998,21,7,1
2018-07-29 22:00:00,28359.000000000004,28645.74,26864.621243667603,30.03000000000003,22,7,1
2018-07-29 23:00:00,26247.0,26394.857999999997,24770.213236331943,28.27000000000004,23,7,1
2018-07-30 00:00:00,24580.0,24541.93,23454.03606567383,27.29000000000002,0,7,0
2018-07-30 01:00:00,23484.000000000004,22953.13,22533.005293464663,24.0,1,7,0
2018-07-30 02:00:00,23034.000000000004,22865.0875,21943.49774208069,21.430000000000007,2,7,0
2018-07-30 03:00:00,22737.0,22838.069499999998,21934.671024227144,20.860000000000014,3,7,0
2018-07-30 04:00:00,23189.0,23670.47,22667.173846530917,19.430000000000007,4,7,0
2018-07-30 05:00:00,25364.0,25148.87,24311.565744876865,18.860000000000014,5,7,0
2018-07-30 06:00:00,27359.000000000004,27165.4575,26644.063173484803,17.860000000000014,6,7,0
2018-07-30 07:00:00,29652.000000000004,29522.01,29008.458870983126,16.430000000000007,7,7,0
2018-07-30 08:00:00,32207.0,31825.7,30844.599311447146,17.510000000000048,8,7,0
2018-07-30 09:00:00,33884.0,30460.3,32020.205811691285,19.760000000000048,9,7,0
2018-07-30 10:00:00,34860.0,32203.73,32637.223910808567,22.180000000000007,10,7,0
2018-07-30 11:00:00,35806.0,32648.63,32806.213438510895,24.970000000000027,11,7,0
2018-07-30 12:00:00,36421.0,33658.6775,32642.732368755343,26.78000000000003,12,7,0
2018-07-30 13:00:00,36015.0,32335.1,32303.89139595032,28.78000000000003,13,7,0
2018-07-30 14:00:00,35380.0,32982.41,31954.678114032748,30.170000000000016,14,7,0
2018-07-30 15:00:00,35235.0,33316.27,31738.60543270111,31.360000000000014,15,7,0
2018-07-30 16:00:00,35139.0,30017.39,31718.89853372574,33.0,16,7,0
2018-07-30 17:00:00,34631.0,32826.81,31904.552611732484,32.98000000000002,17,7,0
2018-07-30 18:00:00,33979.0,33208.85,32219.262339019777,34.19,18,7,0
2018-07-30 19:00:00,33158.0,32582.04,32448.139255046848,33.98000000000002,19,7,0
2018-07-30 20:00:00,33154.0,32411.773333333334,32244.355611324314,33.19,20,7,0
2018-07-30 21:00:00,32370.0,32134.17,31173.697931766514,32.59000000000003,21,7,0
2018-07-30 22:00:00,30021.0,29893.05,29201.56987743378,31.05000000000001,22,7,0
2018-07-30 23:00:00,28375.0,27502.45,27170.772839260102,28.910000000000025,23,7,0
2018-07-31 00:00:00,26665.0,25370.57,25851.0942817688,26.58000000000004,0,7,0
2018-07-31 01:00:00,25377.0,24194.24,24852.979281997683,22.860000000000014,1,7,0
2018-07-31 02:00:00,24819.0,23768.59,24059.64657812119,21.860000000000014,2,7,0
2018-07-31 03:00:00,24502.0,23611.7,23880.450776386264,20.430000000000007,3,7,0
2018-07-31 04:00:00,24725.0,23989.7,24529.06437454224,19.430000000000007,4,7,0
2018-07-31 05:00:00,26399.0,26394.171666666665,26070.00176792145,18.860000000000014,5,7,0
2018-07-31 06:00:00,28154.0,25092.14,28233.844180679323,18.49000000000001,6,7,0
2018-07-31 07:00:00,30037.000000000004,29259.74,30477.29553089142,18.0,7,7,0
2018-07-31 08:00:00,32451.0,30802.26,32341.718093872074,18.180000000000007,8,7,0
2018-07-31 09:00:00,34132.0,32213.28,33658.513012695315,20.340000000000032,9,7,0
2018-07-31 10:00:00,35251.0,32809.11,34451.74560718537,23.760000000000048,10,7,0
2018-07-31 11:00:00,36341.0,35549.08,34799.34004707337,26.379999999999995,11,7,0
2018-07-31 12:00:00,36977.0,36468.37,34774.84010601044,28.57000000000005,12,7,0
2018-07-31 13:00:00,36498.0,32729.95,34494.28232965469,29.970000000000027,13,7,0
2018-07-31 14:00:00,35846.0,32633.63,34065.7262547493,31.170000000000016,14,7,0
2018-07-31 15:00:00,35676.0,32847.85,33637.306914615634,32.57000000000005,15,7,0
2018-07-31 16:00:00,35527.0,32941.24,33326.18403339386,33.57000000000005,16,7,0
2018-07-31 17:00:00,34766.0,33768.18,33171.82756795883,34.170000000000016,17,7,0
2018-07-31 18:00:00,34164.0,32435.28,33179.36018886566,34.79000000000002,18,7,0
2018-07-31 19:00:00,33470.0,31321.37,33115.62957677841,34.98000000000002,19,7,0
2018-07-31 20:00:00,33638.0,33124.51,32659.968275070194,34.79000000000002,20,7,0
2018-07-31 21:00:00,32927.0,29238.01,31403.688259506227,33.79000000000002,21,7,0
2018-07-31 22:00:00,30395.000000000004,29162.9,29381.91083288193,33.05000000000001,22,7,0
2018-07-31 23:00:00,26185.0,27893.717,27408.178586673737,27.950000000000045,23,7,0
2018-08-01 00:00:00,24330.0,26037.18,26150.02335138321,26.860000000000014,0,8,0
2018-08-01 01:00:00,23125.0,24738.912,25144.32933855057,25.430000000000007,1,8,0
2018-08-01 02:00:00,22738.0,23329.96,24358.465771579744,24.0,2,8,0
2018-08-01 03:00:00,22658.0,23464.97,24206.970969581605,22.0,3,8,0
2018-08-01 04:00:00,23611.0,23807.63,24905.74913711548,20.860000000000014,4,8,0
2018-08-01 05:00:00,26856.0,24736.24,26499.695671463014,21.0,5,8,0
2018-08-01 06:00:00,31912.999999999996,30213.54,28705.027320671084,20.0,6,8,0
2018-08-01 07:00:00,35308.0,28265.69,30970.678537750246,18.430000000000007,7,8,0
2018-08-01 08:00:00,36816.0,28915.12,32836.39031429291,19.710000000000036,8,8,0
2018-08-01 09:00:00,37648.0,32254.09,34149.84499797821,21.560000000000002,9,8,0
2018-08-01 10:00:00,37613.0,33305.55,34938.8632314682,24.79000000000002,10,8,0
2018-08-01 11:00:00,37279.0,33591.38,35254.70346231461,27.379999999999995,11,8,0
2018-08-01 12:00:00,37139.0,35385.73,35193.13618965149,29.180000000000007,12,8,0
2018-08-01 13:00:00,35950.0,33182.98,34856.849227046965,31.379999999999995,13,8,0
2018-08-01 14:00:00,35288.0,31606.47,34381.46637620926,32.97000000000003,14,8,0
2018-08-01 15:00:00,35075.0,32749.29,33904.34259872437,34.76000000000005,15,8,0
2018-08-01 16:00:00,35447.0,34188.89,33532.78294839859,35.57000000000005,16,8,0
2018-08-01 17:00:00,37221.0,33431.28,33351.670418167116,36.19,17,8,0
2018-08-01 18:00:00,38093.0,32582.19,33335.643149566655,36.78000000000003,18,8,0
2018-08-01 19:00:00,38400.0,31995.81,33292.66692247391,37.400000000000034,19,8,0
2018-08-01 20:00:00,37615.0,32415.96,32856.514742660525,36.97000000000003,20,8,0
2018-08-01 21:00:00,34909.0,31278.24,31602.366324520113,36.79000000000002,21,8,0
2018-08-01 22:00:00,31417.0,28997.05,29576.42581243515,35.03000000000003,22,8,0
2018-08-01 23:00:00,30137.999999999996,27652.19,27591.6717669487,29.910000000000025,23,8,0
2018-08-02 00:00:00,27810.000000000004,26783.6,26328.398744487764,29.430000000000007,0,8,0
2018-08-02 01:00:00,26548.0,24033.58166666667,25310.11780757904,26.430000000000007,1,8,0
2018-08-02 02:00:00,25999.0,24105.61,24497.630027198793,24.860000000000014,2,8,0
2018-08-02 03:00:00,25856.0,23351.87,24304.85841598511,24.0,3,8,0
2018-08-02 04:00:00,26467.0,23751.87,24937.3177775383,23.430000000000007,4,8,0
2018-08-02 05:00:00,29310.0,23366.15,26442.096148872377,23.0,5,8,0
2018-08-02 06:00:00,34557.0,25819.47,28564.258873176575,23.0,6,8,0
2018-08-02 07:00:00,37836.0,29495.3,30793.19436235428,21.430000000000007,7,8,0
2018-08-02 08:00:00,39251.0,30508.45,32696.25670681,22.470000000000027,8,8,0
2018-08-02 09:00:00,39925.0,32001.01,34096.083815765385,23.980000000000018,9,8,0
2018-08-02 10:00:00,39648.0,32216.602000000003,35015.50307102204,26.379999999999995,10,8,0
2018-08-02 11:00:00,39090.0,32492.68,35493.098095130925,28.78000000000003,11,8,0
2018-08-02 12:00:00,38956.0,33706.41,35600.85242033005,31.189999999999998,12,8,0
2018-08-02 13:00:00,37814.0,32366.4,35433.29128265381,33.170000000000016,13,8,0
2018-08-02 14:00:00,37394.0,32655.327999999998,35067.298690891264,35.170000000000016,14,8,0
2018-08-02 15:00:00,37128.0,32529.98,34637.79035596848,35.97000000000003,15,8,0
2018-08-02 16:00:00,37154.0,30442.98,34250.23029565811,38.0,16,8,0
2018-08-02 17:00:00,37851.0,30208.2,34002.44735574722,38.19,17,8,0
2018-08-02 18:00:00,40241.0,30490.67,33872.12935152054,38.78000000000003,18,8,0
2018-08-02 19:00:00,40693.0,30800.81,33685.28616933823,38.98000000000002,19,8,0
2018-08-02 20:00:00,39834.0,30853.99,33146.06038856506,38.48000000000002,20,8,0
2018-08-02 21:00:00,37133.0,30927.87,31969.01084814072,37.79000000000002,21,8,0
2018-08-02 22:00:00,33466.0,27586.5,30185.60119571686,36.29000000000002,22,8,0
2018-08-02 23:00:00,27987.0,27678.87,28360.008866214754,32.22000000000003,23,8,0
2018-08-03 00:00:00,26001.0,25172.49,27065.37474718094,30.860000000000014,0,8,0
2018-08-03 01:00:00,24842.000000000004,22916.67,25978.294244861605,30.430000000000007,1,8,0
2018-08-03 02:00:00,24377.0,22486.33,25104.14152412415,31.0,2,8,0
2018-08-03 03:00:00,24260.000000000004,23028.78,24874.346531772615,28.980000000000018,3,8,0
2018-08-03 04:00:00,25056.0,23396.81,25501.749148464205,27.980000000000018,4,8,0
2018-08-03 05:00:00,27548.0,23499.78,27043.968430328372,26.49000000000001,5,8,0
2018-08-03 06:00:00,31386.0,27221.54,29260.563606357577,25.430000000000007,6,8,0
2018-08-03 07:00:00,34074.0,29799.68,31645.57939577103,23.860000000000014,7,8,0
2018-08-03 08:00:00,35651.0,30662.49,33742.280152225496,23.970000000000027,8,8,0
2018-08-03 09:00:00,36192.0,30858.58,35340.57778234482,24.760000000000048,9,8,0
2018-08-03 10:00:00,36087.0,31368.55,36441.18281860352,27.379999999999995,10,8,0
2018-08-03 11:00:00,35416.0,33052.95,37083.572542953494,29.99000000000001,11,8,0
2018-08-03 12:00:00,35095.0,34888.31,37327.43656663895,31.980000000000018,12,8,0
2018-08-03 13:00:00,34033.0,35032.91,37231.73443489075,34.200000000000045,13,8,0
2018-08-03 14:00:00,33336.0,31892.71,36876.94188594818,36.400000000000034,14,8,0
2018-08-03 15:00:00,32903.0,26631.27,36353.55536346436,38.24000000000001,15,8,0
2018-08-03 16:00:00,32637.0,26029.07,35825.1389547348,39.19,16,8,0
2018-08-03 17:00:00,32660.0,25944.97,35328.54756412506,39.79000000000002,17,8,0
2018-08-03 18:00:00,34938.0,26279.99,34951.008209228516,39.79000000000002,18,8,0
2018-08-03 19:00:00,36206.0,26673.31,34554.01833305359,38.950000000000045,19,8,0
2018-08-03 20:00:00,35163.0,27070.47,33917.76213989258,38.19,20,8,0
2018-08-03 21:00:00,32799.0,29093.2,32805.9521774292,37.400000000000034,21,8,0
2018-08-03 22:00:00,29696.0,27867.83,31168.887797832493,37.0,22,8,0
2018-08-03 23:00:00,24993.0,25933.02,29336.402570819857,33.99000000000001,23,8,0
2018-08-04 00:00:00,23223.0,23901.28,27836.84453773499,31.980000000000018,0,8,1
2018-08-04 01:00:00,21870.000000000004,22699.99,26517.730011177064,30.49000000000001,1,8,1
2018-08-04 02:00:00,21235.0,22829.75,25300.639157867434,28.960000000000036,2,8,1
2018-08-04 03:00:00,20695.0,23527.74,24591.100452136994,27.980000000000018,3,8,1
2018-08-04 04:00:00,20651.0,23113.74,24514.467937660218,26.0,4,8,1
2018-08-04 05:00:00,21010.0,23719.12,25063.52153015137,24.980000000000018,5,8,1
2018-08-04 06:00:00,21491.0,23953.41,26153.685889911652,23.0,6,8,1
2018-08-04 07:00:00,22124.0,24671.92,27603.877787017824,21.29000000000002,7,8,1
2018-08-04 08:00:00,24218.0,29052.34,29176.571831130983,21.660000000000025,8,8,1
2018-08-04 09:00:00,26087.0,27745.03,30631.493286323548,22.420000000000016,9,8,1
2018-08-04 10:00:00,27036.000000000004,32406.22,31791.953968906404,25.57000000000005,10,8,1
2018-08-04 11:00:00,27280.0,30039.05,32555.4980260849,27.890000000000043,11,8,1
2018-08-04 12:00:00,27454.0,31473.43,32912.737150764464,30.189999999999998,12,8,1
2018-08-04 13:00:00,26938.000000000004,28651.48,32914.88095664978,32.370000000000005,13,8,1
2018-08-04 14:00:00,25609.0,31627.47,32635.180214309694,33.78000000000003,14,8,1
2018-08-04 15:00:00,24807.000000000004,28807.47,32188.794901847843,35.950000000000045,15,8,1
2018-08-04 16:00:00,24292.000000000004,29938.56,31721.82123947144,36.98000000000002,16,8,1
2018-08-04 17:00:00,24261.999999999996,29592.66,31394.365878105167,37.450000000000045,17,8,1
2018-08-04 18:00:00,25096.0,29826.88,31263.2176984787,38.25,18,8,1
2018-08-04 19:00:00,27050.0,30096.47,31238.512655258182,39.0,19,8,1
2018-08-04 20:00:00,29813.000000000004,30583.43,31001.158183383945,37.98000000000002,20,8,1
2018-08-04 21:00:00,28651.000000000004,29920.71,30003.182360076906,36.39000000000004,21,8,1
2018-08-04 22:00:00,26800.0,30409.05,28065.206256675723,35.31,22,8,1
2018-08-04 23:00:00,25445.0,25751.05,25958.199116802218,33.0,23,8,1
2018-08-05 00:00:00,24065.000000000004,25223.91,24475.425276947022,30.460000000000036,0,8,1
2018-08-05 01:00:00,23058.0,24864.13,23321.579138946534,29.980000000000018,1,8,1
2018-08-05 02:00:00,22655.0,24069.01,22432.593137168886,28.57000000000005,2,8,1
2018-08-05 03:00:00,22519.999999999996,23843.26,22066.229408168794,28.0,3,8,1
2018-08-05 04:00:00,22866.0,23557.1,22236.869519901276,26.0,4,8,1
2018-08-05 05:00:00,25021.0,24693.71,22930.747210884096,25.430000000000007,5,8,1
2018-08-05 06:00:00,27681.000000000004,24880.71,24109.89904842377,24.430000000000007,6,8,1
2018-08-05 07:00:00,30081.0,24720.05,25618.813646602634,23.0,7,8,1
2018-08-05 08:00:00,31210.0,28413.49,27208.335834407808,23.230000000000018,8,8,1
2018-08-05 09:00:00,31621.999999999996,29213.65,28622.039081001283,23.970000000000027,9,8,1
2018-08-05 10:00:00,31978.999999999996,30182.96,29668.069851493838,26.0,10,8,1
2018-08-05 11:00:00,32195.0,27877.33,30268.13283891678,28.590000000000032,11,8,1
2018-08-05 12:00:00,32129.0,35047.95,30443.710052585604,30.78000000000003,12,8,1
2018-08-05 13:00:00,31331.999999999996,30658.31,30299.85774765015,32.75,13,8,1
2018-08-05 14:00:00,30812.000000000004,29133.615,29994.275066375736,34.200000000000045,14,8,1
2018-08-05 15:00:00,30335.0,30977.23,29705.403327560427,35.400000000000034,15,8,1
2018-08-05 16:00:00,30121.0,28831.2,29548.968981933594,37.0,16,8,1
2018-08-05 17:00:00,29635.0,29019.21,29613.397918033603,36.59000000000003,17,8,1
2018-08-05 18:00:00,29547.0,28833.61,29905.319330596925,37.0,18,8,1
2018-08-05 19:00:00,30264.000000000004,30447.09,30295.150164794923,37.400000000000034,19,8,1
2018-08-05 20:00:00,31499.0,30693.04,30461.89821891785,38.0,20,8,1
2018-08-05 21:00:00,29660.0,31149.11,29784.88285531998,36.99000000000001,21,8,1
2018-08-05 22:00:00,26964.0,27380.28,27961.44654016495,35.33000000000004,22,8,1
2018-08-05 23:00:00,25338.0,26393.44,25912.444243812562,32.33000000000004,23,8,1
2018-08-06 00:00:00,24084.0,24329.84,24446.21775302887,30.470000000000027,0,8,0
2018-08-06 01:00:00,23160.0,23634.64,23392.54936885834,28.980000000000018,1,8,0
2018-08-06 02:00:00,22786.0,23547.17,22644.304955959324,26.960000000000036,2,8,0
2018-08-06 03:00:00,22706.0,23071.36,22508.49802732468,26.450000000000045,3,8,0
2018-08-06 04:00:00,23060.0,22591.82,23181.618891620637,25.49000000000001,4,8,0
2018-08-06 05:00:00,24596.0,23027.3,24799.27914209366,22.960000000000036,5,8,0
2018-08-06 06:00:00,27110.0,22546.52,27099.33380441666,21.960000000000036,6,8,0
2018-08-06 07:00:00,29434.0,28781.52,29473.95530948639,20.980000000000018,7,8,0
2018-08-06 08:00:00,30648.0,28098.27,31406.300870323183,21.74000000000001,8,8,0
2018-08-06 09:00:00,31239.0,30511.69,32732.608622550968,22.370000000000005,9,8,0
2018-08-06 10:00:00,31718.000000000004,30393.45,33530.797852516174,25.980000000000018,10,8,0
2018-08-06 11:00:00,32197.0,31694.07,33901.393034362794,27.400000000000034,11,8,0
2018-08-06 12:00:00,32185.0,31090.68,33948.40782060623,30.0,12,8,0
2018-08-06 13:00:00,31169.000000000004,30340.56,33779.07645597458,31.980000000000018,13,8,0
2018-08-06 14:00:00,30324.0,28059.43,33520.95294895172,34.76000000000005,14,8,0
2018-08-06 15:00:00,30073.999999999996,29446.82,33295.0475725174,35.76000000000005,15,8,0
2018-08-06 16:00:00,29808.0,29025.74,33193.81500759125,37.60000000000002,16,8,0
2018-08-06 17:00:00,29260.0,29563.87,33218.029270648956,37.620000000000005,17,8,0
2018-08-06 18:00:00,29146.0,30566.37,33355.97268009186,38.60000000000002,18,8,0
2018-08-06 19:00:00,29152.0,31601.23,33407.85620088578,38.0,19,8,0
2018-08-06 20:00:00,29454.0,31729.07,33097.34618444443,32.08000000000004,20,8,0
2018-08-06 21:00:00,28723.0,30392.90366666666,32119.29457073212,33.370000000000005,21,8,0
2018-08-06 22:00:00,26760.0,29342.96,30393.897086906436,32.54000000000002,22,8,0
2018-08-06 23:00:00,25967.0,27389.36,28420.90711517334,31.680000000000007,23,8,0
2018-08-07 00:00:00,24360.999999999996,24916.73,26903.900748538974,30.27000000000004,0,8,0
2018-08-07 01:00:00,23101.999999999996,25014.51,25743.50599164963,30.0,1,8,0
2018-08-07 02:00:00,22237.0,23355.11,24785.302895069126,31.49000000000001,2,8,0
2018-08-07 03:00:00,21767.0,23292.24,24484.083518028263,31.0,3,8,0
2018-08-07 04:00:00,21630.0,24014.8,25062.347076129914,29.49000000000001,4,8,0
2018-08-07 05:00:00,21405.0,24335.89,26566.141445446017,26.510000000000048,5,8,0
2018-08-07 06:00:00,21095.000000000004,24548.58,28726.958601379396,24.49000000000001,6,8,0
2018-08-07 07:00:00,22202.0,29516.0,31053.368890953065,23.49000000000001,7,8,0
2018-08-07 08:00:00,24051.0,29730.24,33100.53259296418,22.49000000000001,8,8,0
2018-08-07 09:00:00,25693.0,31345.228,34662.88362827301,22.370000000000005,9,8,0
2018-08-07 10:00:00,26668.0,30949.46,35752.93322849274,24.980000000000018,10,8,0
2018-08-07 11:00:00,27461.0,34022.69,36360.11130743027,27.78000000000003,11,8,0
2018-08-07 12:00:00,28199.999999999996,33123.16,36594.9068857193,29.590000000000032,12,8,0
2018-08-07 13:00:00,28540.0,31695.77,36485.108864021306,31.370000000000005,13,8,0
2018-08-07 14:00:00,27904.0,32950.35,36128.11879196167,32.58525000000003,14,8,0
2018-08-07 15:00:00,27371.0,33503.09,35596.701543331146,35.86034375000003,15,8,0
2018-08-07 16:00:00,27041.0,34182.1,35089.61331729889,36.04568750000004,16,8,0
2018-08-07 17:00:00,27101.000000000004,34012.31,34675.751346969606,36.230999999999995,17,8,0
2018-08-07 18:00:00,27399.0,34107.63,34420.701930618285,36.230999999999995,18,8,0
2018-08-07 19:00:00,27839.0,33447.26,34140.57877550125,35.79000000000002,19,8,0
2018-08-07 20:00:00,28591.0,33283.17,33594.56753168106,35.0,20,8,0
2018-08-07 21:00:00,29837.0,30619.81,32505.599601173402,33.81,21,8,0
2018-08-07 22:00:00,28424.000000000004,29233.64,30708.11115064621,32.31,22,8,0
2018-08-07 23:00:00,29364.999999999996,25668.3,28676.720781230928,29.010000000000048,23,8,0
2018-08-08 00:00:00,27495.0,24966.48,27050.917486763003,26.660000000000025,0,8,0
2018-08-08 01:00:00,25997.0,24079.653333333335,25771.639170932773,24.29000000000002,1,8,0
2018-08-08 02:00:00,25480.0,24236.302333333333,24690.09886856079,25.57000000000005,2,8,0
2018-08-08 03:00:00,25043.0,24039.324,24257.133097267153,25.0,3,8,0
2018-08-08 04:00:00,25123.0,22451.97,24714.315573310854,22.57000000000005,4,8,0
2018-08-08 05:00:00,26574.0,24736.24,26130.941525650025,21.0,5,8,0
2018-08-08 06:00:00,28273.0,26240.18,28231.878618335726,19.430000000000007,6,8,0
2018-08-08 07:00:00,30541.0,27083.43,30463.299750328068,18.860000000000014,7,8,0
2018-08-08 08:00:00,32911.0,29247.75,32326.29880666733,19.230000000000018,8,8,0
2018-08-08 09:00:00,34358.0,32365.97,33648.609508514404,18.920000000000016,9,8,0
2018-08-08 10:00:00,35501.0,32401.12,34490.85419359207,22.360000000000014,10,8,0
2018-08-08 11:00:00,36538.0,33164.26,34892.58827800751,24.78000000000003,11,8,0
2018-08-08 12:00:00,37399.0,33379.73,34925.609725379945,27.180000000000007,12,8,0
2018-08-08 13:00:00,37272.0,33966.872833333335,34696.45933980942,28.57000000000005,13,8,0
2018-08-08 14:00:00,36538.0,32759.19,34309.60004520416,31.0,14,8,0
2018-08-08 15:00:00,36388.0,32666.02666666667,33892.72502651215,32.160000000000025,15,8,0
2018-08-08 16:00:00,35993.0,31636.01,33490.9250164032,34.0,16,8,0
2018-08-08 17:00:00,35206.0,33665.76,33279.01053714752,33.960000000000036,17,8,0
2018-08-08 18:00:00,34342.0,32550.86,33219.037689590456,34.78000000000003,18,8,0
2018-08-08 19:00:00,33643.0,33255.64,33110.11379375458,34.58000000000004,19,8,0
2018-08-08 20:00:00,34038.0,32079.9,32579.29720144272,33.39000000000004,20,8,0
2018-08-08 21:00:00,32943.0,31759.24,31216.20779561997,32.0,21,8,0
2018-08-08 22:00:00,30516.0,27443.48,29127.789259624482,31.29000000000002,22,8,0
2018-08-08 23:00:00,26635.0,27327.76,27137.795342350008,29.620000000000005,23,8,0
2018-08-09 00:00:00,25296.999999999996,26783.6,25843.827805328372,29.430000000000007,0,8,0
2018-08-09 01:00:00,24220.0,23460.04,24772.42296791077,27.860000000000014,1,8,0
2018-08-09 02:00:00,23451.000000000004,23497.87,23948.696077632907,26.29000000000002,2,8,0
2018-08-09 03:00:00,23123.0,23693.89,23742.316914939882,24.860000000000014,3,8,0
2018-08-09 04:00:00,22782.0,24086.45,24345.158548259737,22.150000000000034,4,8,0
2018-08-09 05:00:00,23165.999999999996,25024.4,25817.860407161716,21.450000000000045,5,8,0
2018-08-09 06:00:00,23758.0,26830.8,27911.736125564577,20.150000000000034,6,8,0
2018-08-09 07:00:00,24422.999999999996,27528.125,30088.82471933365,18.720000000000027,7,8,0
2018-08-09 08:00:00,26650.000000000004,29554.24,31868.242204761507,18.230000000000018,8,8,0
2018-08-09 09:00:00,28194.0,32865.96,33095.92511949539,18.760000000000048,9,8,0
2018-08-09 10:00:00,28910.000000000004,32971.75,33861.90842733383,21.379999999999995,10,8,0
2018-08-09 11:00:00,29219.0,33200.17,34223.62561578751,23.760000000000048,11,8,0
2018-08-09 12:00:00,29436.0,34006.39333333333,34275.86806535721,25.379999999999995,12,8,0
2018-08-09 13:00:00,28791.0,33797.105,34096.288917922975,26.160000000000025,13,8,0
2018-08-09 14:00:00,27417.0,31987.85,33804.5237736702,28.189999999999998,14,8,0
2018-08-09 15:00:00,26655.0,31782.09,33467.87055721283,28.980000000000018,15,8,0
2018-08-09 16:00:00,26303.0,32406.05,33230.1986653328,28.970000000000027,16,8,0
2018-08-09 17:00:00,26249.0,29360.59,33122.70804290772,29.78000000000003,17,8,0
2018-08-09 18:00:00,26413.0,30891.29,33142.92525558472,31.0,18,8,0
2018-08-09 19:00:00,27722.0,31047.69,33052.77064886093,30.77000000000004,19,8,0
2018-08-09 20:00:00,28973.000000000004,32694.19,32479.49790992737,29.79000000000002,20,8,0
2018-08-09 21:00:00,27323.0,30715.06,31029.037426662446,28.980000000000018,21,8,0
2018-08-09 22:00:00,25612.0,28533.98,28873.206206512452,27.730000000000018,22,8,0
2018-08-09 23:00:00,22999.000000000004,25249.08,26826.51619281769,25.680000000000007,23,8,0
2018-08-10 00:00:00,22001.000000000004,25376.76,25443.431768321992,24.340000000000032,0,8,0
2018-08-10 01:00:00,21410.0,23922.28,24279.796885681153,22.0,1,8,0
2018-08-10 02:00:00,21206.0,23005.089523809525,23411.15994796753,20.430000000000007,2,8,0
2018-08-10 03:00:00,21151.0,23238.06,23173.158427619936,19.0,3,8,0
2018-08-10 04:00:00,21652.0,23493.11,23706.497288131715,19.0,4,8,0
2018-08-10 05:00:00,24122.0,25663.54,25123.191607856752,18.0,5,8,0
2018-08-10 06:00:00,27744.0,27389.3275,27231.86154022217,18.0,6,8,0
2018-08-10 07:00:00,29378.0,28949.763333333336,29408.718173217774,17.430000000000007,7,8,0
2018-08-10 08:00:00,30266.999999999996,32025.74,31079.45104866028,17.760000000000048,8,8,0
2018-08-10 09:00:00,30756.0,31681.54,32129.13703260422,17.980000000000018,9,8,0
2018-08-10 10:00:00,31016.0,32168.1,32689.1269651413,18.57000000000005,10,8,0
2018-08-10 11:00:00,31506.0,32108.71,32873.28428573609,20.760000000000048,11,8,0
2018-08-10 12:00:00,31458.000000000004,32112.605,32754.847556495668,22.760000000000048,12,8,0
2018-08-10 13:00:00,30605.0,32430.99,32430.717780113224,24.680000000000007,13,8,0
2018-08-10 14:00:00,29963.0,28321.63,32045.52127799988,27.379999999999995,14,8,0
2018-08-10 15:00:00,29620.000000000004,26952.555,31724.751270294193,28.57000000000005,15,8,0
2018-08-10 16:00:00,29609.0,30461.40083333333,31607.70630569458,30.24000000000001,16,8,0
2018-08-10 17:00:00,29172.0,31493.455,31743.67438602448,30.400000000000034,17,8,0
2018-08-10 18:00:00,29901.0,30293.11,32043.655825042726,31.970000000000027,18,8,0
2018-08-10 19:00:00,32155.0,28283.3,32249.966620349885,31.78000000000003,19,8,0
2018-08-10 20:00:00,31328.0,29359.39,31883.72497596741,31.77000000000004,20,8,0
2018-08-10 21:00:00,28356.0,30012.89,30364.425860214236,31.58000000000004,21,8,0
2018-08-10 22:00:00,25918.0,26925.85,28061.77567892075,30.05000000000001,22,8,0
2018-08-10 23:00:00,26702.0,27965.98,26156.198391342165,28.670000000000016,23,8,0
2018-08-11 00:00:00,24964.0,25052.77,25026.31746377945,25.470000000000027,0,8,1
2018-08-11 01:00:00,24003.999999999996,24057.45333333333,23984.315485668183,24.0,1,8,1
2018-08-11 02:00:00,23650.999999999996,23385.19,23154.36227989197,23.720000000000027,2,8,1
2018-08-11 03:00:00,23575.0,23736.41,22824.875430488588,24.0,3,8,1
2018-08-11 04:00:00,24168.0,23260.14,23031.71118965149,23.430000000000007,4,8,1
2018-08-11 05:00:00,26665.0,24371.758,23780.375573635105,21.860000000000014,5,8,1
2018-08-11 06:00:00,30595.0,23693.39,25031.96509819031,21.430000000000007,6,8,1
2018-08-11 07:00:00,32802.0,24764.22,26619.211628723147,21.430000000000007,7,8,1
2018-08-11 08:00:00,33841.0,27750.68,28243.388756084445,21.5,8,8,1
2018-08-11 09:00:00,34344.0,28348.01,29588.768567276,22.210000000000036,9,8,1
2018-08-11 10:00:00,34361.0,29811.29,30473.58171682358,23.170000000000016,10,8,1
2018-08-11 11:00:00,34245.0,28465.51,30873.596849823,23.970000000000027,11,8,1
2018-08-11 12:00:00,34043.0,34197.3,30846.750442409517,25.57000000000005,12,8,1
2018-08-11 13:00:00,33033.0,30141.63,30520.667312145237,27.57000000000005,13,8,1
2018-08-11 14:00:00,32666.0,28811.53,30077.133896350864,28.78000000000003,14,8,1
2018-08-11 15:00:00,32585.0,30102.436666666665,29683.017892074586,30.78000000000003,15,8,1
2018-08-11 16:00:00,32875.0,30341.31,29482.291247177127,31.970000000000027,16,8,1
2018-08-11 17:00:00,34444.0,29050.23,29529.24743280411,33.170000000000016,17,8,1
2018-08-11 18:00:00,35234.0,32601.67,29824.88021774292,33.79000000000002,18,8,1
2018-08-11 19:00:00,35394.0,29592.44,30202.4537563324,33.57000000000005,19,8,1
2018-08-11 20:00:00,34094.0,29894.4,30319.00061569214,34.0,20,8,1
2018-08-11 21:00:00,31651.000000000004,29856.58,29422.567452239993,32.79000000000002,21,8,1
2018-08-11 22:00:00,28815.999999999996,29199.57,27246.68505449295,30.370000000000005,22,8,1
2018-08-11 23:00:00,25906.000000000004,26482.94,25077.241399478913,28.260000000000048,23,8,1
2018-08-12 00:00:00,24076.0,24712.79,23738.732510566715,26.29000000000002,0,8,1
2018-08-12 01:00:00,22709.000000000004,23279.005,22688.003923988344,24.860000000000014,1,8,1
2018-08-12 02:00:00,21894.0,21986.29,21892.74716653824,23.860000000000014,2,8,1
2018-08-12 03:00:00,21726.0,21926.48,21592.70224351883,23.860000000000014,3,8,1
2018-08-12 04:00:00,21772.0,23850.07,21799.367084217072,25.0,4,8,1
2018-08-12 05:00:00,22297.0,24820.48,22512.375434780122,25.0,5,8,1
2018-08-12 06:00:00,23358.999999999996,23259.15,23718.283337116245,23.140000000000043,6,8,1
2018-08-12 07:00:00,24454.999999999996,23618.77,25280.421945190432,21.0,7,8,1
2018-08-12 08:00:00,26532.0,28695.15,26922.88734827042,21.730000000000018,8,8,1
2018-08-12 09:00:00,28199.000000000004,28900.03166666667,28327.329255771638,22.470000000000027,9,8,1
2018-08-12 10:00:00,28435.0,27268.19,29271.294844245913,23.970000000000027,10,8,1
2018-08-12 11:00:00,28032.0,27756.38,29689.976715278626,25.170000000000016,11,8,1
2018-08-12 12:00:00,28116.0,27852.34,29651.617728424073,27.78000000000003,12,8,1
2018-08-12 13:00:00,27924.0,28759.3,29315.963164138797,28.970000000000027,13,8,1
2018-08-12 14:00:00,26752.0,30217.2,28893.784789657595,31.360000000000014,14,8,1
2018-08-12 15:00:00,25914.0,29067.73,28569.30585126877,32.370000000000005,15,8,1
2018-08-12 16:00:00,26218.0,28157.602666666666,28456.8244096756,33.97000000000003,16,8,1
2018-08-12 17:00:00,28437.0,27935.62,28614.616336250307,35.0,17,8,1
2018-08-12 18:00:00,29204.0,28398.38,29024.940294361117,34.160000000000025,18,8,1
2018-08-12 19:00:00,29850.0,30809.7,29579.58536233902,34.57000000000005,19,8,1
2018-08-12 20:00:00,29806.0,32588.87,29943.170445442203,33.97000000000003,20,8,1
2018-08-12 21:00:00,28872.0,31882.1,29330.44728317261,30.980000000000018,21,8,1
2018-08-12 22:00:00,27033.0,29499.66,27321.676751708987,30.32000000000005,22,8,1
2018-08-12 23:00:00,26093.0,25557.492142857147,25214.56217737198,29.560000000000002,23,8,1
2018-08-13 00:00:00,24454.999999999996,24391.57,23865.90317335129,26.860000000000014,0,8,0
2018-08-13 01:00:00,23404.0,21963.32,22880.245687961582,25.430000000000007,1,8,0
2018-08-13 02:00:00,22866.0,21200.11,22200.187975692752,23.860000000000014,2,8,0
2018-08-13 03:00:00,22537.0,22265.21,22101.773123741154,22.860000000000014,3,8,0
2018-08-13 04:00:00,22837.0,22783.0,22765.28348693848,21.430000000000007,4,8,0
2018-08-13 05:00:00,24270.0,24974.134,24377.60131454468,20.860000000000014,5,8,0
2018-08-13 06:00:00,25848.0,25253.23,26704.287515354157,19.860000000000014,6,8,0
2018-08-13 07:00:00,27817.0,26774.69,29058.459846973423,19.430000000000007,7,8,0
2018-08-13 08:00:00,29997.0,28816.38,30878.050496673586,18.970000000000027,8,8,0
2018-08-13 09:00:00,31601.0,30882.0,32048.795587444307,20.140000000000043,9,8,0
2018-08-13 10:00:00,32528.999999999996,31624.7,32683.420730113987,22.57000000000005,10,8,0
2018-08-13 11:00:00,33588.0,31466.76,32898.902521896365,24.370000000000005,11,8,0
2018-08-13 12:00:00,34403.0,31959.16,32805.53220634461,26.170000000000016,12,8,0
2018-08-13 13:00:00,34255.0,31412.22,32524.273664283755,28.170000000000016,13,8,0
2018-08-13 14:00:00,33572.0,29899.65,32219.758002567294,29.170000000000016,14,8,0
2018-08-13 15:00:00,33345.0,31578.07,32011.991958618168,31.170000000000016,15,8,0
2018-08-13 16:00:00,33149.0,31707.11,31986.105136299135,32.170000000000016,16,8,0
2018-08-13 17:00:00,32567.0,30625.459666666662,32136.806388282777,33.0,17,8,0
2018-08-13 18:00:00,32089.0,31039.8,32388.22012472153,34.0,18,8,0
2018-08-13 19:00:00,31439.0,29204.4115,32566.646793365482,33.0,19,8,0
2018-08-13 20:00:00,32132.0,29056.8515,32305.527329826356,33.0,20,8,0
2018-08-13 21:00:00,30987.0,29946.585,31159.816910743717,31.810000000000002,21,8,0
2018-08-13 22:00:00,28901.0,28964.92,29122.634847068788,29.730000000000018,22,8,0
2018-08-13 23:00:00,27029.0,27916.54,27053.63997373581,27.370000000000005,23,8,0
2018-08-14 00:00:00,25390.000000000004,25297.42,25676.867323970797,26.0,0,8,0
2018-08-14 01:00:00,24069.999999999996,23917.41,24615.217047500613,24.29000000000002,1,8,0
2018-08-14 02:00:00,23518.999999999996,23223.79,23776.683734798433,22.860000000000014,2,8,0
2018-08-14 03:00:00,23067.999999999996,22685.42,23552.45091762543,22.430000000000007,3,8,0
2018-08-14 04:00:00,23264.0,22920.99,24149.088210678103,22.430000000000007,4,8,0
2018-08-14 05:00:00,24561.0,24440.23,25641.758229637147,21.0,5,8,0
2018-08-14 06:00:00,25951.0,28218.77,27747.449297332765,20.430000000000007,6,8,0
2018-08-14 07:00:00,27834.0,29801.56,29884.376935291293,19.430000000000007,7,8,0
2018-08-14 08:00:00,29973.000000000004,27237.32,31579.18001394272,19.5,8,8,0
2018-08-14 09:00:00,31290.0,32248.73,32721.308470344546,19.77000000000004,9,8,0
2018-08-14 10:00:00,32211.0,33328.37,33401.73976154328,20.760000000000048,10,8,0
2018-08-14 11:00:00,32928.0,32978.08,33712.21315259934,22.560000000000002,11,8,0
2018-08-14 12:00:00,33591.0,32744.29,33732.3400226593,24.78000000000003,12,8,0
2018-08-14 13:00:00,33502.0,31578.52,33537.063235092166,26.970000000000027,13,8,0
2018-08-14 14:00:00,32878.0,29924.62,33221.67960071564,29.710000000000036,14,8,0
2018-08-14 15:00:00,32546.0,31243.32,32923.64419050217,31.0,15,8,0
2018-08-14 16:00:00,32356.0,30992.8275,32729.063285255434,30.77000000000004,16,8,0
2018-08-14 17:00:00,31881.999999999996,31893.26,32715.502125930787,32.19,17,8,0
2018-08-14 18:00:00,31473.0,29265.61,32823.26621789933,32.98000000000002,18,8,0
2018-08-14 19:00:00,30939.0,29201.86,32850.42760362625,32.98000000000002,19,8,0
2018-08-14 20:00:00,31556.000000000004,32691.46,32420.306403923038,32.59000000000003,20,8,0
2018-08-14 21:00:00,30282.0,30478.52,31044.356604480745,32.200000000000045,21,8,0
2018-08-14 22:00:00,28217.0,27439.81,28845.97401170731,31.05000000000001,22,8,0
2018-08-14 23:00:00,26764.0,26548.677000000003,26803.049087619784,27.960000000000036,23,8,0
2018-08-15 00:00:00,25177.0,24618.84,25532.656090259556,26.430000000000007,0,8,0
2018-08-15 01:00:00,23926.0,23599.920499999997,24488.39066333771,25.0,1,8,0
2018-08-15 02:00:00,23125.0,23329.96,23685.781970214844,24.0,2,8,0
2018-08-15 03:00:00,22587.0,23464.97,23497.224720001224,22.0,3,8,0
2018-08-15 04:00:00,22369.0,24070.38,24112.526309394838,21.0,4,8,0
2018-08-15 05:00:00,22544.0,25060.33666666667,25616.166852092745,20.430000000000007,5,8,0
2018-08-15 06:00:00,22455.999999999996,26240.18,27735.72917404175,19.430000000000007,6,8,0
2018-08-15 07:00:00,23074.0,28265.69,29880.804739379884,18.430000000000007,7,8,0
2018-08-15 08:00:00,24621.0,33117.45,31561.09439868927,18.970000000000027,8,8,0
2018-08-15 09:00:00,25922.0,28282.85,32665.928446102145,21.0,9,8,0
2018-08-15 10:00:00,26977.0,32561.62,33301.91361141205,23.200000000000045,10,8,0
2018-08-15 11:00:00,27580.0,33345.17,33586.431812763214,23.760000000000048,11,8,0
2018-08-15 12:00:00,28378.0,33653.29,33603.66283569336,25.590000000000032,12,8,0
2018-08-15 13:00:00,28790.0,31754.3,33418.81451616287,27.170000000000016,13,8,0
2018-08-15 14:00:00,28324.0,32634.0,33129.75965042115,28.78000000000003,14,8,0
2018-08-15 15:00:00,27892.0,31423.88458333333,32832.81567668915,30.970000000000027,15,8,0
2018-08-15 16:00:00,27632.0,33417.78,32658.107705497743,32.57000000000005,16,8,0
2018-08-15 17:00:00,27488.000000000004,32670.19,32688.934071445467,34.0,17,8,0
2018-08-15 18:00:00,27534.0,33005.3,32822.350583267216,34.0,18,8,0
2018-08-15 19:00:00,27628.0,32810.82,32867.01401977539,34.170000000000016,19,8,0
2018-08-15 20:00:00,29240.0,33099.65,32420.06711807251,34.19,20,8,0
2018-08-15 21:00:00,28973.000000000004,31216.275,31035.629996013642,33.19,21,8,0
2018-08-15 22:00:00,27493.0,27985.83666666667,28884.13277978897,31.110000000000014,22,8,0
2018-08-15 23:00:00,26209.0,26557.37,26897.0664516449,29.180000000000007,23,8,0
2018-08-16 00:00:00,24611.0,26013.19,25648.64624376297,27.29000000000002,0,8,0
2018-08-16 01:00:00,23438.0,23603.996666666666,24609.049332618717,27.430000000000007,1,8,0
2018-08-16 02:00:00,22826.0,23506.96,23816.996075534822,28.0,2,8,0
2018-08-16 03:00:00,22575.0,23115.892000000003,23646.731984424594,27.0,3,8,0
2018-08-16 04:00:00,22881.0,23648.66,24273.585220336918,26.0,4,8,0
2018-08-16 05:00:00,24412.0,25188.76,25756.722872352602,25.57000000000005,5,8,0
2018-08-16 06:00:00,25875.000000000004,27847.19,27847.61240100861,24.57000000000005,6,8,0
2018-08-16 07:00:00,27715.000000000004,29317.78,30016.662943553925,23.0,7,8,0
2018-08-16 08:00:00,29705.0,30109.87,31802.997743415835,23.260000000000048,8,8,0
2018-08-16 09:00:00,31056.0,31656.22,33052.10895023346,22.390000000000043,9,8,0
2018-08-16 10:00:00,31997.0,33867.14,33818.16795053482,23.57000000000005,10,8,0
2018-08-16 11:00:00,32707.0,33190.76,34192.696698760985,24.970000000000027,11,8,0
2018-08-16 12:00:00,33229.0,34191.45333333333,34297.782254219055,25.78000000000003,12,8,0
2018-08-16 13:00:00,32836.0,33870.55,34194.57680187225,27.57000000000005,13,8,0
2018-08-16 14:00:00,32118.0,32417.85,33973.4791176796,28.980000000000018,14,8,0
2018-08-16 15:00:00,31653.000000000004,32180.68,33735.27982025147,30.170000000000016,15,8,0
2018-08-16 16:00:00,31327.0,32314.547499999997,33549.237513160704,30.379999999999995,16,8,0
2018-08-16 17:00:00,30858.0,31271.66,33482.78441410065,30.980000000000018,17,8,0
2018-08-16 18:00:00,30427.000000000004,31633.93,33492.81000289917,32.0,18,8,0
2018-08-16 19:00:00,30119.0,32981.74,33422.772499465944,29.80000000000001,19,8,0
2018-08-16 20:00:00,31121.0,31986.73,32916.02855205536,28.210000000000036,20,8,0
2018-08-16 21:00:00,29839.0,29028.09,31623.4185959816,27.390000000000043,21,8,0
2018-08-16 22:00:00,27910.999999999996,28298.54,29617.507286262513,26.370000000000005,22,8,0
2018-08-16 23:00:00,26210.0,26596.35,27538.05464458466,25.960000000000036,23,8,0
2018-08-17 00:00:00,24595.0,25148.19,25981.522162151337,25.0,0,8,0
2018-08-17 01:00:00,23436.0,23215.63,24702.5002240181,22.430000000000007,1,8,0
2018-08-17 02:00:00,22844.0,23491.9,23684.985978507997,24.140000000000043,2,8,0
2018-08-17 03:00:00,22562.0,23935.72,23307.500340843202,24.0,3,8,0
2018-08-17 04:00:00,22681.999999999996,24816.72,23719.53348360062,23.140000000000043,4,8,0
2018-08-17 05:00:00,23916.0,25785.216,25035.893781185154,20.430000000000007,5,8,0
2018-08-17 06:00:00,25261.000000000004,27447.36,27097.95180654526,19.430000000000007,6,8,0
2018-08-17 07:00:00,27142.0,29749.603333333336,29315.506567668916,19.430000000000007,7,8,0
2018-08-17 08:00:00,29149.0,30380.37,31076.20359783173,19.230000000000018,8,8,0
2018-08-17 09:00:00,30498.0,32657.382666666665,32204.673227214815,19.57000000000005,9,8,0
2018-08-17 10:00:00,31333.999999999996,32974.8,32819.21056690216,20.970000000000027,10,8,0
2018-08-17 11:00:00,31894.0,32240.275,33047.13278121949,22.78000000000003,11,8,0
2018-08-17 12:00:00,32221.0,34005.86,32975.815830993655,24.78000000000003,12,8,0
2018-08-17 13:00:00,31664.0,31717.3,32701.101024436954,26.170000000000016,13,8,0
2018-08-17 14:00:00,30764.0,28573.3175,32337.67465133667,28.379999999999995,14,8,0
2018-08-17 15:00:00,30507.0,27660.37,32026.29539241791,28.78000000000003,15,8,0
2018-08-17 16:00:00,30314.0,29312.325,31892.966781520845,31.0,16,8,0
2018-08-17 17:00:00,29911.999999999996,27904.08,31992.465744876863,31.379999999999995,17,8,0
2018-08-17 18:00:00,29657.0,26279.17,32260.18510284424,31.189999999999998,18,8,0
2018-08-17 19:00:00,29620.000000000004,30614.17,32463.27530593872,30.77000000000004,19,8,0
2018-08-17 20:00:00,30622.999999999996,33080.09,32149.835258674622,29.980000000000018,20,8,0
2018-08-17 21:00:00,29154.0,30604.905,30746.10388364792,29.189999999999998,21,8,0
2018-08-17 22:00:00,27310.0,28790.53,28560.630518341066,27.360000000000014,22,8,0
2018-08-17 23:00:00,25929.0,27240.27,26622.239327239993,26.0,23,8,0
2018-08-18 00:00:00,24311.0,25634.97,25355.645603179935,24.0,0,8,1
2018-08-18 01:00:00,22957.0,23971.78,24204.089772605897,22.0,1,8,1
2018-08-18 02:00:00,22338.0,23169.005,23262.499950790407,20.0,2,8,1
2018-08-18 03:00:00,21948.0,23409.28,22827.932429313663,19.0,3,8,1
2018-08-18 04:00:00,21642.0,23677.04,22947.472803497316,18.0,4,8,1
2018-08-18 05:00:00,22015.0,24398.43,23630.44833812714,18.0,5,8,1
2018-08-18 06:00:00,22046.0,27261.38,24855.411207580568,17.430000000000007,6,8,1
2018-08-18 07:00:00,22948.0,31697.01,26464.4620508194,17.0,7,8,1
2018-08-18 08:00:00,24967.0,28313.69,28132.482206058503,18.0,8,8,1
2018-08-18 09:00:00,26597.0,29626.58,29489.965486240388,17.5,9,8,1
2018-08-18 10:00:00,27487.000000000004,29572.6,30343.158719825748,18.600000000000023,10,8,1
2018-08-18 11:00:00,27992.0,29606.76,30665.07388124466,20.180000000000007,11,8,1
2018-08-18 12:00:00,28506.0,29287.98,30520.24734106064,22.379999999999995,12,8,1
2018-08-18 13:00:00,28416.0,31181.06,30059.866248035432,24.379999999999995,13,8,1
2018-08-18 14:00:00,27684.999999999996,27036.03,29500.735791206364,26.170000000000016,14,8,1
2018-08-18 15:00:00,27184.0,30415.28,29028.260995960238,27.379999999999995,15,8,1
2018-08-18 16:00:00,26856.0,29969.03,28799.18630285263,29.0,16,8,1
2018-08-18 17:00:00,26691.0,28789.94,28845.141394615177,29.760000000000048,17,8,1
2018-08-18 18:00:00,26748.999999999996,28534.243333333332,29170.445625019074,29.980000000000018,18,8,1
2018-08-18 19:00:00,27075.0,35472.07,29636.327850914004,30.78000000000003,19,8,1
2018-08-18 20:00:00,28623.0,34021.48,29845.387991809846,31.0,20,8,1
2018-08-18 21:00:00,27684.999999999996,32339.58,28937.2029630661,29.600000000000023,21,8,1
2018-08-18 22:00:00,26121.0,27636.67,26582.06372127533,29.02000000000004,22,8,1
2018-08-18 23:00:00,24679.000000000004,25376.05,24410.67159576416,27.0,23,8,1
2018-08-19 00:00:00,23357.999999999996,24440.58,23207.188293933872,26.0,0,8,1
2018-08-19 01:00:00,22078.0,23544.895,22232.567257976534,25.0,1,8,1
2018-08-19 02:00:00,21339.0,22091.36,21535.07830400467,23.0,2,8,1
2018-08-19 03:00:00,20824.0,22175.37,21327.309818363192,21.430000000000007,3,8,1
2018-08-19 04:00:00,20603.0,21299.67,21596.005853271487,20.430000000000007,4,8,1
2018-08-19 05:00:00,20846.0,21734.54,22330.535280227665,20.0,5,8,1
2018-08-19 06:00:00,20591.0,21125.16,23538.420953369143,19.430000000000007,6,8,1
2018-08-19 07:00:00,21084.0,22167.54,25110.895245170595,18.860000000000014,7,8,1
2018-08-19 08:00:00,22704.0,22863.67,26768.25252990723,19.230000000000018,8,8,1
2018-08-19 09:00:00,23970.999999999996,25187.46,28163.604016780857,19.74000000000001,9,8,1
2018-08-19 10:00:00,25086.0,25597.88,29060.562144088748,20.970000000000027,10,8,1
2018-08-19 11:00:00,25758.0,28209.22333333333,29400.951149845125,22.379999999999995,11,8,1
2018-08-19 12:00:00,26496.0,26875.82,29263.181100559235,24.170000000000016,12,8,1
2018-08-19 13:00:00,26977.0,28880.01,28831.524076366426,26.0,13,8,1
2018-08-19 14:00:00,26553.999999999996,29288.62,28333.73381481171,27.170000000000016,14,8,1
2018-08-19 15:00:00,25985.0,25125.89,27961.409914779666,28.379999999999995,15,8,1
2018-08-19 16:00:00,25751.0,26700.512499999997,27837.862723445895,30.379999999999995,16,8,1
2018-08-19 17:00:00,25616.000000000004,27032.08,28010.55874013901,30.970000000000027,17,8,1
2018-08-19 18:00:00,25806.0,28739.09,28475.098035240175,31.410000000000025,18,8,1
2018-08-19 19:00:00,26164.000000000004,30048.16,29115.912868022922,31.379999999999995,19,8,1
2018-08-19 20:00:00,28181.0,28865.89,29563.46530942917,31.58000000000004,20,8,1
2018-08-19 21:00:00,28217.0,31853.96,28947.87071695328,31.0,21,8,1
2018-08-19 22:00:00,26755.0,27187.06,26797.66271429062,28.410000000000025,22,8,1
2018-08-19 23:00:00,25007.0,25003.64,24669.22239894867,26.0,23,8,1
2018-08-20 00:00:00,23511.0,23182.67,23404.921424007418,24.860000000000014,0,8,0
2018-08-20 01:00:00,22472.0,22364.62,22459.669063663485,24.860000000000014,1,8,0
2018-08-20 02:00:00,22003.999999999996,22036.3,21849.111682510378,24.430000000000007,2,8,0
2018-08-20 03:00:00,21771.0,22545.41,21829.416991996768,23.57000000000005,3,8,0
2018-08-20 04:00:00,22051.0,22989.57,22552.082235813145,22.0,4,8,0
2018-08-20 05:00:00,23716.0,23580.475000000006,24197.83659849167,20.430000000000007,5,8,0
2018-08-20 06:00:00,25487.000000000004,25974.04,26543.594858264925,20.0,6,8,0
2018-08-20 07:00:00,27556.999999999996,28873.75,28902.26967058182,18.430000000000007,7,8,0
2018-08-20 08:00:00,29979.0,27597.93,30705.53760690689,19.49000000000001,8,8,0
2018-08-20 09:00:00,31477.0,32459.1,31841.58380765915,19.760000000000048,9,8,0
2018-08-20 10:00:00,32562.0,29797.17,32440.924054145817,22.210000000000036,10,8,0
2018-08-20 11:00:00,33542.0,32509.95,32614.262235927585,24.170000000000016,11,8,0
2018-08-20 12:00:00,34175.0,31959.16,32463.71725225449,26.170000000000016,12,8,0
2018-08-20 13:00:00,33913.0,31319.15,32130.790058326722,27.78000000000003,13,8,0
2018-08-20 14:00:00,33293.0,29952.64,31789.80039625168,28.980000000000018,14,8,0
2018-08-20 15:00:00,33110.0,32441.67,31592.250393104554,31.0,15,8,0
2018-08-20 16:00:00,32845.0,30776.48,31608.62926540375,31.189999999999998,16,8,0
2018-08-20 17:00:00,32430.999999999996,31829.029,31828.691672039033,31.980000000000018,17,8,0
2018-08-20 18:00:00,31987.0,30753.474,32169.879111194612,33.0,18,8,0
2018-08-20 19:00:00,31840.0,32174.83,32426.520510959628,32.400000000000034,19,8,0
2018-08-20 20:00:00,32803.0,31797.82,32234.59860868454,32.19,20,8,0
2018-08-20 21:00:00,31356.0,30559.465,31105.330545902256,30.79000000000002,21,8,0
2018-08-20 22:00:00,29191.0,27430.1,29031.286252784732,30.27000000000004,22,8,0
2018-08-20 23:00:00,27189.0,27661.891,26944.782003593446,27.980000000000018,23,8,0
2018-08-21 00:00:00,25419.0,24566.23,25584.32962551117,25.640000000000043,0,8,0
2018-08-21 01:00:00,24349.0,23882.03,24527.977821445467,24.32000000000005,1,8,0
2018-08-21 02:00:00,23699.0,22462.02,23693.871296978,24.430000000000007,2,8,0
2018-08-21 03:00:00,23395.0,22685.42,23476.78531332016,22.430000000000007,3,8,0
2018-08-21 04:00:00,23647.999999999996,23077.77,24079.04582386017,21.430000000000007,4,8,0
2018-08-21 05:00:00,25094.0,24936.53,25578.205861091617,20.430000000000007,5,8,0
2018-08-21 06:00:00,26896.0,26022.6275,27693.50987157822,19.430000000000007,6,8,0
2018-08-21 07:00:00,28667.0,29225.2,29838.12395706177,18.430000000000007,7,8,0
2018-08-21 08:00:00,30997.0,28628.0,31529.879803657535,19.24000000000001,8,8,0
2018-08-21 09:00:00,32615.0,31599.56,32653.226762485505,14.987000000000023,9,8,0
2018-08-21 10:00:00,33757.0,32549.09,33329.758670997624,21.900000000000034,10,8,0
2018-08-21 11:00:00,34813.0,32269.17,33614.60161743164,24.640000000000043,11,8,0
2018-08-21 12:00:00,35427.0,33059.107,33603.09636306763,26.99000000000001,12,8,0
2018-08-21 13:00:00,35077.0,30682.26,33374.11933765411,28.79000000000002,13,8,0
2018-08-21 14:00:00,34302.0,29570.39,33043.965906238554,30.379999999999995,14,8,0
2018-08-21 15:00:00,34083.0,32413.5,32746.660562038425,31.78000000000003,15,8,0
2018-08-21 16:00:00,33902.0,30138.16,32567.181523990632,32.78000000000003,16,8,0
2018-08-21 17:00:00,33342.0,29740.27,32593.507850933078,34.0,17,8,0
2018-08-21 18:00:00,32719.999999999996,29350.59,32747.739790058138,32.960000000000036,18,8,0
2018-08-21 19:00:00,32221.0,32260.48,32824.03779268265,32.39000000000004,19,8,0
2018-08-21 20:00:00,33440.0,32779.4,32426.55469465256,32.19,20,8,0
2018-08-21 21:00:00,31710.0,31544.6,31071.207895278934,30.79000000000002,21,8,0
2018-08-21 22:00:00,29465.0,28237.15,28902.838584899906,28.78000000000003,22,8,0
2018-08-21 23:00:00,27739.0,27040.74,26887.71232824326,26.960000000000036,23,8,0
2018-08-22 00:00:00,25970.000000000004,25239.26,25628.465656471253,26.02000000000004,0,8,0
2018-08-22 01:00:00,24809.000000000004,25676.007333333335,24567.735898017887,25.590000000000032,1,8,0
2018-08-22 02:00:00,24201.0,24236.302333333333,23739.191548728944,25.57000000000005,2,8,0
2018-08-22 03:00:00,23866.0,24092.804,23527.48217163086,25.57000000000005,3,8,0
2018-08-22 04:00:00,24036.999999999996,23686.94,24125.71144809723,24.430000000000007,4,8,0
2018-08-22 05:00:00,25442.0,24723.83,25600.5839715004,21.430000000000007,5,8,0
2018-08-22 06:00:00,27387.0,23070.45,27689.26621026993,21.430000000000007,6,8,0
2018-08-22 07:00:00,29262.000000000004,30243.88,29832.805951118473,19.430000000000007,7,8,0
2018-08-22 08:00:00,31492.999999999996,28915.12,31555.007259655,19.710000000000036,8,8,0
2018-08-22 09:00:00,32871.0,32555.04,32718.10008659363,20.160000000000025,9,8,0
2018-08-22 10:00:00,34121.0,32934.47,33463.92234067917,21.980000000000018,10,8,0
2018-08-22 11:00:00,35133.0,31734.5,33801.18109683991,22.49000000000001,11,8,0
2018-08-22 12:00:00,35838.0,35012.7,33837.601379966734,27.79600000000005,12,8,0
2018-08-22 13:00:00,35538.0,32128.224,33628.614489841464,28.180000000000007,13,8,0
2018-08-22 14:00:00,34892.0,31979.11,33308.003192138676,30.0,14,8,0
2018-08-22 15:00:00,34672.0,31423.88458333333,32989.53814201355,30.970000000000027,15,8,0
2018-08-22 16:00:00,34419.0,31601.33,32788.94579019547,32.370000000000005,16,8,0
2018-08-22 17:00:00,33637.0,30876.545,32764.934187602998,33.170000000000016,17,8,0
2018-08-22 18:00:00,33014.0,31794.04,32868.28125810623,32.76000000000005,18,8,0
2018-08-22 19:00:00,32640.0,30883.31,32944.10068902969,31.57000000000005,19,8,0
2018-08-22 20:00:00,33764.0,31620.14,32553.276086044312,30.129999999999995,20,8,0
2018-08-22 21:00:00,31919.0,30748.67,31235.133353042605,28.410000000000025,21,8,0
2018-08-22 22:00:00,29687.999999999996,27235.23,29128.22143917084,25.52000000000004,22,8,0
2018-08-22 23:00:00,27954.0,27107.164,27106.38785362244,24.680000000000007,23,8,0
2018-08-23 00:00:00,26224.0,25478.04,25743.86980381012,24.32000000000005,0,8,0
2018-08-23 01:00:00,24979.0,24435.64,24583.60445661545,23.410000000000025,1,8,0
2018-08-23 02:00:00,24378.0,24150.22,23666.12634677887,21.430000000000007,2,8,0
2018-08-23 03:00:00,23989.0,22991.18,23369.135980892184,20.430000000000007,3,8,0
2018-08-23 04:00:00,24132.999999999996,23359.75,23867.79792661667,19.430000000000007,4,8,0
2018-08-23 05:00:00,25674.0,25804.72666666667,25275.145448017123,18.430000000000007,5,8,0
2018-08-23 06:00:00,27452.0,26712.33,27368.659795951844,19.430000000000007,6,8,0
2018-08-23 07:00:00,29287.0,29516.320000000003,29541.231258869175,19.430000000000007,7,8,0
2018-08-23 08:00:00,31506.0,31919.91,31232.195997142793,20.260000000000048,8,8,0
2018-08-23 09:00:00,32786.0,32853.42,32319.97970685959,20.189999999999998,9,8,0
2018-08-23 10:00:00,33889.0,32609.22,32926.073674392705,21.160000000000025,10,8,0
2018-08-23 11:00:00,34890.0,32356.97,33163.22792749405,24.189999999999998,11,8,0
2018-08-23 12:00:00,35640.0,33531.281,33119.895213317875,26.180000000000007,12,8,0
2018-08-23 13:00:00,35316.0,33576.704,32825.20247993469,27.970000000000027,13,8,0
2018-08-23 14:00:00,34607.0,31313.98,32458.97548570633,29.760000000000048,14,8,0
2018-08-23 15:00:00,34296.0,32770.36,32137.92224168778,31.379999999999995,15,8,0
2018-08-23 16:00:00,33877.0,32214.956666666665,31989.828717136385,32.379999999999995,16,8,0
2018-08-23 17:00:00,33369.0,31743.05,32052.20174827576,31.150000000000034,17,8,0
2018-08-23 18:00:00,32834.0,32024.67,32286.589563941958,32.160000000000025,18,8,0
2018-08-23 19:00:00,32684.0,31722.21,32485.726667118073,33.39000000000004,19,8,0
2018-08-23 20:00:00,33776.0,32001.72,32187.246868896487,32.81,20,8,0
2018-08-23 21:00:00,31935.0,30654.87,30812.45198993683,31.180000000000007,21,8,0
2018-08-23 22:00:00,29573.0,29283.645000000004,28597.58553209305,30.29000000000002,22,8,0
2018-08-23 23:00:00,27889.0,27884.54,26671.70313091278,28.28000000000003,23,8,0
2018-08-24 00:00:00,26145.0,26522.11,25480.735944080356,27.24000000000001,0,8,0
2018-08-24 01:00:00,24863.0,26325.22,24441.197633552554,26.0,1,8,0
2018-08-24 02:00:00,24352.0,23600.86,23651.371199893954,24.0,2,8,0
2018-08-24 03:00:00,24005.999999999996,24200.48,23465.70979681015,21.860000000000014,3,8,0
2018-08-24 04:00:00,24100.999999999996,23715.565,24036.045179843906,20.430000000000007,4,8,0
2018-08-24 05:00:00,25537.0,25996.08,25454.30218267441,19.860000000000014,5,8,0
2018-08-24 06:00:00,27229.000000000004,27496.57,27520.183898258212,18.430000000000007,6,8,0
2018-08-24 07:00:00,28934.0,28949.763333333336,29683.352403926852,17.430000000000007,7,8,0
2018-08-24 08:00:00,31017.0,31492.98,31407.86355342865,18.730000000000018,8,8,0
2018-08-24 09:00:00,32385.0,31952.22666666667,32534.841308784486,19.379999999999995,9,8,0
2018-08-24 10:00:00,33540.0,33422.9,33176.010186958316,21.78000000000003,10,8,0
2018-08-24 11:00:00,34523.0,32456.16,33454.78796958923,23.78000000000003,11,8,0
2018-08-24 12:00:00,35188.0,32799.82000000001,33439.40042438507,26.78000000000003,12,8,0
2018-08-24 13:00:00,34922.0,32942.0565,33215.91964845658,28.160000000000025,13,8,0
2018-08-24 14:00:00,34200.0,33626.19,32897.89898633957,29.970000000000027,14,8,0
2018-08-24 15:00:00,33919.0,32908.47,32601.943898010257,31.360000000000014,15,8,0
2018-08-24 16:00:00,33692.0,32515.826666666664,32436.660859298707,32.97000000000003,16,8,0
2018-08-24 17:00:00,33128.0,33885.06,32459.935070800784,34.0,17,8,0
2018-08-24 18:00:00,32533.0,31903.280333333332,32654.318198966983,33.170000000000016,18,8,0
2018-08-24 19:00:00,32142.0,32214.73,32731.053264522554,32.98000000000002,19,8,0
2018-08-24 20:00:00,33035.0,30400.0,32253.48021564484,31.79000000000002,20,8,0
2018-08-24 21:00:00,31148.0,30637.28,30819.88938484192,30.390000000000043,21,8,0
2018-08-24 22:00:00,29316.0,27508.05,28702.185190773012,28.53000000000003,22,8,0
2018-08-24 23:00:00,27713.000000000004,26814.39,26798.624741077427,26.30000000000001,23,8,0
2018-08-25 00:00:00,26231.999999999996,25101.7,25555.224652671815,24.860000000000014,0,8,1
2018-08-25 01:00:00,24833.0,24057.45333333333,24405.182671356204,24.0,1,8,1
2018-08-25 02:00:00,23979.0,23620.5,23452.627209186558,23.0,2,8,1
2018-08-25 03:00:00,23429.0,22741.11,23019.429477119447,22.0,3,8,1
2018-08-25 04:00:00,23055.0,23180.11,23141.42375211716,20.57000000000005,4,8,1
2018-08-25 05:00:00,23362.0,25789.34,23814.85471134186,17.860000000000014,5,8,1
2018-08-25 06:00:00,23603.0,26372.92,25002.55491380692,18.0,6,8,1
2018-08-25 07:00:00,24408.0,32174.42,26550.72948331833,16.860000000000014,7,8,1
2018-08-25 08:00:00,26401.0,29522.79,28171.881353855137,16.730000000000018,8,8,1
2018-08-25 09:00:00,28019.0,30996.75,29544.21744861603,16.689999999999998,9,8,1
2018-08-25 10:00:00,29138.999999999996,32772.27,30464.64512281418,19.55000000000001,10,8,1
2018-08-25 11:00:00,29761.0,34693.01,30882.85330553055,21.760000000000048,11,8,1
2018-08-25 12:00:00,30406.0,30217.83,30845.080324840546,24.57000000000005,12,8,1
2018-08-25 13:00:00,30248.0,30411.23,30464.320377731325,26.970000000000027,13,8,1
2018-08-25 14:00:00,29639.0,30146.75,29944.2862988472,28.57000000000005,14,8,1
2018-08-25 15:00:00,29001.0,29775.575,29477.532388782503,30.160000000000025,15,8,1
2018-08-25 16:00:00,28686.999999999996,29061.48,29212.545284557345,31.78000000000003,16,8,1
2018-08-25 17:00:00,28329.999999999996,27949.07,29213.15814933777,32.58000000000004,17,8,1
2018-08-25 18:00:00,28102.999999999996,29091.39,29472.509827613834,32.77000000000004,18,8,1
2018-08-25 19:00:00,28279.0,28099.81,29875.293839740756,32.57000000000005,19,8,1
2018-08-25 20:00:00,29860.0,29440.04,30015.53976507187,31.79000000000002,20,8,1
2018-08-25 21:00:00,28522.000000000004,34968.7,29083.42615127564,30.79000000000002,21,8,1
2018-08-25 22:00:00,26854.0,28159.44,26788.965406131745,28.55000000000001,22,8,1
2018-08-25 23:00:00,25508.0,27188.21,24635.97387418747,26.0,23,8,1
2018-08-26 00:00:00,24036.999999999996,25185.25,23404.545403385164,24.430000000000007,0,8,1
2018-08-26 01:00:00,22915.0,22784.986,22398.19945869446,24.0,1,8,1
2018-08-26 02:00:00,22284.0,21945.19,21657.8905459404,22.0,2,8,1
2018-08-26 03:00:00,21820.0,21243.39,21412.54197330475,20.430000000000007,3,8,1
2018-08-26 04:00:00,21539.0,21095.66,21656.32542114258,19.0,4,8,1
2018-08-26 05:00:00,21697.0,23139.97,22376.02645044327,18.430000000000007,5,8,1
2018-08-26 06:00:00,21525.0,23097.79,23569.948085021973,17.430000000000007,6,8,1
2018-08-26 07:00:00,21710.999999999996,21632.39,25129.906261825563,16.430000000000007,7,8,1
2018-08-26 08:00:00,23258.000000000004,24047.88,26776.556725597384,16.5,8,8,1
2018-08-26 09:00:00,24579.0,27031.56,28161.992499828342,16.710000000000036,9,8,1
2018-08-26 10:00:00,25687.0,24504.58,29049.05200634003,18.760000000000048,10,8,1
2018-08-26 11:00:00,26391.999999999996,25959.72,29374.578430747988,21.170000000000016,11,8,1
2018-08-26 12:00:00,27082.0,26742.08,29216.664419555666,23.379999999999995,12,8,1
2018-08-26 13:00:00,27489.000000000004,28863.44,28762.2850063324,25.57000000000005,13,8,1
2018-08-26 14:00:00,27039.999999999996,28745.18,28240.932413578037,27.400000000000034,14,8,1
2018-08-26 15:00:00,26615.000000000004,27073.07,27848.332700252537,28.970000000000027,15,8,1
2018-08-26 16:00:00,26368.0,29258.044999999995,27704.434003162387,29.950000000000045,16,8,1
2018-08-26 17:00:00,26239.0,27962.19,27861.0075252533,31.379999999999995,17,8,1
2018-08-26 18:00:00,26438.0,28089.02,28309.37060852051,33.0,18,8,1
2018-08-26 19:00:00,27124.0,28297.63,28935.376577186587,32.58000000000004,19,8,1
2018-08-26 20:00:00,29284.0,29148.99,29387.389990520478,32.39000000000004,20,8,1
2018-08-26 21:00:00,29126.0,28755.45,28764.223710060123,31.58000000000004,21,8,1
2018-08-26 22:00:00,27622.0,27640.13,26565.25999450684,30.05000000000001,22,8,1
2018-08-26 23:00:00,26063.0,25010.18,24462.962879180912,25.610000000000014,23,8,1
2018-08-27 00:00:00,24528.0,23248.06,23267.957133197786,24.29000000000002,0,8,0
2018-08-27 01:00:00,23403.0,23033.22,22378.460817718507,22.860000000000014,1,8,0
2018-08-27 02:00:00,22886.0,22660.09,21809.680792713167,21.430000000000007,2,8,0
2018-08-27 03:00:00,22621.0,22160.72,21819.264435195924,20.430000000000007,3,8,0
2018-08-27 04:00:00,23030.0,22816.14,22573.81573944092,19.430000000000007,4,8,0
2018-08-27 05:00:00,25246.0,24451.24,24258.59567098618,18.860000000000014,5,8,0
2018-08-27 06:00:00,27543.0,25074.87,26631.681351566316,17.430000000000007,6,8,0
2018-08-27 07:00:00,29647.0,28583.67,28982.454847431185,16.430000000000007,7,8,0
2018-08-27 08:00:00,31894.0,31126.64,30747.556690597536,17.710000000000036,8,8,0
2018-08-27 09:00:00,33384.0,32791.55,31841.317663192753,18.78000000000003,9,8,0
2018-08-27 10:00:00,34627.0,33414.64,32400.819257259373,21.180000000000007,10,8,0
2018-08-27 11:00:00,35676.0,31371.54,32534.201585388186,24.400000000000034,11,8,0
2018-08-27 12:00:00,36473.0,32969.485,32338.138572883607,27.189999999999998,12,8,0
2018-08-27 13:00:00,36183.0,30996.34,31966.774257946017,29.379999999999995,13,8,0
2018-08-27 14:00:00,35579.0,30850.07,31604.060859012607,31.379999999999995,14,8,0
2018-08-27 15:00:00,35404.0,31756.43,31398.045508480074,32.78000000000003,15,8,0
2018-08-27 16:00:00,35245.0,31047.87,31422.301280307773,34.170000000000016,16,8,0
2018-08-27 17:00:00,34705.0,30504.45,31666.07496137619,34.98000000000002,17,8,0
2018-08-27 18:00:00,34068.0,31510.59,32022.67924604416,34.79000000000002,18,8,0
2018-08-27 19:00:00,33828.0,29065.29,32288.767553520203,35.0,19,8,0
2018-08-27 20:00:00,35041.0,31412.6,32111.4030210495,34.0,20,8,0
2018-08-27 21:00:00,32942.0,29310.097,30986.840099430086,32.98000000000002,21,8,0
2018-08-27 22:00:00,30625.0,27162.06,28904.369526004793,32.03000000000003,22,8,0
2018-08-27 23:00:00,28520.000000000004,27031.8,26888.06393194199,29.74000000000001,23,8,0
2018-08-28 00:00:00,26801.0,25809.28,25675.72217025757,27.910000000000025,0,8,0
2018-08-28 01:00:00,25530.0,23573.12,24709.3638212204,26.430000000000007,1,8,0
2018-08-28 02:00:00,25041.0,24264.46,23945.363167572024,24.860000000000014,2,8,0
2018-08-28 03:00:00,24584.000000000004,24460.79,23788.467342090607,24.0,3,8,0
2018-08-28 04:00:00,24939.000000000004,22920.99,24447.065020275117,22.430000000000007,4,8,0
2018-08-28 05:00:00,26707.0,26281.03,25966.24449310303,22.0,5,8,0
2018-08-28 06:00:00,28868.0,27122.43,28060.972362136843,21.0,6,8,0
2018-08-28 07:00:00,30972.0,28817.52,30199.41140766144,21.430000000000007,7,8,0
2018-08-28 08:00:00,33419.0,29707.15,31950.048665332797,21.02000000000004,8,8,0
2018-08-28 09:00:00,34944.0,29339.65,33187.3274310112,20.379999999999995,9,8,0
2018-08-28 10:00:00,36017.0,31900.77,33985.65095405579,23.55000000000001,10,8,0
2018-08-28 11:00:00,36412.0,34194.58,34407.36052360535,26.379999999999995,11,8,0
2018-08-28 12:00:00,36684.0,35030.76,34502.95522089005,28.58000000000004,12,8,0
2018-08-28 13:00:00,36627.0,34155.88,34346.04474525452,29.970000000000027,13,8,0
2018-08-28 14:00:00,36049.0,28695.78,34041.38502368927,32.0,14,8,0
2018-08-28 15:00:00,35965.0,32797.68,33696.51062908173,32.57000000000005,15,8,0
2018-08-28 16:00:00,35725.0,31759.51,33439.64703531266,32.24000000000001,16,8,0
2018-08-28 17:00:00,34916.0,30906.02,33325.7420870781,32.120000000000005,17,8,0
2018-08-28 18:00:00,34207.0,28038.84,33326.63330478669,33.58000000000004,18,8,0
2018-08-28 19:00:00,33982.0,28832.19,33266.91927661896,33.370000000000005,19,8,0
2018-08-28 20:00:00,34957.0,31887.07,32780.91506404877,32.39000000000004,20,8,0
2018-08-28 21:00:00,32841.0,30806.89,31490.644249248508,31.600000000000023,21,8,0
2018-08-28 22:00:00,30427.000000000004,27999.393333333333,29450.73969860077,30.29000000000002,22,8,0
2018-08-28 23:00:00,28607.0,28087.115,27409.32862377167,28.370000000000005,23,8,0
2018-08-29 00:00:00,26810.000000000004,25829.91,26014.58267660141,27.200000000000045,0,8,0
2018-08-29 01:00:00,25610.0,22630.145,24877.239937210084,26.57000000000005,1,8,0
2018-08-29 02:00:00,25108.0,24484.23,23977.339570617678,23.29000000000002,2,8,0
2018-08-29 03:00:00,24807.000000000004,23129.63,23699.123377227785,23.430000000000007,3,8,0
2018-08-29 04:00:00,25066.000000000004,23008.74,24236.88170089722,22.860000000000014,4,8,0
2018-08-29 05:00:00,26799.0,24723.83,25674.701542854313,21.430000000000007,5,8,0
2018-08-29 06:00:00,28937.0,27466.4,27763.312972545627,20.430000000000007,6,8,0
2018-08-29 07:00:00,31031.0,30243.88,29939.617783069614,19.430000000000007,7,8,0
2018-08-29 08:00:00,33115.0,31009.94,31702.573378658297,18.74000000000001,8,8,0
2018-08-29 09:00:00,34631.0,32353.11,32902.660286426544,18.78000000000003,9,8,0
2018-08-29 10:00:00,35647.0,32628.07,33635.52692089081,21.360000000000014,10,8,0
2018-08-29 11:00:00,36507.0,33380.9,33965.40444107056,24.57000000000005,11,8,0
2018-08-29 12:00:00,37034.0,32464.720000000005,33967.499413108824,26.78000000000003,12,8,0
2018-08-29 13:00:00,36312.0,33790.311499999996,33732.88696174622,28.370000000000005,13,8,0
2018-08-29 14:00:00,35466.0,31979.11,33382.62619380951,30.0,14,8,0
2018-08-29 15:00:00,35297.0,32197.10458333333,33020.67948627472,30.189999999999998,15,8,0
2018-08-29 16:00:00,35109.0,31571.66,32802.18220443726,31.189999999999998,16,8,0
2018-08-29 17:00:00,34485.0,31558.66,32793.797432899475,31.600000000000023,17,8,0
2018-08-29 18:00:00,33930.0,32413.59,32927.53868980408,32.170000000000016,18,8,0
2018-08-29 19:00:00,33754.0,32556.62,32952.216874408725,32.19,19,8,0
2018-08-29 20:00:00,34561.0,33047.16,32495.864573764804,32.0,20,8,0
2018-08-29 21:00:00,32448.0,30573.845,31118.171405982972,30.400000000000034,21,8,0
2018-08-29 22:00:00,30194.0,27400.44,28970.698098754885,28.53000000000003,22,8,0
2018-08-29 23:00:00,28295.000000000004,27467.09,26942.894575405124,25.220000000000027,23,8,0
2018-08-30 00:00:00,26661.0,25103.02,25613.930261898044,25.450000000000045,0,8,0
2018-08-30 01:00:00,25524.0,25672.691000000003,24499.62488985062,25.57000000000005,1,8,0
2018-08-30 02:00:00,24984.0,23040.78,23642.012193107606,24.0,2,8,0
2018-08-30 03:00:00,24788.0,24418.31,23410.99635457993,23.0,3,8,0
2018-08-30 04:00:00,25041.0,23547.36,23965.678047943118,22.0,4,8,0
2018-08-30 05:00:00,26654.0,24993.54,25404.665018844607,21.430000000000007,5,8,0
2018-08-30 06:00:00,28869.0,26929.24,27494.897732257847,21.0,6,8,0
2018-08-30 07:00:00,30775.0,29787.55666666667,29652.013282585147,20.0,7,8,0
2018-08-30 08:00:00,32811.0,30050.82,31356.575805568697,19.760000000000048,8,8,0
2018-08-30 09:00:00,34400.0,31262.1,32481.446380424502,19.360000000000014,9,8,0
2018-08-30 10:00:00,35372.0,32893.85,33138.1200050354,21.360000000000014,10,8,0
2018-08-30 11:00:00,36276.0,33924.25,33422.6723900795,23.57000000000005,11,8,0
2018-08-30 12:00:00,36859.0,33805.153333333335,33402.49668617249,25.57000000000005,12,8,0
2018-08-30 13:00:00,36353.0,32459.938333333335,33164.49272413254,26.78000000000003,13,8,0
2018-08-30 14:00:00,35537.0,31970.81,32828.92361907959,28.210000000000036,14,8,0
2018-08-30 15:00:00,35232.0,31851.75,32519.83955097199,30.0,15,8,0
2018-08-30 16:00:00,35000.0,31627.74,32375.083819866184,31.0,16,8,0
2018-08-30 17:00:00,34479.0,31977.75,32424.35472984314,31.980000000000018,17,8,0
2018-08-30 18:00:00,33895.0,31689.09,32618.899009704593,32.379999999999995,18,8,0
2018-08-30 19:00:00,33768.0,29809.63,32735.113798904422,31.77000000000004,19,8,0
2018-08-30 20:00:00,34682.0,31272.35,32341.17115478516,31.57000000000005,20,8,0
2018-08-30 21:00:00,32504.0,31200.16,30953.532974052432,30.79000000000002,21,8,0
2018-08-30 22:00:00,30222.0,29533.040666666675,28782.07492284775,30.53000000000003,22,8,0
2018-08-30 23:00:00,28321.0,26838.25,26791.90764541626,26.960000000000036,23,8,0
2018-08-31 00:00:00,26693.0,24885.96,25512.20447511673,26.32000000000005,0,8,0
2018-08-31 01:00:00,25550.000000000004,24817.01333333333,24417.857496356966,25.430000000000007,1,8,0
2018-08-31 02:00:00,24990.0,24467.69,23585.267262840272,25.0,2,8,0
2018-08-31 03:00:00,24719.0,23935.72,23373.48219327927,24.0,3,8,0
2018-08-31 04:00:00,24945.0,24540.87,23930.424893760683,23.0,4,8,0
2018-08-31 05:00:00,26695.0,25986.29,25348.838164901736,22.0,5,8,0
2018-08-31 06:00:00,28995.0,25980.05,27423.390330028535,21.0,6,8,0
2018-08-31 07:00:00,30750.000000000004,28242.08,29588.25337018967,20.0,7,8,0
2018-08-31 08:00:00,32708.0,31144.96,31308.58190069199,20.760000000000048,8,8,0
2018-08-31 09:00:00,33802.0,32697.5,32435.007833576205,19.980000000000018,9,8,0
2018-08-31 10:00:00,34791.0,32164.58,33084.25138835907,22.189999999999998,10,8,0
2018-08-31 11:00:00,35746.0,31744.66,33362.72640113831,24.189999999999998,11,8,0
2018-08-31 12:00:00,36374.0,33546.30333333334,33356.16069040298,26.180000000000007,12,8,0
2018-08-31 13:00:00,35781.0,32022.07,33147.76468982697,27.760000000000048,13,8,0
2018-08-31 14:00:00,34900.0,33626.19,32858.50228023529,29.970000000000027,14,8,0
2018-08-31 15:00:00,34667.0,33074.06,32602.661755561832,31.379999999999995,15,8,0
2018-08-31 16:00:00,34340.0,32783.706666666665,32474.790327072147,33.0,16,8,0
2018-08-31 17:00:00,33784.0,32219.841666666664,32532.09684658051,33.39000000000004,17,8,0
2018-08-31 18:00:00,33208.0,33380.17,32716.38357686997,33.950000000000045,18,8,0
2018-08-31 19:00:00,32965.0,33588.78,32812.92076740265,34.0,19,8,0
2018-08-31 20:00:00,33653.0,33171.18,32395.92366409302,33.400000000000034,20,8,0
2018-08-31 21:00:00,31653.000000000004,31784.81,31033.845118904115,32.01000000000005,21,8,0
2018-08-31 22:00:00,29679.0,26925.85,28971.699192619326,30.05000000000001,22,8,0
2018-08-31 23:00:00,28826.0,27840.04,27043.270106315616,28.29000000000002,23,8,0
2018-09-01 00:00:00,26713.000000000004,26457.42,25752.10319042206,26.860000000000014,0,9,1
2018-09-01 01:00:00,25396.0,25516.83,24582.40070228577,25.860000000000014,1,9,1
2018-09-01 02:00:00,24994.0,24193.11,23620.87202072144,25.0,2,9,1
2018-09-01 03:00:00,24818.0,23182.95,23194.083731079103,24.0,3,9,1
2018-09-01 04:00:00,25531.0,23421.04,23345.89839477539,23.0,4,9,1
2018-09-01 05:00:00,28322.0,24864.56166666667,24073.434814834596,22.0,5,9,1
2018-09-01 06:00:00,33300.0,24791.84,25316.388073539736,21.0,6,9,1
2018-09-01 07:00:00,36659.0,25577.29,26890.37133121491,20.0,7,9,1
2018-09-01 08:00:00,37888.0,26303.86,28505.899984264375,20.5,8,9,1
2018-09-01 09:00:00,38686.0,29486.18,29863.942411994936,20.230000000000018,9,9,1
2018-09-01 10:00:00,38688.0,30220.61,30788.801757812504,21.78000000000003,10,9,1
2018-09-01 11:00:00,38082.0,30273.14,31251.13132133484,23.78000000000003,11,9,1
2018-09-01 12:00:00,38398.0,29972.13,31284.80470056534,26.370000000000005,12,9,1
2018-09-01 13:00:00,37405.0,31206.55,30983.946693992617,27.379999999999995,13,9,1
2018-09-01 14:00:00,37085.0,26696.95,30525.367569923405,29.379999999999995,14,9,1
2018-09-01 15:00:00,36894.0,24096.23,30081.267681503297,30.970000000000027,15,9,1
2018-09-01 16:00:00,36903.0,29107.61,29815.797122192384,32.57000000000005,16,9,1
2018-09-01 17:00:00,38582.0,32001.49,29806.44788217545,33.379999999999995,17,9,1
2018-09-01 18:00:00,39374.0,34535.02,30068.329153728486,34.379999999999995,18,9,1
2018-09-01 19:00:00,39478.0,34065.48,30461.256053829195,33.98000000000002,19,9,1
2018-09-01 20:00:00,38343.0,34126.62,30634.699228382113,33.77000000000004,20,9,1
2018-09-01 21:00:00,35348.0,30269.96,29810.437607479096,32.39000000000004,21,9,1
2018-09-01 22:00:00,31823.0,29312.84,27589.247166442874,30.0,22,9,1
2018-09-01 23:00:00,30623.999999999996,26185.46,25300.768567562107,28.560000000000002,23,9,1
2018-09-02 00:00:00,28131.0,24952.57,23886.686858654026,26.29000000000002,0,9,1
2018-09-02 01:00:00,26720.0,23784.49,22764.677947235108,25.860000000000014,1,9,1
2018-09-02 02:00:00,26257.0,22395.15,21902.58718671799,25.430000000000007,2,9,1
2018-09-02 03:00:00,26106.0,22781.51,21557.070627021792,25.0,3,9,1
2018-09-02 04:00:00,26694.0,22240.49,21740.988661766056,24.0,4,9,1
2018-09-02 05:00:00,29564.0,22275.11,22448.18334283829,23.0,5,9,1
2018-09-02 06:00:00,34672.0,24984.74,23672.377079200745,22.430000000000007,6,9,1
2018-09-02 07:00:00,37633.0,27831.8,25276.26130142212,22.0,7,9,1
2018-09-02 08:00:00,39147.0,27240.1,26958.113643836976,21.99000000000001,8,9,1
2018-09-02 09:00:00,39780.0,28772.93,28380.33595504761,21.450000000000045,9,9,1
2018-09-02 10:00:00,39633.0,29118.73,29322.48980779648,22.980000000000018,10,9,1
2018-09-02 11:00:00,39159.0,31910.74,29731.382934188845,24.99000000000001,11,9,1
2018-09-02 12:00:00,38898.0,28718.87,29674.982282543184,26.78000000000003,12,9,1
2018-09-02 13:00:00,37509.0,29401.27,29323.18324842453,28.57000000000005,13,9,1
2018-09-02 14:00:00,36582.0,27282.78,28903.52225875855,29.78000000000003,14,9,1
2018-09-02 15:00:00,36145.0,31074.47,28600.708456611635,31.379999999999995,15,9,1
2018-09-02 16:00:00,36179.0,29088.0,28532.482688903812,33.35000000000002,16,9,1
2018-09-02 17:00:00,36830.0,27305.46,28740.89822301865,34.57000000000005,17,9,1
2018-09-02 18:00:00,38906.0,27034.95,29205.928298282626,36.0,18,9,1
2018-09-02 19:00:00,39084.0,29287.76,29788.755379390717,35.60000000000002,19,9,1
2018-09-02 20:00:00,38352.0,30388.48,30151.488311862948,34.58000000000004,20,9,1
2018-09-02 21:00:00,35900.0,30193.34,29483.260599040987,33.19,21,9,1
2018-09-02 22:00:00,33003.0,28244.85,27413.03022937775,31.25,22,9,1
2018-09-02 23:00:00,27788.0,24229.79371428571,25308.347580623627,28.670000000000016,23,9,1
2018-09-03 00:00:00,25866.0,23295.92,23970.349005413056,27.57000000000005,0,9,0
2018-09-03 01:00:00,24595.0,21229.52,22935.362009429933,25.04000000000002,1,9,0
2018-09-03 02:00:00,24144.0,21278.851428571426,22201.684733104707,26.0,2,9,0
2018-09-03 03:00:00,24096.0,20689.96,22066.422301864626,24.0,3,9,0
2018-09-03 04:00:00,24737.0,21057.03,22707.84267435074,24.0,4,9,0
2018-09-03 05:00:00,27565.0,24006.74,24310.5402340889,22.57000000000005,5,9,0
2018-09-03 06:00:00,31515.0,25417.62,26627.518266105653,22.57000000000005,6,9,0
2018-09-03 07:00:00,33938.0,28467.72,28965.431368350986,20.970000000000027,7,9,0
2018-09-03 08:00:00,34935.0,29053.25,30761.97732563019,22.230000000000018,8,9,0
2018-09-03 09:00:00,35175.0,32337.24,31902.423456001285,21.58000000000004,9,9,0
2018-09-03 10:00:00,35239.0,30897.07,32526.773957252506,22.970000000000027,10,9,0
2018-09-03 11:00:00,35028.0,31610.9,32756.288154983522,24.379999999999995,11,9,0
2018-09-03 12:00:00,34871.0,32455.251666666663,32688.418874359133,26.400000000000034,12,9,0
2018-09-03 13:00:00,33899.0,30780.94,32447.260245800022,27.57000000000005,13,9,0
2018-09-03 14:00:00,33031.0,30375.86,32188.445739841463,28.77000000000004,14,9,0
2018-09-03 15:00:00,32616.0,29850.69,32043.736400890353,30.379999999999995,15,9,0
2018-09-03 16:00:00,32419.0,31254.17,32071.144397544864,32.0,16,9,0
2018-09-03 17:00:00,32340.0,29847.965,32256.05375938416,31.379999999999995,17,9,0
2018-09-03 18:00:00,34486.0,31387.08,32531.542582416536,31.980000000000018,18,9,0
2018-09-03 19:00:00,34979.0,31579.2,32701.560062599183,32.19,19,9,0
2018-09-03 20:00:00,34081.0,30837.81,32436.817127609254,31.600000000000023,20,9,0
2018-09-03 21:00:00,31995.0,30253.9425,31287.566254615787,29.600000000000023,21,9,0
2018-09-03 22:00:00,29506.0,28093.63,29240.387902450562,28.05000000000001,22,9,0
2018-09-03 23:00:00,24617.999999999996,26873.9,27132.750805950167,26.970000000000027,23,9,0
2018-09-04 00:00:00,22980.0,25288.24,25677.055334281922,26.0,0,9,0
2018-09-04 01:00:00,21850.0,23756.09,24518.579747581483,24.860000000000014,1,9,0
2018-09-04 02:00:00,21621.0,23645.94,23605.838520908357,24.0,2,9,0
2018-09-04 03:00:00,21549.999999999996,22493.52,23302.709740448,22.57000000000005,3,9,0
2018-09-04 04:00:00,22308.0,23238.89,23814.529966259004,22.0,4,9,0
2018-09-04 05:00:00,25262.999999999996,23286.87,25266.394422626498,20.0,5,9,0
2018-09-04 06:00:00,29315.0,24429.77,27398.89038896561,18.860000000000014,6,9,0
2018-09-04 07:00:00,31698.0,29074.028333333332,29573.227195453645,18.0,7,9,0
2018-09-04 08:00:00,33159.0,29594.82,31240.763895606997,17.5,8,9,0
2018-09-04 09:00:00,33851.0,31308.81,32311.236006546023,17.170000000000016,9,9,0
2018-09-04 10:00:00,34035.0,31874.57,32918.03073978424,19.55000000000001,10,9,0
2018-09-04 11:00:00,34085.0,33012.89,33169.87177238464,22.189999999999998,11,9,0
2018-09-04 12:00:00,33670.0,33200.0,33136.64522285462,24.379999999999995,12,9,0
2018-09-04 13:00:00,32610.0,31056.51,32893.29639625549,25.57000000000005,13,9,0
2018-09-04 14:00:00,31896.0,31627.13,32571.095556831362,27.170000000000016,14,9,0
2018-09-04 15:00:00,31381.0,30831.43,32303.4982834816,27.77000000000004,15,9,0
2018-09-04 16:00:00,31093.0,31249.67,32193.605035781864,28.620000000000005,16,9,0
2018-09-04 17:00:00,30613.0,31814.94,32276.534674835206,29.390000000000043,17,9,0
2018-09-04 18:00:00,30936.0,32222.35,32526.634780788423,29.390000000000043,18,9,0
2018-09-04 19:00:00,32422.0,31324.81,32706.751100540165,29.390000000000043,19,9,0
2018-09-04 20:00:00,34072.0,31976.67,32364.638259983065,28.980000000000018,20,9,0
2018-09-04 21:00:00,31489.0,29085.22,30932.197466278078,27.79000000000002,21,9,0
2018-09-04 22:00:00,28841.0,27876.85,28582.461689662934,27.03000000000003,22,9,0
2018-09-04 23:00:00,25313.0,25798.66,26481.663773441316,24.879999999999995,23,9,0
2018-09-05 00:00:00,24063.0,24445.61,25190.648242473606,23.860000000000014,0,9,0
2018-09-05 01:00:00,23208.0,23218.06,24083.870607948305,22.430000000000007,1,9,0
2018-09-05 02:00:00,22765.0,23994.73,23245.476471710208,21.430000000000007,2,9,0
2018-09-05 03:00:00,22670.0,23995.81,23026.722812175754,21.430000000000007,3,9,0
2018-09-05 04:00:00,23051.0,23843.66,23614.635938453677,19.860000000000014,4,9,0
2018-09-05 05:00:00,24999.0,24375.28,25143.569972229005,19.430000000000007,5,9,0
2018-09-05 06:00:00,27563.0,28425.282761904764,27349.94666576386,17.860000000000014,6,9,0
2018-09-05 07:00:00,29845.000000000004,28215.87,29541.09940748215,17.430000000000007,7,9,0
2018-09-05 08:00:00,31090.0,30528.17,31164.436592674258,16.980000000000018,8,9,0
2018-09-05 09:00:00,31455.0,31896.85,32167.928199005128,16.950000000000045,9,9,0
2018-09-05 10:00:00,31764.0,32579.39,32707.498258399966,18.970000000000027,10,9,0
2018-09-05 11:00:00,32217.0,32590.97,32887.68538722992,21.370000000000005,11,9,0
2018-09-05 12:00:00,32047.0,31156.23,32770.69413986206,23.210000000000036,12,9,0
2018-09-05 13:00:00,31155.0,33211.71,32446.14439239502,24.57000000000005,13,9,0
2018-09-05 14:00:00,30621.000000000004,31320.10333333333,32062.92566108704,25.0,14,9,0
2018-09-05 15:00:00,30344.0,30636.65,31774.942698287967,26.57000000000005,15,9,0
2018-09-05 16:00:00,30190.0,31042.91,31698.96699905396,26.390000000000043,16,9,0
2018-09-05 17:00:00,29684.999999999996,30846.89,31872.45900745392,27.189999999999998,17,9,0
2018-09-05 18:00:00,29505.0,31165.33,32213.983400154117,27.379999999999995,18,9,0
2018-09-05 19:00:00,30274.0,32658.7,32503.399636363985,27.79000000000002,19,9,0
2018-09-05 20:00:00,31359.0,32415.48,32239.486876773837,26.79000000000002,20,9,0
2018-09-05 21:00:00,29551.0,29598.413333333334,30765.727765083317,25.390000000000043,21,9,0
2018-09-05 22:00:00,26940.000000000004,27488.5,28328.413367176057,25.03000000000003,22,9,0
2018-09-05 23:00:00,25504.0,25977.67,26235.85127925873,23.620000000000005,23,9,0
2018-09-06 00:00:00,24098.000000000004,24313.66,24986.593570899964,23.430000000000007,0,9,0
2018-09-06 01:00:00,22917.0,23811.22,23887.409599590304,21.860000000000014,1,9,0
2018-09-06 02:00:00,22311.0,23458.15,23070.412013435365,19.850000000000023,2,9,0
2018-09-06 03:00:00,21977.0,23600.37,22866.462334632877,19.0,3,9,0
2018-09-06 04:00:00,21782.0,24167.13,23436.377746582035,17.430000000000007,4,9,0
2018-09-06 05:00:00,21734.0,25441.45,24936.38016767502,16.430000000000007,5,9,0
2018-09-06 06:00:00,22108.0,29050.101000000002,27164.219336986545,17.0,6,9,0
2018-09-06 07:00:00,24150.0,28354.413666666664,29399.34939966202,17.57000000000005,7,9,0
2018-09-06 08:00:00,26323.0,30724.8,31036.05240879059,17.480000000000018,8,9,0
2018-09-06 09:00:00,27679.0,31522.912,32022.39112634659,17.79000000000002,9,9,0
2018-09-06 10:00:00,28140.0,31694.18,32524.66189336777,18.170000000000016,10,9,0
2018-09-06 11:00:00,28408.0,32413.34333333333,32658.437333965303,20.379999999999995,11,9,0
2018-09-06 12:00:00,28438.0,32838.46,32484.225026321412,21.970000000000027,12,9,0
2018-09-06 13:00:00,27602.0,32042.425,32102.33457565308,23.57000000000005,13,9,0
2018-09-06 14:00:00,26190.0,31486.318,31670.281997299197,24.78000000000003,14,9,0
2018-09-06 15:00:00,25490.999999999996,31234.476000000002,31366.23758220673,25.379999999999995,15,9,0
2018-09-06 16:00:00,25032.0,30229.61,31302.992866897584,23.74000000000001,16,9,0
2018-09-06 17:00:00,24871.0,30951.18,31539.170443058018,25.74000000000001,17,9,0
2018-09-06 18:00:00,25062.0,31312.7,31958.452970409395,24.960000000000036,18,9,0
2018-09-06 19:00:00,25706.0,32960.99,32328.635506248476,25.54000000000002,19,9,0
2018-09-06 20:00:00,26668.0,32876.66,32113.280682468416,25.390000000000043,20,9,0
2018-09-06 21:00:00,26567.0,29878.24,30595.18043766022,23.79000000000002,21,9,0
2018-09-06 22:00:00,24930.0,26945.15,28106.34633111954,23.0,22,9,0
2018-09-06 23:00:00,26254.0,26681.41,26052.00161190033,22.0,23,9,0
2018-09-07 00:00:00,24601.0,25100.285,24836.544250774386,21.03000000000003,0,9,0
2018-09-07 01:00:00,23578.0,24176.636166666667,23725.039499855044,19.430000000000007,1,9,0
2018-09-07 02:00:00,23033.000000000004,23837.88,22907.011519527437,18.850000000000023,2,9,0
2018-09-07 03:00:00,22870.000000000004,23499.0,22705.36191492081,18.49000000000001,3,9,0
2018-09-07 04:00:00,23303.0,23296.33,23245.605881404877,18.430000000000007,4,9,0
2018-09-07 05:00:00,25561.0,25968.21,24681.132974243166,18.0,5,9,0
2018-09-07 06:00:00,28168.999999999996,29757.312166666667,26868.684219741823,17.0,6,9,0
2018-09-07 07:00:00,30862.0,32459.59583333333,29129.430076885226,17.0,7,9,0
2018-09-07 08:00:00,33207.0,32080.09,30810.755013751987,17.0,8,9,0
2018-09-07 09:00:00,34947.0,33434.65,31820.31422557831,17.600000000000023,9,9,0
2018-09-07 10:00:00,35980.0,34442.33,32321.0540514946,17.78000000000003,10,9,0
2018-09-07 11:00:00,37040.0,34352.153333333335,32438.95116672516,19.170000000000016,11,9,0
2018-09-07 12:00:00,37665.0,33938.59,32241.520806503297,20.970000000000027,12,9,0
2018-09-07 13:00:00,37055.0,31952.27,31829.236169433596,23.379999999999995,13,9,0
2018-09-07 14:00:00,36508.0,32342.98,31361.4738404274,26.200000000000045,14,9,0
2018-09-07 15:00:00,36361.0,31462.38,31018.396531391147,27.400000000000034,15,9,0
2018-09-07 16:00:00,36343.0,31099.62,30945.5706152916,29.0,16,9,0
2018-09-07 17:00:00,35739.0,30248.03,31201.938545513156,28.410000000000025,17,9,0
2018-09-07 18:00:00,34974.0,31235.56,31674.735644149783,28.590000000000032,18,9,0
2018-09-07 19:00:00,34236.0,33097.47,32121.526277542118,28.189999999999998,19,9,0
2018-09-07 20:00:00,33727.0,32810.74,31965.057748222353,27.200000000000045,20,9,0
2018-09-07 21:00:00,33031.0,29246.896166666666,30452.402477359774,23.610000000000014,21,9,0
2018-09-07 22:00:00,30726.0,30386.33,28006.422513294223,22.49000000000001,22,9,0
2018-09-07 23:00:00,28771.0,25753.03,26050.44625387192,21.75,23,9,0
2018-09-08 00:00:00,27006.999999999996,24345.57,24901.185614109043,19.49000000000001,0,9,1
2018-09-08 01:00:00,25696.0,23540.253333333334,23776.996271419528,19.0,1,9,1
2018-09-08 02:00:00,25082.0,23392.0475,22853.494506549836,19.28000000000003,2,9,1
2018-09-08 03:00:00,24707.0,23268.947999999997,22448.05393314362,18.850000000000023,3,9,1
2018-09-08 04:00:00,24811.999999999996,23183.00333333333,22593.43229579926,19.0,4,9,1
2018-09-08 05:00:00,26374.0,22466.15,23300.382807636262,19.0,5,9,1
2018-09-08 06:00:00,28020.0,24770.92,24572.19686994553,18.430000000000007,6,9,1
2018-09-08 07:00:00,30086.0,26712.32,26251.966448783878,17.860000000000014,7,9,1
2018-09-08 08:00:00,32377.0,28468.13,27977.202780914307,17.75,8,9,1
2018-09-08 09:00:00,33609.0,28640.17,29351.299335861208,18.04200000000003,9,9,1
2018-09-08 10:00:00,34552.0,29433.47,30178.617955589296,18.189999999999998,10,9,1
2018-09-08 11:00:00,35351.0,28925.54,30449.22583560944,18.55000000000001,11,9,1
2018-09-08 12:00:00,36052.0,30340.81,30241.313290119175,20.58000000000004,12,9,1
2018-09-08 13:00:00,35675.0,31595.92,29722.88828649521,20.760000000000048,13,9,1
2018-09-08 14:00:00,34740.0,28661.21,29128.997897338868,21.200000000000045,14,9,1
2018-09-08 15:00:00,34294.0,26390.02,28656.352183628085,22.200000000000045,15,9,1
2018-09-08 16:00:00,33963.0,28148.735,28445.885627937318,21.760000000000048,16,9,1
2018-09-08 17:00:00,33316.0,26306.18,28557.107156276707,20.74000000000001,17,9,1
2018-09-08 18:00:00,32660.0,25889.07,28991.540384674074,20.80000000000001,18,9,1
2018-09-08 19:00:00,32090.0,30054.79,29591.132125473025,21.390000000000043,19,9,1
2018-09-08 20:00:00,32675.0,27299.32,29952.80780515671,20.79000000000002,20,9,1
2018-09-08 21:00:00,31715.0,28216.44,29138.11761827469,20.410000000000025,21,9,1
2018-09-08 22:00:00,29451.0,27694.3,26709.361352062228,19.670000000000016,22,9,1
2018-09-08 23:00:00,24291.000000000004,24110.46,24450.297820949556,19.350000000000023,23,9,1
2018-09-09 00:00:00,22997.0,22289.17,23169.569139862062,19.0,0,9,1
2018-09-09 01:00:00,21833.0,22255.23,22031.884563541415,18.0,1,9,1
2018-09-09 02:00:00,21415.0,22067.58,21146.302280902866,17.430000000000007,2,9,1
2018-09-09 03:00:00,21009.0,21269.54,20778.91304111481,17.0,3,9,1
2018-09-09 04:00:00,20831.0,20410.45,20930.17588233948,16.0,4,9,1
2018-09-09 05:00:00,21047.0,21772.064,21560.816183090214,16.57000000000005,5,9,1
2018-09-09 06:00:00,21293.999999999996,21362.22333333333,22676.42297716141,15.57000000000005,6,9,1
2018-09-09 07:00:00,21473.0,24428.33,24211.280556583406,15.430000000000007,7,9,1
2018-09-09 08:00:00,23175.0,27443.7,25907.910021114352,14.760000000000048,8,9,1
2018-09-09 09:00:00,24638.0,29280.03,27381.471355724338,15.960000000000036,9,9,1
2018-09-09 10:00:00,25616.000000000004,28381.79,28339.398541069033,16.760000000000048,10,9,1
2018-09-09 11:00:00,26239.0,27194.13,28697.807236385346,19.180000000000007,11,9,1
2018-09-09 12:00:00,26679.0,25935.42,28531.076274108887,21.590000000000032,12,9,1
2018-09-09 13:00:00,26736.0,26760.38,28040.799099922184,23.379999999999995,13,9,1
2018-09-09 14:00:00,25718.0,25316.74,27487.223493194582,25.55000000000001,14,9,1
2018-09-09 15:00:00,25026.0,24203.62,27083.252818584446,26.600000000000023,15,9,1
2018-09-09 16:00:00,24658.0,24340.84,26963.285148239138,26.79000000000002,16,9,1
2018-09-09 17:00:00,24659.0,23504.31,27195.44125709534,27.390000000000043,17,9,1
2018-09-09 18:00:00,24941.999999999996,24342.98,27783.32996644974,27.400000000000034,18,9,1
2018-09-09 19:00:00,26530.0,26667.49,28621.059962368014,28.0,19,9,1
2018-09-09 20:00:00,28361.000000000004,29644.54,29332.740032291415,26.200000000000045,20,9,1
2018-09-09 21:00:00,27259.0,29336.34,28847.077656650545,26.189999999999998,21,9,1
2018-09-09 22:00:00,25513.0,25375.23,26474.199519920352,24.370000000000005,22,9,1
2018-09-09 23:00:00,24681.999999999996,25944.23,24317.621141910557,23.650000000000034,23,9,1
2018-09-10 00:00:00,23550.999999999996,22843.13,23143.601741695406,24.0,0,9,0
2018-09-10 01:00:00,22800.0,21832.88,22194.18873758316,23.0,1,9,0
2018-09-10 02:00:00,22558.0,20970.26,21571.142100048066,20.850000000000023,2,9,0
2018-09-10 03:00:00,22548.000000000004,21149.87,21528.400275421143,20.28000000000003,3,9,0
2018-09-10 04:00:00,22848.0,21119.19,22219.780115127567,19.430000000000007,4,9,0
2018-09-10 05:00:00,24896.0,23895.54,23866.50871305466,18.430000000000007,5,9,0
2018-09-10 06:00:00,28055.0,23122.36,26290.181375789645,17.430000000000007,6,9,0
2018-09-10 07:00:00,29359.000000000004,29065.01,28733.665930271152,15.860000000000014,7,9,0
2018-09-10 08:00:00,30169.999999999996,30642.41,30560.300862407687,16.200000000000045,8,9,0
2018-09-10 09:00:00,30620.000000000004,30870.93,31677.006418037417,16.950000000000045,9,9,0
2018-09-10 10:00:00,30950.0,31102.87,32241.523248195652,18.78000000000003,10,9,0
2018-09-10 11:00:00,31137.000000000004,31645.02,32367.810018348697,20.78000000000003,11,9,0
2018-09-10 12:00:00,31242.0,29604.77,32143.62847671509,23.340000000000032,12,9,0
2018-09-10 13:00:00,30449.0,27578.21,31714.029799175263,24.170000000000016,13,9,0
2018-09-10 14:00:00,29606.0,29517.61,31290.195957279208,26.80000000000001,14,9,0
2018-09-10 15:00:00,29331.999999999996,28167.15,31036.206235408787,27.79000000000002,15,9,0
2018-09-10 16:00:00,29295.000000000004,30168.39,31056.401472854617,27.55000000000001,16,9,0
2018-09-10 17:00:00,28889.0,30287.23,31351.477551937107,27.379999999999995,17,9,0
2018-09-10 18:00:00,29877.000000000004,31661.81,31804.997489452366,27.189999999999998,18,9,0
2018-09-10 19:00:00,32020.0,32447.37,32192.89206161499,27.200000000000045,19,9,0
2018-09-10 20:00:00,31185.0,31721.89,32090.56073513031,26.400000000000034,20,9,0
2018-09-10 21:00:00,28374.0,29941.64083333333,30860.401944351197,26.0,21,9,0
2018-09-10 22:00:00,25963.0,27682.16,28485.050373268128,23.310000000000002,22,9,0
2018-09-10 23:00:00,26988.0,25880.6,26281.10072193146,22.660000000000025,23,9,0
2018-09-11 00:00:00,25419.0,25233.15,24961.270779514314,20.49000000000001,0,9,0
2018-09-11 01:00:00,24266.0,23934.99,23875.091261672977,20.430000000000007,1,9,0
2018-09-11 02:00:00,23774.000000000004,23744.0,23040.90171966553,18.49000000000001,2,9,0
2018-09-11 03:00:00,23849.0,23300.55,22816.742153263094,17.49000000000001,3,9,0
2018-09-11 04:00:00,24386.0,24145.57,23403.30746536255,17.430000000000007,4,9,0
2018-09-11 05:00:00,26777.000000000004,25875.59,24976.316487789158,16.430000000000007,5,9,0
2018-09-11 06:00:00,30332.999999999996,29641.105,27271.114186477662,16.430000000000007,6,9,0
2018-09-11 07:00:00,32222.0,30867.096666666665,29520.303513717652,15.430000000000007,7,9,0
2018-09-11 08:00:00,33228.0,31248.48,31151.603057670596,15.600000000000023,8,9,0
2018-09-11 09:00:00,33716.0,30819.3,32141.767907142643,17.200000000000045,9,9,0
2018-09-11 10:00:00,33491.0,32223.32,32649.254129028322,17.379999999999995,10,9,0
2018-09-11 11:00:00,33461.0,32412.39,32784.55562734604,20.360000000000014,11,9,0
2018-09-11 12:00:00,33324.0,32344.37,32598.47181148529,24.200000000000045,12,9,0
2018-09-11 13:00:00,32381.0,32086.12,32184.18742837906,24.379999999999995,13,9,0
2018-09-11 14:00:00,31623.999999999996,30806.01,31734.437463855746,26.400000000000034,14,9,0
2018-09-11 15:00:00,31245.0,31235.35,31396.20203075409,27.400000000000034,15,9,0
2018-09-11 16:00:00,31587.000000000004,31831.3,31305.043888473512,29.0,16,9,0
2018-09-11 17:00:00,33608.0,29404.53,31501.780808067324,28.360000000000014,17,9,0
2018-09-11 18:00:00,34001.0,28511.71,31912.947150039676,28.980000000000018,18,9,0
2018-09-11 19:00:00,33905.0,31682.99,32296.832463359835,28.980000000000018,19,9,0
2018-09-11 20:00:00,33009.0,32287.28,32154.503774452212,28.0,20,9,0
2018-09-11 21:00:00,30869.0,30012.2,30724.74151725769,25.180000000000007,21,9,0
2018-09-11 22:00:00,28716.999999999996,28227.25,28179.304098606113,23.629999999999995,22,9,0
2018-09-11 23:00:00,25030.0,26345.16,26067.552750492097,22.99000000000001,23,9,0
2018-09-12 00:00:00,23204.0,24436.06,24900.941444873813,21.430000000000007,0,9,0
2018-09-12 01:00:00,21933.0,24022.6,23860.255538940433,21.0,1,9,0
2018-09-12 02:00:00,21228.999999999996,23638.76,23066.248927974702,21.0,2,9,0
2018-09-12 03:00:00,20928.0,23559.0,22881.708261680604,20.860000000000014,3,9,0
2018-09-12 04:00:00,20975.0,23262.22,23487.88280506134,16.980000000000018,4,9,0
2018-09-12 05:00:00,21306.0,25828.42,25028.270817661287,16.0,5,9,0
2018-09-12 06:00:00,22116.0,29600.63,27269.505111217502,16.430000000000007,6,9,0
2018-09-12 07:00:00,22798.0,29868.408333333336,29493.14701137543,16.0,7,9,0
2018-09-12 08:00:00,24632.0,28846.14,31121.142945575717,16.760000000000048,8,9,0
2018-09-12 09:00:00,26343.0,31190.85,32110.162641334537,15.980000000000018,9,9,0
2018-09-12 10:00:00,26939.000000000004,32590.25,32626.023867988588,18.160000000000025,10,9,0
2018-09-12 11:00:00,26719.0,32771.79,32774.12471761704,20.170000000000016,11,9,0
2018-09-12 12:00:00,27004.000000000004,32860.09,32615.505057334904,21.57000000000005,12,9,0
2018-09-12 13:00:00,26961.0,30967.96,32238.439390754702,23.360000000000014,13,9,0
2018-09-12 14:00:00,25929.0,30824.774999999994,31813.423769760135,25.160000000000025,14,9,0
2018-09-12 15:00:00,25271.0,31183.36,31492.692829132084,26.78000000000003,15,9,0
2018-09-12 16:00:00,25715.999999999996,31829.16,31404.359724903108,27.57000000000005,16,9,0
2018-09-12 17:00:00,28110.0,31981.875,31579.81729564667,29.0,17,9,0
2018-09-12 18:00:00,29329.999999999996,31336.31,31964.059096050263,29.379999999999995,18,9,0
2018-09-12 19:00:00,30626.0,31915.13,32312.527661800388,29.379999999999995,19,9,0
2018-09-12 20:00:00,30560.0,31894.69,32124.832328987122,28.970000000000027,20,9,0
2018-09-12 21:00:00,29309.0,30276.13,30657.67799510956,28.010000000000048,21,9,0
2018-09-12 22:00:00,27139.0,26641.73,28135.78581581116,25.360000000000014,22,9,0
2018-09-12 23:00:00,27069.000000000004,26414.22,26065.357669067384,22.99000000000001,23,9,0
2018-09-13 00:00:00,25692.0,24843.65,24895.630764007572,22.430000000000007,0,9,0
2018-09-13 01:00:00,24679.000000000004,23485.08,23855.948393630984,20.860000000000014,1,9,0
2018-09-13 02:00:00,24250.0,23082.11,23079.21675605774,20.430000000000007,2,9,0
2018-09-13 03:00:00,24089.0,23385.75,22910.197928047182,19.430000000000007,3,9,0
2018-09-13 04:00:00,24354.0,23409.13,23519.322035789493,18.430000000000007,4,9,0
2018-09-13 05:00:00,26304.0,24599.28,25044.327386569978,17.430000000000007,5,9,0
2018-09-13 06:00:00,29392.000000000004,29050.101000000002,27256.510424518587,17.0,6,9,0
2018-09-13 07:00:00,31119.0,29086.883333333335,29458.31382827759,16.430000000000007,7,9,0
2018-09-13 08:00:00,32563.0,30902.66,31074.09885902405,16.99000000000001,8,9,0
2018-09-13 09:00:00,33541.0,33424.66,32051.195771026614,16.78000000000003,9,9,0
2018-09-13 10:00:00,34307.0,30194.26666666667,32554.36508083344,19.379999999999995,10,9,0
2018-09-13 11:00:00,35196.0,32824.14,32687.96716127396,22.0,11,9,0
2018-09-13 12:00:00,35567.0,33231.55,32522.81109056473,25.180000000000007,12,9,0
2018-09-13 13:00:00,34743.0,32862.74,32158.393390369416,26.560000000000002,13,9,0
2018-09-13 14:00:00,34343.0,32289.8,31756.06353302002,28.970000000000027,14,9,0
2018-09-13 15:00:00,34414.0,31062.67,31471.035017967228,31.0,15,9,0
2018-09-13 16:00:00,34431.0,32071.46,31416.450985431675,31.189999999999998,16,9,0
2018-09-13 17:00:00,33843.0,32290.56,31633.746954631806,32.0,17,9,0
2018-09-13 18:00:00,33250.0,31641.15,32023.74138221741,32.0,18,9,0
2018-09-13 19:00:00,34010.0,31594.95,32362.01832408905,31.980000000000018,19,9,0
2018-09-13 20:00:00,34176.0,31045.58,32136.674536895753,31.600000000000023,20,9,0
2018-09-13 21:00:00,31216.0,30162.99,30671.84713582993,29.620000000000005,21,9,0
2018-09-13 22:00:00,28775.0,28321.95,28287.32456827164,27.760000000000048,22,9,0
2018-09-13 23:00:00,27319.0,26944.27,26324.511570262912,26.760000000000048,23,9,0
2018-09-14 00:00:00,25950.0,25028.89,25186.470506858826,25.430000000000007,0,9,0
2018-09-14 01:00:00,24949.0,23908.54,24144.5075958252,23.29000000000002,1,9,0
2018-09-14 02:00:00,24603.0,24102.2,23363.944942951206,22.430000000000007,2,9,0
2018-09-14 03:00:00,24333.0,24095.97,23187.083399105075,21.860000000000014,3,9,0
2018-09-14 04:00:00,24671.0,23438.97,23772.090911483767,20.430000000000007,4,9,0
2018-09-14 05:00:00,26691.0,26301.6,25226.023481273653,19.0,5,9,0
2018-09-14 06:00:00,29643.0,29797.628261904763,27335.157335186006,17.860000000000014,6,9,0
2018-09-14 07:00:00,31117.0,31112.347166666663,29480.855532073976,16.860000000000014,7,9,0
2018-09-14 08:00:00,32566.0,33371.42,31112.28692741394,17.470000000000027,8,9,0
2018-09-14 09:00:00,33649.0,33434.65,32133.715205764773,17.590000000000032,9,9,0
2018-09-14 10:00:00,34395.0,33336.049999999996,32691.324488258364,19.77000000000004,10,9,0
2018-09-14 11:00:00,35271.0,32793.75,32901.88871164322,22.379999999999995,11,9,0
2018-09-14 12:00:00,35585.0,32077.89,32841.26149053574,23.980000000000018,12,9,0
2018-09-14 13:00:00,34693.0,33255.75,32587.342577743533,25.980000000000018,13,9,0
2018-09-14 14:00:00,33912.0,30093.42,32270.31080102921,27.57000000000005,14,9,0
2018-09-14 15:00:00,33615.0,31489.45,32010.795529365543,29.980000000000018,15,9,0
2018-09-14 16:00:00,33462.0,31799.63,31910.80578584671,31.170000000000016,16,9,0
2018-09-14 17:00:00,32750.000000000004,31180.95,32042.571713638306,31.78000000000003,17,9,0
2018-09-14 18:00:00,32255.0,29112.44,32323.293083381654,31.77000000000004,18,9,0
2018-09-14 19:00:00,32894.0,30822.62,32526.144000625613,32.19,19,9,0
2018-09-14 20:00:00,32850.0,31322.15,32146.272829532627,30.150000000000034,20,9,0
2018-09-14 21:00:00,30181.0,30226.61,30643.30131053925,28.980000000000018,21,9,0
2018-09-14 22:00:00,28038.999999999996,28683.37,28371.623996734623,27.32000000000005,22,9,0
2018-09-14 23:00:00,26866.0,26934.78,26446.337368488315,26.650000000000034,23,9,0
2018-09-15 00:00:00,25563.0,24387.05,25243.74284267426,24.860000000000014,0,9,1
2018-09-15 01:00:00,24335.0,24108.87,24102.945108604432,24.430000000000007,1,9,1
2018-09-15 02:00:00,23691.0,22563.53,23182.370932865146,23.430000000000007,2,9,1
2018-09-15 03:00:00,23123.0,23414.7,22785.8376531601,23.0,3,9,1
2018-09-15 04:00:00,22880.0,23172.67,22949.374881839754,21.430000000000007,4,9,1
2018-09-15 05:00:00,23240.0,25139.165,23681.577375984194,20.430000000000007,5,9,1
2018-09-15 06:00:00,24062.0,23334.99,24955.12748155594,20.0,6,9,1
2018-09-15 07:00:00,24843.999999999996,24114.43,26594.133006572727,19.430000000000007,7,9,1
2018-09-15 08:00:00,27171.0,26185.33,28263.752470302585,19.230000000000018,8,9,1
2018-09-15 09:00:00,28697.0,27813.29,29616.51107578278,18.970000000000027,9,9,1
2018-09-15 10:00:00,29378.0,28116.31,30473.374172973636,20.379999999999995,10,9,1
2018-09-15 11:00:00,29663.0,27796.25,30817.596635723115,22.590000000000032,11,9,1
2018-09-15 12:00:00,29951.0,29434.99,30705.747592449192,23.78000000000003,12,9,1
2018-09-15 13:00:00,29430.0,28099.66,30292.234784126285,25.170000000000016,13,9,1
2018-09-15 14:00:00,28204.0,27116.65,29783.82804422379,27.0,14,9,1
2018-09-15 15:00:00,27598.0,26017.46,29374.785974597933,27.970000000000027,15,9,1
2018-09-15 16:00:00,27446.0,25208.63,29185.65492668152,30.0,16,9,1
2018-09-15 17:00:00,27200.999999999996,25554.61,29280.88825349808,30.0,17,9,1
2018-09-15 18:00:00,27217.0,25995.91,29642.063386249545,30.57000000000005,18,9,1
2018-09-15 19:00:00,28443.0,28300.71,30118.33745479584,30.189999999999998,19,9,1
2018-09-15 20:00:00,29483.0,28588.78,30310.293540763858,28.99000000000001,20,9,1
2018-09-15 21:00:00,27755.0,29589.37,29403.82746343613,26.560000000000002,21,9,1
2018-09-15 22:00:00,26180.0,25526.181333333334,27121.145442199708,24.32000000000005,22,9,1
2018-09-15 23:00:00,24626.0,27502.0375,24935.32779827118,23.340000000000032,23,9,1
2018-09-16 00:00:00,23238.0,23979.41,23616.911595726015,22.0,0,9,1
2018-09-16 01:00:00,22120.0,22032.27,22474.43397731781,21.57000000000005,1,9,1
2018-09-16 02:00:00,21546.0,21009.67,21588.07279481888,20.430000000000007,2,9,1
2018-09-16 03:00:00,21153.0,21331.74,21221.066900730137,19.430000000000007,3,9,1
2018-09-16 04:00:00,21024.0,21339.1,21377.938309288027,19.0,4,9,1
2018-09-16 05:00:00,21291.999999999996,21399.87,22042.996705436708,17.860000000000014,5,9,1
2018-09-16 06:00:00,21438.0,23956.62,23217.42142658234,17.430000000000007,6,9,1
2018-09-16 07:00:00,21608.0,24526.24,24800.897984123232,16.430000000000007,7,9,1
2018-09-16 08:00:00,23364.0,25904.1,26498.887471294405,16.230000000000018,8,9,1
2018-09-16 09:00:00,24898.0,26992.37,27932.424584865574,16.230000000000018,9,9,1
2018-09-16 10:00:00,25941.999999999996,28252.46,28845.754259395602,18.379999999999995,10,9,1
2018-09-16 11:00:00,26552.000000000004,26506.6,29174.027587699893,20.78000000000003,11,9,1
2018-09-16 12:00:00,27307.0,26985.8,28997.412654781343,22.590000000000032,12,9,1
2018-09-16 13:00:00,27437.0,26338.26,28521.91748609543,24.379999999999995,13,9,1
2018-09-16 14:00:00,26410.0,24666.5,27996.362740802768,26.170000000000016,14,9,1
2018-09-16 15:00:00,25809.000000000004,23905.96,27621.531222724916,28.0,15,9,1
2018-09-16 16:00:00,25714.999999999996,28263.69,27524.932989883426,30.0,16,9,1
2018-09-16 17:00:00,25646.0,29594.071904761913,27749.417301368714,29.970000000000027,17,9,1
2018-09-16 18:00:00,25983.0,29006.47,28295.850957965853,30.379999999999995,18,9,1
2018-09-16 19:00:00,27979.0,33162.48,29033.610743904115,31.0,19,9,1
2018-09-16 20:00:00,29456.000000000004,30412.55,29591.18095932007,29.600000000000023,20,9,1
2018-09-16 21:00:00,28060.0,27561.09,28990.16327018738,27.629999999999995,21,9,1
2018-09-16 22:00:00,26128.0,26699.68,26698.859633255008,26.05000000000001,22,9,1
2018-09-16 23:00:00,24630.0,24581.52,24562.54730176926,23.950000000000045,23,9,1
2018-09-17 00:00:00,23253.0,23443.6,23347.378060340885,23.430000000000007,0,9,0
2018-09-17 01:00:00,22419.000000000004,21808.48,22370.532642650607,22.430000000000007,1,9,0
2018-09-17 02:00:00,22213.0,20751.59,21715.338683605198,21.430000000000007,2,9,0
2018-09-17 03:00:00,22228.999999999996,21282.28,21651.971883678438,20.0,3,9,0
2018-09-17 04:00:00,22872.000000000004,20512.8,22339.17154607773,21.140000000000043,4,9,0
2018-09-17 05:00:00,25402.0,23584.2,23993.977262306216,21.57000000000005,5,9,0
2018-09-17 06:00:00,29005.000000000004,26543.54,26396.363251113893,20.140000000000043,6,9,0
2018-09-17 07:00:00,30512.0,28410.74,28794.486045074464,18.430000000000007,7,9,0
2018-09-17 08:00:00,31938.0,27648.92,30586.6491645813,18.760000000000048,8,9,0
2018-09-17 09:00:00,33097.0,31920.8,31690.279457664492,18.99000000000001,9,9,0
2018-09-17 10:00:00,33907.0,28645.41,32257.262397098544,20.170000000000016,10,9,0
2018-09-17 11:00:00,34833.0,30321.57,32402.157304668428,22.78000000000003,11,9,0
2018-09-17 12:00:00,35057.0,32378.6,32211.385439491274,24.99000000000001,12,9,0
2018-09-17 13:00:00,34366.0,31270.43,31834.212338447574,25.970000000000027,13,9,0
2018-09-17 14:00:00,33835.0,31001.23,31466.79624004364,27.170000000000016,14,9,0
2018-09-17 15:00:00,33624.0,29343.57,31265.94262714386,28.590000000000032,15,9,0
2018-09-17 16:00:00,33588.0,30248.88,31305.96684818268,29.78000000000003,16,9,0
2018-09-17 17:00:00,32944.0,30069.3,31569.23011760712,29.980000000000018,17,9,0
2018-09-17 18:00:00,32449.0,31061.92,31971.371964645386,29.78000000000003,18,9,0
2018-09-17 19:00:00,33752.0,31584.6,32301.557138061526,28.99000000000001,19,9,0
2018-09-17 20:00:00,33678.0,32510.17,32169.03672733307,25.82000000000005,20,9,0
2018-09-17 21:00:00,30519.0,29905.55,30998.093859481814,24.99000000000001,21,9,0
2018-09-17 22:00:00,27955.0,26388.78,28739.92887115479,24.74000000000001,22,9,0
2018-09-17 23:00:00,26517.0,25785.24,26566.705476379397,22.0,23,9,0
2018-09-18 00:00:00,25304.0,24723.685,25212.074092864994,21.29000000000002,0,9,0
2018-09-18 01:00:00,24508.0,23908.27,24095.405162620547,19.970000000000027,1,9,0
2018-09-18 02:00:00,24068.999999999996,23743.28,23215.00659284592,18.430000000000007,2,9,0
2018-09-18 03:00:00,23924.0,23838.13,22940.416312599184,18.430000000000007,3,9,0
2018-09-18 04:00:00,24261.000000000004,23836.74,23477.37620286942,18.0,4,9,0
2018-09-18 05:00:00,26331.0,25790.82,25000.125429916385,18.0,5,9,0
2018-09-18 06:00:00,29636.0,27479.21666666667,27260.62955951691,18.0,6,9,0
2018-09-18 07:00:00,31099.0,27990.809999999994,29499.80794811249,17.430000000000007,7,9,0
2018-09-18 08:00:00,32363.000000000004,30441.26,31138.847656822207,17.74000000000001,8,9,0
2018-09-18 09:00:00,33329.0,31573.2,32141.1403922081,16.980000000000018,9,9,0
2018-09-18 10:00:00,33938.0,31855.3,32670.697071266175,18.55000000000001,10,9,0
2018-09-18 11:00:00,34863.0,32517.83,32828.88699369431,19.950000000000045,11,9,0
2018-09-18 12:00:00,35192.0,32526.4,32677.39463338852,21.99000000000001,12,9,0
2018-09-18 13:00:00,34297.0,31429.41,32309.02139158249,23.560000000000002,13,9,0
2018-09-18 14:00:00,33861.0,31991.68,31886.308286476138,24.760000000000048,14,9,0
2018-09-18 15:00:00,33788.0,30347.49,31571.88179550171,26.5,15,9,0
2018-09-18 16:00:00,33826.0,30991.26,31474.692673110963,27.450000000000045,16,9,0
2018-09-18 17:00:00,33169.0,29920.39,31633.949615097048,26.930000000000007,17,9,0
2018-09-18 18:00:00,32682.0,31298.18,31994.585133838656,26.560000000000002,18,9,0
2018-09-18 19:00:00,33953.0,32967.69,32338.86375551224,25.379999999999995,19,9,0
2018-09-18 20:00:00,33833.0,32845.89,32188.133203220368,25.590000000000032,20,9,0
2018-09-18 21:00:00,30588.000000000004,30254.83,30765.429878616334,24.189999999999998,21,9,0
2018-09-18 22:00:00,28012.0,28011.49,28217.76075315476,23.02000000000004,22,9,0
2018-09-18 23:00:00,26667.0,25512.43,26072.83168935776,21.650000000000034,23,9,0
2018-09-19 00:00:00,25259.000000000004,24436.06,24862.42374801636,21.430000000000007,0,9,0
2018-09-19 01:00:00,24494.0,24228.12,23788.599193477632,20.430000000000007,1,9,0
2018-09-19 02:00:00,24059.0,23355.3,22975.4350643158,19.430000000000007,2,9,0
2018-09-19 03:00:00,23957.0,23750.39,22769.226820087435,18.430000000000007,3,9,0
2018-09-19 04:00:00,24394.0,23949.15,23345.368547534945,17.860000000000014,4,9,0
2018-09-19 05:00:00,26533.0,24881.25,24878.228822612764,17.430000000000007,5,9,0
2018-09-19 06:00:00,29788.0,29716.850666666665,27148.209160232545,17.0,6,9,0
2018-09-19 07:00:00,31217.0,30844.653333333335,29408.442261981967,16.430000000000007,7,9,0
2018-09-19 08:00:00,32535.0,28846.14,31055.09516744614,16.760000000000048,8,9,0
2018-09-19 09:00:00,33439.0,32108.31,32046.03159170151,16.58000000000004,9,9,0
2018-09-19 10:00:00,34193.0,33313.08,32552.607062339786,18.360000000000014,10,9,0
2018-09-19 11:00:00,35087.0,32006.46,32678.87185726166,20.78000000000003,11,9,0
2018-09-19 12:00:00,35485.0,31330.19,32488.26358547211,22.77000000000004,12,9,0
2018-09-19 13:00:00,34784.0,33211.71,32081.445897579197,24.560000000000002,13,9,0
2018-09-19 14:00:00,34516.0,30217.15,31624.229237842563,26.760000000000048,14,9,0
2018-09-19 15:00:00,34490.0,29524.46,31291.05787467957,28.370000000000005,15,9,0
2018-09-19 16:00:00,34432.0,30449.4225,31203.572037696842,29.78000000000003,16,9,0
2018-09-19 17:00:00,33749.0,30463.925,31404.06183843613,29.950000000000045,17,9,0
2018-09-19 18:00:00,33080.0,30533.90516666667,31831.853663635255,30.360000000000014,18,9,0
2018-09-19 19:00:00,34403.0,29666.206000000002,32245.80841827393,30.360000000000014,19,9,0
2018-09-19 20:00:00,34316.0,32875.41,32127.899094581608,29.57000000000005,20,9,0
2018-09-19 21:00:00,31074.999999999996,29688.16,30696.11999950409,27.58000000000004,21,9,0
2018-09-19 22:00:00,28561.0,26756.03,28191.190256977083,25.710000000000036,22,9,0
2018-09-19 23:00:00,27071.999999999996,26115.04,26139.983112430575,25.03000000000003,23,9,0
2018-09-20 00:00:00,25676.0,24281.6,24989.518718338015,23.470000000000027,0,9,0
2018-09-20 01:00:00,24722.0,23811.22,23955.10552005768,21.860000000000014,1,9,0
2018-09-20 02:00:00,24270.0,23347.65,23178.234706020357,20.980000000000018,2,9,0
2018-09-20 03:00:00,24035.000000000004,23385.75,23006.136903953553,19.430000000000007,3,9,0
2018-09-20 04:00:00,24287.0,23800.33,23608.59763326645,19.0,4,9,0
2018-09-20 05:00:00,26361.999999999996,25394.155,25121.11372766495,18.430000000000007,5,9,0
2018-09-20 06:00:00,29722.0,28017.115428571436,27311.86847352982,18.0,6,9,0
2018-09-20 07:00:00,31077.0,28389.666166666662,29494.536334323886,17.430000000000007,7,9,0
2018-09-20 08:00:00,32484.0,30881.64,31107.542719173434,17.730000000000018,8,9,0
2018-09-20 09:00:00,33383.0,28548.92,32093.788652420048,17.390000000000043,9,9,0
2018-09-20 10:00:00,34196.0,30335.66666666667,32612.97058067322,19.360000000000014,10,9,0
2018-09-20 11:00:00,35338.0,32682.19,32774.78641624451,21.78000000000003,11,9,0
2018-09-20 12:00:00,35680.0,33909.86,32647.842830848695,24.57000000000005,12,9,0
2018-09-20 13:00:00,35097.0,33474.35,32323.986524009706,25.99000000000001,13,9,0
2018-09-20 14:00:00,34782.0,30731.16,31952.590467071535,27.970000000000027,14,9,0
2018-09-20 15:00:00,34959.0,31899.56,31675.77336339951,29.370000000000005,15,9,0
2018-09-20 16:00:00,34951.0,31993.12,31608.3094037056,31.170000000000016,16,9,0
2018-09-20 17:00:00,34308.0,32290.56,31778.571053123476,32.0,17,9,0
2018-09-20 18:00:00,33864.0,30034.95,32129.217608451847,31.57000000000005,18,9,0
2018-09-20 19:00:00,35080.0,28984.39,32425.653710174563,31.379999999999995,19,9,0
2018-09-20 20:00:00,34553.0,29681.31,32164.924917411805,30.189999999999998,20,9,0
2018-09-20 21:00:00,31275.0,29670.46,30700.290410041813,27.58000000000004,21,9,0
2018-09-20 22:00:00,28685.999999999996,28192.7,28337.284035491946,26.52000000000004,22,9,0
2018-09-20 23:00:00,27381.0,27322.6,26362.33582649231,24.49000000000001,23,9,0
2018-09-21 00:00:00,25945.0,24302.17,25183.017953872684,23.350000000000023,0,9,0
2018-09-21 01:00:00,24881.0,23641.98,24106.060708045963,21.430000000000007,1,9,0
2018-09-21 02:00:00,24506.0,22798.68,23293.109006118775,20.430000000000007,2,9,0
2018-09-21 03:00:00,24180.0,22865.44,23087.765120983127,19.430000000000007,3,9,0
2018-09-21 04:00:00,24481.0,23574.32,23643.465000057222,19.0,4,9,0
2018-09-21 05:00:00,26540.0,26301.6,25086.656565189365,19.0,5,9,0
2018-09-21 06:00:00,29911.999999999996,28842.98192857143,27219.71900415421,17.430000000000007,6,9,0
2018-09-21 07:00:00,31337.0,30902.974,29392.612770462038,17.430000000000007,7,9,0
2018-09-21 08:00:00,32670.0,32860.5,31023.907431030275,17.730000000000018,8,9,0
2018-09-21 09:00:00,33608.0,33434.65,32027.950859832767,17.590000000000032,9,9,0
2018-09-21 10:00:00,34547.0,33410.54,32558.132612133028,19.160000000000025,10,9,0
2018-09-21 11:00:00,35474.0,33236.2925,32732.62327270508,22.99000000000001,11,9,0
2018-09-21 12:00:00,35884.0,34529.72,32619.00400247574,24.57000000000005,12,9,0
2018-09-21 13:00:00,35137.0,31971.843333333334,32312.40313549042,26.760000000000048,13,9,0
2018-09-21 14:00:00,34592.0,31091.2025,31954.057924175264,28.57000000000005,14,9,0
2018-09-21 15:00:00,34397.0,32897.95,31685.68175096512,29.57000000000005,15,9,0
2018-09-21 16:00:00,34150.0,30887.4525,31622.8863070488,30.78000000000003,16,9,0
2018-09-21 17:00:00,33355.0,29765.45,31786.110999107364,31.189999999999998,17,9,0
2018-09-21 18:00:00,32958.0,29253.55,32116.25222206116,30.970000000000027,18,9,0
2018-09-21 19:00:00,33717.0,30782.01,32392.725047111515,30.980000000000018,19,9,0
2018-09-21 20:00:00,33298.0,31138.48,32093.85701980591,30.379999999999995,20,9,0
2018-09-21 21:00:00,30591.999999999996,30818.35,30593.94738302231,28.78000000000003,21,9,0
2018-09-21 22:00:00,28374.0,28525.98,28264.655896472934,27.420000000000016,22,9,0
2018-09-21 23:00:00,27294.000000000004,26804.17,26341.102869796756,26.30000000000001,23,9,0
2018-09-22 00:00:00,25891.0,24099.78,25177.582746696473,24.430000000000007,0,9,1
2018-09-22 01:00:00,24597.0,23967.61,24059.558677196506,24.29000000000002,1,9,1
2018-09-22 02:00:00,24067.999999999996,23246.63,23153.808015728,22.29000000000002,2,9,1
2018-09-22 03:00:00,23592.0,22770.2,22763.442450904848,20.860000000000014,3,9,1
2018-09-22 04:00:00,23304.0,22693.88,22922.989954280856,20.430000000000007,4,9,1
2018-09-22 05:00:00,23620.0,23465.29,23647.901555061344,19.430000000000007,5,9,1
2018-09-22 06:00:00,24639.0,27528.14,24921.50537786484,18.0,6,9,1
2018-09-22 07:00:00,25428.0,26806.98,26568.961600112918,18.0,7,9,1
2018-09-22 08:00:00,27659.0,34891.41,28251.016602993015,18.470000000000027,8,9,1
2018-09-22 09:00:00,29302.0,29610.37,29602.639821529392,17.58000000000004,9,9,1
2018-09-22 10:00:00,30123.0,28440.44,30446.486256790162,19.980000000000018,10,9,1
2018-09-22 11:00:00,30733.0,27796.25,30765.119783687594,22.590000000000032,11,9,1
2018-09-22 12:00:00,31275.0,27310.61,30617.123926830292,25.77000000000004,12,9,1
2018-09-22 13:00:00,30911.999999999996,31206.55,30159.143017387392,27.370000000000005,13,9,1
2018-09-22 14:00:00,29910.999999999996,26696.95,29615.138844680787,29.360000000000014,14,9,1
2018-09-22 15:00:00,29283.0,24201.47,29184.91265220642,31.160000000000025,15,9,1
2018-09-22 16:00:00,28985.0,25001.98,29007.958324050906,31.970000000000027,16,9,1
2018-09-22 17:00:00,28819.0,31137.48,29133.065756797794,33.0,17,9,1
2018-09-22 18:00:00,28837.0,31218.09,29528.83478679657,32.98000000000002,18,9,1
2018-09-22 19:00:00,30192.0,30235.89,30041.416820621493,32.39000000000004,19,9,1
2018-09-22 20:00:00,30599.0,29450.12,30261.164248943332,32.0,20,9,1
2018-09-22 21:00:00,28612.0,29101.47,29343.671488952637,29.600000000000023,21,9,1
2018-09-22 22:00:00,26959.0,26747.04,27043.37265739441,27.74000000000001,22,9,1
2018-09-22 23:00:00,25445.0,26738.17,24893.613926124573,24.640000000000043,23,9,1
2018-09-23 00:00:00,23993.0,24126.19,23631.984162616733,24.0,0,9,1
2018-09-23 01:00:00,22892.0,24181.7,22544.66193275452,22.860000000000014,1,9,1
2018-09-23 02:00:00,22065.999999999996,22248.87,21707.439808845524,22.0,2,9,1
2018-09-23 03:00:00,21572.0,21117.2,21379.486342239383,20.430000000000007,3,9,1
2018-09-23 04:00:00,21559.0,21230.39,21564.210135459904,20.0,4,9,1
2018-09-23 05:00:00,21751.0,21167.79,22256.19551486969,19.140000000000043,5,9,1
2018-09-23 06:00:00,22103.0,25855.7,23457.659537124637,18.0,6,9,1
2018-09-23 07:00:00,22258.000000000004,24526.24,25048.44407987595,16.430000000000007,7,9,1
2018-09-23 08:00:00,23916.0,27628.14,26735.011330223086,17.939999999999998,8,9,1
2018-09-23 09:00:00,25377.0,26826.27,28149.52521867752,18.210000000000036,9,9,1
2018-09-23 10:00:00,26518.000000000004,29229.81,29050.87350883484,19.970000000000027,10,9,1
2018-09-23 11:00:00,27448.0,28283.91,29386.823517894747,23.400000000000034,11,9,1
2018-09-23 12:00:00,28223.0,29520.01,29234.625508499146,25.78000000000003,12,9,1
2018-09-23 13:00:00,28539.0,28695.16,28790.728280544285,27.78000000000003,13,9,1
2018-09-23 14:00:00,27756.0,29537.043333333335,28302.590028858187,30.370000000000005,14,9,1
2018-09-23 15:00:00,27301.0,31155.06,27962.887138652804,31.970000000000027,15,9,1
2018-09-23 16:00:00,27066.0,29491.79,27889.88542070389,33.0,16,9,1
2018-09-23 17:00:00,27060.0,28676.84,28133.837345314027,33.379999999999995,17,9,1
2018-09-23 18:00:00,27370.0,27692.31,28662.558965587617,33.98000000000002,18,9,1
2018-09-23 19:00:00,29614.0,28794.47,29348.740442276005,33.60000000000002,19,9,1
2018-09-23 20:00:00,30438.0,31461.8,29825.66400098801,32.81,20,9,1
2018-09-23 21:00:00,29137.999999999996,30478.83,29171.507761192323,30.010000000000048,21,9,1
2018-09-23 22:00:00,27360.000000000004,27182.95,26935.46450557709,28.640000000000043,22,9,1
2018-09-23 23:00:00,25439.0,24607.71,24813.62164297104,26.950000000000045,23,9,1
2018-09-24 00:00:00,24100.999999999996,22821.25,23585.767809772493,25.29000000000002,0,9,0
2018-09-24 01:00:00,23144.0,21850.94,22615.52228651047,22.720000000000027,1,9,0
2018-09-24 02:00:00,22794.0,20707.29,21953.918885040286,23.29000000000002,2,9,0
2018-09-24 03:00:00,22734.0,20679.02,21882.97063035965,23.430000000000007,3,9,0
2018-09-24 04:00:00,23349.0,20724.64,22579.802769088747,21.860000000000014,4,9,0
2018-09-24 05:00:00,25644.0,23913.48,24226.177321624757,21.430000000000007,5,9,0
2018-09-24 06:00:00,29233.999999999996,25778.62,26577.697975349427,20.0,6,9,0
2018-09-24 07:00:00,30756.0,29413.87,28923.087539577486,20.0,7,9,0
2018-09-24 08:00:00,32325.0,29446.7,30693.111834526066,20.02000000000004,8,9,0
2018-09-24 09:00:00,33268.0,31084.44,31804.401716518405,19.390000000000043,9,9,0
2018-09-24 10:00:00,33995.0,30028.52,32397.757375049594,20.379999999999995,10,9,0
2018-09-24 11:00:00,34899.0,30384.15,32589.337440395357,22.80000000000001,11,9,0
2018-09-24 12:00:00,35310.0,31728.07,32463.69039363861,24.590000000000032,12,9,0
2018-09-24 13:00:00,34909.0,30247.9,32158.27863082886,26.480000000000018,13,9,0
2018-09-24 14:00:00,34547.0,29479.15,31841.244412422184,28.590000000000032,14,9,0
2018-09-24 15:00:00,34484.0,30420.77,31646.055525779728,30.170000000000016,15,9,0
2018-09-24 16:00:00,34372.0,30986.51,31654.41099700928,30.970000000000027,16,9,0
2018-09-24 17:00:00,33608.0,31068.045,31866.740563964846,31.760000000000048,17,9,0
2018-09-24 18:00:00,33283.0,31206.28,32196.256713676456,33.0,18,9,0
2018-09-24 19:00:00,34627.0,31259.55,32440.294097518923,32.78000000000003,19,9,0
2018-09-24 20:00:00,34158.0,30728.57,32236.300468254092,31.170000000000016,20,9,0
2018-09-24 21:00:00,31081.0,30045.9025,31061.848888492586,29.0,21,9,0
2018-09-24 22:00:00,28557.999999999996,27846.04,28897.06886587143,27.640000000000043,22,9,0
2018-09-24 23:00:00,27168.999999999996,26379.73,26777.089014530186,26.29000000000002,23,9,0
2018-09-25 00:00:00,25776.000000000004,25176.61,25417.100557994843,25.430000000000007,0,9,0
2018-09-25 01:00:00,24959.0,24022.9,24326.74574623108,23.430000000000007,1,9,0
2018-09-25 02:00:00,24492.0,23075.26,23472.79314632416,21.430000000000007,2,9,0
2018-09-25 03:00:00,24243.0,23235.0,23218.871791839603,19.860000000000014,3,9,0
2018-09-25 04:00:00,24641.0,23397.16,23780.46591625214,19.430000000000007,4,9,0
2018-09-25 05:00:00,26649.000000000004,25525.09,25289.060652732853,17.860000000000014,5,9,0
2018-09-25 06:00:00,30096.0,27773.78666666667,27471.423301982883,17.430000000000007,6,9,0
2018-09-25 07:00:00,31438.0,31791.293333333335,29643.042504882815,16.430000000000007,7,9,0
2018-09-25 08:00:00,32501.0,29635.15,31272.28126049042,16.760000000000048,8,9,0
2018-09-25 09:00:00,33083.0,31591.64,32293.74128084183,15.980000000000018,9,9,0
2018-09-25 10:00:00,33702.0,31744.12,32860.963506126405,17.360000000000014,10,9,0
2018-09-25 11:00:00,34514.0,32553.9,33082.4738363266,20.189999999999998,11,9,0
2018-09-25 12:00:00,34880.0,33190.51,33015.16858663559,22.180000000000007,12,9,0
2018-09-25 13:00:00,34305.0,31593.53,32747.756881904603,23.760000000000048,13,9,0
2018-09-25 14:00:00,34032.0,31407.6,32406.608509826663,25.99000000000001,14,9,0
2018-09-25 15:00:00,34009.0,31798.6,32121.047705841065,27.189999999999998,15,9,0
2018-09-25 16:00:00,33989.0,31303.63,32007.863056850434,28.78000000000003,16,9,0
2018-09-25 17:00:00,33335.0,30140.59,32112.428531837464,30.170000000000016,17,9,0
2018-09-25 18:00:00,33083.0,30176.25,32366.64533109665,30.78000000000003,18,9,0
2018-09-25 19:00:00,34448.0,30358.46,32550.988220310213,30.970000000000027,19,9,0
2018-09-25 20:00:00,33930.0,30552.89,32220.23169088364,30.189999999999998,20,9,0
2018-09-25 21:00:00,30789.0,30072.38,30742.96386728287,28.010000000000048,21,9,0
2018-09-25 22:00:00,28279.0,27974.46,28302.480152702334,26.52000000000004,22,9,0
2018-09-25 23:00:00,26970.000000000004,26522.4,26213.590370082857,26.0,23,9,0
2018-09-26 00:00:00,25675.0,25318.28,25005.965958023073,24.57000000000005,0,9,0
2018-09-26 01:00:00,24771.0,24336.45,23963.270539283756,23.0,1,9,0
2018-09-26 02:00:00,24242.0,24051.79,23185.750235080723,21.57000000000005,2,9,0
2018-09-26 03:00:00,24166.999999999996,22902.8,23018.89718818665,20.430000000000007,3,9,0
2018-09-26 04:00:00,24626.0,23843.66,23649.933043098452,19.860000000000014,4,9,0
2018-09-26 05:00:00,26511.0,24735.89,25208.8901260376,20.430000000000007,5,9,0
2018-09-26 06:00:00,30040.000000000004,27341.1,27418.54357070923,20.430000000000007,6,9,0
2018-09-26 07:00:00,31478.0,28017.51,29583.191741943363,21.0,7,9,0
2018-09-26 08:00:00,32465.0,30325.48,31172.80183067322,20.5,8,9,0
2018-09-26 09:00:00,33187.0,32890.9,32153.03387565613,19.980000000000018,9,9,0
2018-09-26 10:00:00,33823.0,32745.799333333332,32681.687128543857,19.57000000000005,10,9,0
2018-09-26 11:00:00,34468.0,33486.185999999994,32873.77750759125,19.57000000000005,11,9,0
2018-09-26 12:00:00,34629.0,31622.89,32794.70574245453,20.760000000000048,12,9,0
2018-09-26 13:00:00,33725.0,31134.103333333336,32528.678477287296,22.57000000000005,13,9,0
2018-09-26 14:00:00,33422.0,31137.21,32204.47545013428,22.960000000000036,14,9,0
2018-09-26 15:00:00,33433.0,31188.45,31959.50045642853,24.760000000000048,15,9,0
2018-09-26 16:00:00,33349.0,31215.9,31898.431289005282,24.970000000000027,16,9,0
2018-09-26 17:00:00,32639.0,30977.51,32053.012390136722,26.379999999999995,17,9,0
2018-09-26 18:00:00,32386.0,30657.31,32348.54506568909,26.970000000000027,18,9,0
2018-09-26 19:00:00,33923.0,32884.01,32580.476538848878,26.78000000000003,19,9,0
2018-09-26 20:00:00,33283.0,32149.57,32279.940835666657,26.0,20,9,0
2018-09-26 21:00:00,30275.0,29825.23,30817.34514141083,23.79000000000002,21,9,0
2018-09-26 22:00:00,27827.0,27398.93,28403.803060245515,22.760000000000048,22,9,0
2018-09-26 23:00:00,26632.0,25459.926,26294.066108322146,21.75,23,9,0
2018-09-27 00:00:00,25370.0,24735.54,24997.031805706025,21.670000000000016,0,9,0
2018-09-27 01:00:00,24320.0,23782.91,23861.918331432345,20.650000000000034,1,9,0
2018-09-27 02:00:00,24093.0,23286.86,23011.012963581088,20.0,2,9,0
2018-09-27 03:00:00,23970.999999999996,23301.71,22777.20382900238,20.0,3,9,0
2018-09-27 04:00:00,24255.0,23782.04,23309.746697807313,17.860000000000014,4,9,0
2018-09-27 05:00:00,26235.0,25441.45,24772.842938995364,16.430000000000007,5,9,0
2018-09-27 06:00:00,29583.0,28792.78,27005.277373313907,16.0,6,9,0
2018-09-27 07:00:00,31025.0,29086.883333333335,29287.60290746689,16.430000000000007,7,9,0
2018-09-27 08:00:00,32043.999999999996,31053.46,30965.177404880527,15.740000000000009,8,9,0
2018-09-27 09:00:00,32601.0,31523.42,31968.04149627686,15.189999999999998,9,9,0
2018-09-27 10:00:00,33082.0,32300.78,32470.949545001986,16.950000000000045,10,9,0
2018-09-27 11:00:00,33762.0,32423.80333333333,32588.934561157228,19.980000000000018,11,9,0
2018-09-27 12:00:00,33942.0,32333.9,32388.872056579592,21.170000000000016,12,9,0
2018-09-27 13:00:00,33163.0,31686.85,31977.80094060898,22.379999999999995,13,9,0
2018-09-27 14:00:00,33044.0,30662.27,31516.313760948182,23.57000000000005,14,9,0
2018-09-27 15:00:00,33001.0,31384.438928571428,31191.107198238376,24.57000000000005,15,9,0
2018-09-27 16:00:00,32966.0,31646.5925,31120.82796726227,25.970000000000027,16,9,0
2018-09-27 17:00:00,32364.999999999996,30815.71,31353.543223667148,26.79000000000002,17,9,0
2018-09-27 18:00:00,32101.0,31219.3,31793.062497234347,27.600000000000023,18,9,0
2018-09-27 19:00:00,33649.0,33020.93,32198.49574556351,27.189999999999998,19,9,0
2018-09-27 20:00:00,33091.0,32674.52,32039.812601280213,27.27000000000004,20,9,0
2018-09-27 21:00:00,30090.0,29769.49,30534.113711929323,24.390000000000043,21,9,0
2018-09-27 22:00:00,27638.0,27095.11,28005.40921096802,23.32000000000005,22,9,0
2018-09-27 23:00:00,26714.999999999996,25432.72,25962.42568626404,21.610000000000014,23,9,0
2018-09-28 00:00:00,25423.000000000004,24414.81,24789.92746038437,21.57000000000005,0,9,0
2018-09-28 01:00:00,24354.0,23835.812666666665,23714.686724281313,20.0,1,9,0
2018-09-28 02:00:00,24079.0,23375.21,22922.41859827042,19.430000000000007,2,9,0
2018-09-28 03:00:00,23967.0,23374.555,22740.35869140625,17.430000000000007,3,9,0
2018-09-28 04:00:00,24308.0,23243.12,23302.38011198044,16.430000000000007,4,9,0
2018-09-28 05:00:00,26224.0,25436.42,24762.751424503327,16.430000000000007,5,9,0
2018-09-28 06:00:00,29584.0,28279.01,26964.896665191653,15.0,6,9,0
2018-09-28 07:00:00,30625.0,29928.72,29215.179870605472,14.430000000000007,7,9,0
2018-09-28 08:00:00,31664.0,31227.59,30874.812812614444,14.470000000000027,8,9,0
2018-09-28 09:00:00,32328.0,31986.38,31867.048217201234,13.009000000000015,9,9,0
2018-09-28 10:00:00,32974.0,32413.61,32363.83494319916,15.760000000000048,10,9,0
2018-09-28 11:00:00,33723.0,32976.823333333334,32470.197503757478,19.78000000000003,11,9,0
2018-09-28 12:00:00,34011.0,32944.71,32248.43812093735,21.450000000000045,12,9,0
2018-09-28 13:00:00,33140.0,33194.904,31815.423515796665,22.99000000000001,13,9,0
2018-09-28 14:00:00,32534.0,31667.768000000004,31341.476380062104,24.78000000000003,14,9,0
2018-09-28 15:00:00,32284.0,31264.905,31009.232859992982,26.379999999999995,15,9,0
2018-09-28 16:00:00,32117.0,34119.16,30951.816464328767,27.78000000000003,16,9,0
2018-09-28 17:00:00,31475.0,30951.53,31198.39809160233,29.0,17,9,0
2018-09-28 18:00:00,31234.000000000004,30828.74,31659.55808448792,28.480000000000018,18,9,0
2018-09-28 19:00:00,32687.999999999996,31614.89,32075.99115686417,28.79000000000002,19,9,0
2018-09-28 20:00:00,32057.0,33426.54,31883.544290733338,27.79000000000002,20,9,0
2018-09-28 21:00:00,29271.0,30526.093833333325,30327.49038000107,26.0,21,9,0
2018-09-28 22:00:00,27147.0,27926.36,27841.723039054872,24.24000000000001,22,9,0
2018-09-28 23:00:00,26142.0,26331.59,25892.358882522585,22.560000000000002,23,9,0
2018-09-29 00:00:00,24773.0,24683.765,24777.26728553772,19.860000000000014,0,9,1
2018-09-29 01:00:00,23681.999999999996,23612.49133333333,23685.10562143326,18.430000000000007,1,9,1
2018-09-29 02:00:00,23133.999999999996,22556.943666666666,22800.287588500978,17.430000000000007,2,9,1
2018-09-29 03:00:00,22701.0,21813.0625,22426.151952743534,16.57000000000005,3,9,1
2018-09-29 04:00:00,22520.999999999996,22647.669333333335,22597.5709643364,16.57000000000005,4,9,1
2018-09-29 05:00:00,22900.0,24225.98,23328.66004676819,16.57000000000005,5,9,1
2018-09-29 06:00:00,23853.0,24871.39,24622.881519794468,15.0,6,9,1
2018-09-29 07:00:00,24636.0,25464.56,26319.401108169557,13.57000000000005,7,9,1
2018-09-29 08:00:00,26772.0,31352.02,28045.452965545657,13.970000000000027,8,9,1
2018-09-29 09:00:00,28070.999999999996,30120.78,29394.65646696091,13.470000000000027,9,9,1
2018-09-29 10:00:00,28717.999999999996,29149.04,30183.20589551926,16.57000000000005,10,9,1
2018-09-29 11:00:00,29140.0,30071.93,30395.22292585373,19.180000000000007,11,9,1
2018-09-29 12:00:00,29616.0,30156.95,30109.864782333378,21.760000000000048,12,9,1
2018-09-29 13:00:00,29094.0,28701.51,29523.721883010865,23.760000000000048,13,9,1
2018-09-29 14:00:00,27973.000000000004,26972.05,28889.965982818605,25.180000000000007,14,9,1
2018-09-29 15:00:00,27239.0,26101.89,28419.27850637436,26.379999999999995,15,9,1
2018-09-29 16:00:00,26934.0,25975.656166666668,28241.379243278505,28.24000000000001,16,9,1
2018-09-29 17:00:00,26787.0,25548.98,28402.516288375857,29.0,17,9,1
2018-09-29 18:00:00,26922.0,26156.844833333333,28868.357005500795,29.0,18,9,1
2018-09-29 19:00:00,28754.0,29278.52,29496.772924518587,29.0,19,9,1
2018-09-29 20:00:00,28919.0,29458.05,29856.873712635042,27.980000000000018,20,9,1
2018-09-29 21:00:00,26994.0,31005.25,28980.613811397554,25.590000000000032,21,9,1
2018-09-29 22:00:00,25370.0,26388.39,26516.540907001498,22.960000000000036,22,9,1
2018-09-29 23:00:00,23969.000000000004,25291.85,24345.95698165894,22.52000000000004,23,9,1
2018-09-30 00:00:00,22628.0,22978.92,23171.964440059663,19.860000000000014,0,9,1
2018-09-30 01:00:00,21615.999999999996,23244.64,22127.257066822054,18.860000000000014,1,9,1
2018-09-30 02:00:00,21157.0,22198.83,21329.727093791964,18.0,2,9,1
2018-09-30 03:00:00,20684.0,21422.64,21026.62273025513,17.430000000000007,3,9,1
2018-09-30 04:00:00,20605.0,22399.842500000006,21223.757645702364,15.430000000000007,4,9,1
2018-09-30 05:00:00,20917.0,21395.564,21899.54239635468,16.430000000000007,5,9,1
2018-09-30 06:00:00,21460.0,21342.59,23066.446705055238,15.0,6,9,1
2018-09-30 07:00:00,21517.000000000004,25096.66166666667,24630.382398700716,13.860000000000014,7,9,1
2018-09-30 08:00:00,23211.0,27175.38,26308.303616428377,13.970000000000027,8,9,1
2018-09-30 09:00:00,24601.0,24135.59,27721.474574089054,13.470000000000027,9,9,1
2018-09-30 10:00:00,25430.0,26709.57,28610.27744894028,15.760000000000048,10,9,1
2018-09-30 11:00:00,25976.0,25636.65,28905.90779218674,18.99000000000001,11,9,1
2018-09-30 12:00:00,26613.0,25935.42,28691.781139659885,21.57000000000005,12,9,1
2018-09-30 13:00:00,26635.0,26744.18,28179.477458763125,23.370000000000005,13,9,1
2018-09-30 14:00:00,25598.0,25115.76,27627.23745775223,25.57000000000005,14,9,1
2018-09-30 15:00:00,24906.000000000004,23708.14,27241.32065639496,27.360000000000014,15,9,1
2018-09-30 16:00:00,24704.0,26500.22,27146.495092201236,29.0,16,9,1
2018-09-30 17:00:00,24673.0,27962.576666666664,27389.130944633485,30.0,17,9,1
2018-09-30 18:00:00,25310.0,27800.71,27960.40393753052,29.400000000000034,18,9,1
2018-09-30 19:00:00,27941.999999999996,27695.23,28750.728476428987,28.79000000000002,19,9,1
2018-09-30 20:00:00,28266.999999999996,27764.72,29382.81425905228,27.58000000000004,20,9,1
2018-09-30 21:00:00,26943.999999999996,29336.34,28817.721189498905,26.200000000000045,21,9,1
2018-09-30 22:00:00,25178.0,26539.98,26461.727355384828,25.680000000000007,22,9,1
2018-09-30 23:00:00,29001.0,25944.23,24331.140792465212,23.650000000000034,23,9,1
2018-10-01 00:00:00,26734.0,23259.48,23161.494463253024,22.0,0,10,0
2018-10-01 01:00:00,25441.0,22034.1,22221.821369934085,22.0,1,10,0
2018-10-01 02:00:00,25031.0,21409.07,21628.18247509003,20.0,2,10,0
2018-10-01 03:00:00,24906.000000000004,21060.19,21637.924827575687,18.860000000000014,3,10,0
2018-10-01 04:00:00,25566.0,22689.44,22416.34123287201,17.430000000000007,4,10,0
2018-10-01 05:00:00,28071.999999999996,25397.42,24186.265418434145,16.430000000000007,5,10,0
2018-10-01 06:00:00,32993.0,29749.01083333333,26710.403954696656,15.430000000000007,6,10,0
2018-10-01 07:00:00,36223.0,31750.55,29160.81314868927,15.430000000000007,7,10,0
2018-10-01 08:00:00,37292.0,31076.62666666667,30913.796872711184,16.0,8,10,0
2018-10-01 09:00:00,37901.0,33741.51,31951.69192428589,15.189999999999998,9,10,0
2018-10-01 10:00:00,37660.0,31613.71,32469.440579128266,14.360000000000014,10,10,0
2018-10-01 11:00:00,37320.0,31615.32,32588.226470375062,15.78000000000003,11,10,0
2018-10-01 12:00:00,37213.0,32053.52,32376.653828048708,17.980000000000018,12,10,0
2018-10-01 13:00:00,36069.0,30750.075,31959.476039505007,19.78000000000003,13,10,0
2018-10-01 14:00:00,35451.0,29043.22,31527.208592224124,21.57000000000005,14,10,0
2018-10-01 15:00:00,35102.0,27515.73,31254.60829124451,23.57000000000005,15,10,0
2018-10-01 16:00:00,35390.0,29822.115,31246.16980247498,25.0,16,10,0
2018-10-01 17:00:00,37007.0,28698.17833333333,31511.28631639481,25.200000000000045,17,10,0
2018-10-01 18:00:00,38068.0,29381.69,31963.231362342838,26.0,18,10,0
2018-10-01 19:00:00,38346.0,33041.39,32401.800817584994,26.0,19,10,0
2018-10-01 20:00:00,37441.0,32860.13,32423.7223315239,24.400000000000034,20,10,0
2018-10-01 21:00:00,34576.0,28314.34,31302.851248741154,21.980000000000018,21,10,0
2018-10-01 22:00:00,31258.0,26608.25,28823.44207468033,20.230000000000018,22,10,0
2018-10-01 23:00:00,30686.999999999996,25019.31,26394.67848339081,18.640000000000043,23,10,0
2018-10-02 00:00:00,28344.0,23573.12,24926.510847187044,17.32000000000005,0,10,0
2018-10-02 01:00:00,26614.0,23769.39,23763.02734947205,16.75,1,10,0
2018-10-02 02:00:00,25640.0,21910.4,22846.92391242981,15.0,2,10,0
2018-10-02 03:00:00,25123.0,21847.1,22539.160799884798,13.57000000000005,3,10,0
2018-10-02 04:00:00,25066.000000000004,22095.09,23041.834446144105,13.0,4,10,0
2018-10-02 05:00:00,25726.0,24637.54,24594.438245582583,11.57000000000005,5,10,0
2018-10-02 06:00:00,27201.999999999996,25075.09,27002.97241573334,10.0,6,10,0
2018-10-02 07:00:00,28896.0,28705.16,29410.036687088013,9.430000000000007,7,10,0
2018-10-02 08:00:00,32117.0,30968.92,31127.088466453555,9.260000000000048,8,10,0
2018-10-02 09:00:00,34480.0,30509.06,32141.103766822816,9.430000000000007,9,10,0
2018-10-02 10:00:00,34755.0,31128.45,32644.710139560702,11.370000000000005,10,10,0
2018-10-02 11:00:00,34022.0,31868.89,32744.192011070252,14.0,11,10,0
2018-10-02 12:00:00,33865.0,32102.7,32495.344493293764,15.590000000000032,12,10,0
2018-10-02 13:00:00,33037.0,31273.88,32009.6870010376,18.379999999999995,13,10,0
2018-10-02 14:00:00,31838.0,31067.47,31468.73006038666,20.950000000000045,14,10,0
2018-10-02 15:00:00,30817.999999999996,31294.7,31080.701195144655,22.950000000000045,15,10,0
2018-10-02 16:00:00,30532.0,30550.1,30998.667657184604,24.370000000000005,16,10,0
2018-10-02 17:00:00,31179.0,29185.54,31270.283956146242,25.160000000000025,17,10,0
2018-10-02 18:00:00,33745.0,29499.29,31805.869173622134,26.0,18,10,0
2018-10-02 19:00:00,34558.0,30900.11,32339.781831836703,26.189999999999998,19,10,0
2018-10-02 20:00:00,34542.0,32127.3,32366.178967857362,25.400000000000034,20,10,0
2018-10-02 21:00:00,33236.0,29588.94,30996.431066989902,22.410000000000025,21,10,0
2018-10-02 22:00:00,31007.000000000004,27042.38,28283.627846050265,19.79000000000002,22,10,0
2018-10-02 23:00:00,27794.0,25654.26,25990.527123546603,18.99000000000001,23,10,0
2018-10-03 00:00:00,25671.0,23893.35,24708.174717044833,18.29000000000002,0,10,0
2018-10-03 01:00:00,24249.0,22790.735,23595.03891563416,19.0,1,10,0
2018-10-03 02:00:00,23610.0,22863.76,22741.752897739414,18.0,2,10,0
2018-10-03 03:00:00,23148.0,22491.18,22492.780853652956,15.57000000000005,3,10,0
2018-10-03 04:00:00,22942.0,22928.42,23021.0287856102,14.710000000000036,4,10,0
2018-10-03 05:00:00,23531.0,24891.83,24540.996925067902,14.710000000000036,5,10,0
2018-10-03 06:00:00,24479.0,27534.08,26888.708538722993,12.57000000000005,6,10,0
2018-10-03 07:00:00,26155.0,29441.67,29266.242982769014,13.140000000000043,7,10,0
2018-10-03 08:00:00,29019.0,34540.57,30980.835977935792,13.260000000000048,8,10,0
2018-10-03 09:00:00,30529.0,31762.03,31994.90987892151,13.200000000000045,9,10,0
2018-10-03 10:00:00,31035.0,32574.19,32500.950618934632,14.580000000000041,10,10,0
2018-10-03 11:00:00,30720.999999999996,33041.8,32613.55658683777,18.02000000000004,11,10,0
2018-10-03 12:00:00,30660.0,31289.975,32389.31644458771,19.58000000000004,12,10,0
2018-10-03 13:00:00,29830.0,28950.23,31943.102050590518,22.0,13,10,0
2018-10-03 14:00:00,28324.0,29498.69,31446.70599536896,23.720000000000027,14,10,0
2018-10-03 15:00:00,27375.0,30693.49,31101.011192131045,24.79000000000002,15,10,0
2018-10-03 16:00:00,27125.0,30759.13,31051.76714076996,25.980000000000018,16,10,0
2018-10-03 17:00:00,27347.0,29150.909,31334.36373023987,27.189999999999998,17,10,0
2018-10-03 18:00:00,29593.0,32606.02,31850.53016843796,27.590000000000032,18,10,0
2018-10-03 19:00:00,30833.0,32827.94,32347.37305335999,27.390000000000043,19,10,0
2018-10-03 20:00:00,30590.999999999996,31502.59,32308.132615566257,26.410000000000025,20,10,0
2018-10-03 21:00:00,29245.0,29901.39,30897.378933334352,23.590000000000032,21,10,0
2018-10-03 22:00:00,27271.0,27366.89,28303.6692568779,19.640000000000043,22,10,0
2018-10-03 23:00:00,26628.0,26135.04,26143.779944038393,18.30000000000001,23,10,0
2018-10-04 00:00:00,24806.0,23713.35,24900.96097841263,17.57000000000005,0,10,0
2018-10-04 01:00:00,23770.0,23403.4125,23762.463318538666,18.29000000000002,1,10,0
2018-10-04 02:00:00,23447.0,23122.93,22884.887345123294,18.430000000000007,2,10,0
2018-10-04 03:00:00,23390.999999999996,22462.47,22626.348750400546,16.430000000000007,3,10,0
2018-10-04 04:00:00,24018.0,23085.41,23143.15979537964,14.430000000000007,4,10,0
2018-10-04 05:00:00,26747.999999999996,23765.8675,24617.534213542942,13.430000000000007,5,10,0
2018-10-04 06:00:00,30704.0,25983.04,26899.688829231265,12.430000000000007,6,10,0
2018-10-04 07:00:00,33277.0,30268.7,29230.02291841507,11.0,7,10,0
2018-10-04 08:00:00,34668.0,28907.05,30929.162442684177,11.970000000000027,8,10,0
2018-10-04 09:00:00,35237.0,30889.57,31935.513270759584,11.79000000000002,9,10,0
2018-10-04 10:00:00,35667.0,31021.18,32435.242236042024,13.160000000000025,10,10,0
2018-10-04 11:00:00,35805.0,30685.33,32545.452903747562,16.400000000000034,11,10,0
2018-10-04 12:00:00,35524.0,31495.323333333334,32323.290641689302,19.189999999999998,12,10,0
2018-10-04 13:00:00,34515.0,30835.31125,31874.094941329957,21.560000000000002,13,10,0
2018-10-04 14:00:00,33918.0,29467.15,31372.78375940323,23.980000000000018,14,10,0
2018-10-04 15:00:00,33623.0,29446.735,31020.2107088089,25.180000000000007,15,10,0
2018-10-04 16:00:00,33329.0,29956.32,30970.051022815707,26.57000000000005,16,10,0
2018-10-04 17:00:00,32944.0,29648.15,31254.964778327943,26.970000000000027,17,10,0
2018-10-04 18:00:00,33263.0,31509.16,31774.825497055055,27.79000000000002,18,10,0
2018-10-04 19:00:00,34339.0,32519.58,32269.097279930116,27.470000000000027,19,10,0
2018-10-04 20:00:00,35302.0,31537.59,32194.820998573305,27.0,20,10,0
2018-10-04 21:00:00,32412.0,30093.64,30727.18565130234,24.0,21,10,0
2018-10-04 22:00:00,29877.000000000004,27954.54,28179.11120491028,20.74000000000001,22,10,0
2018-10-04 23:00:00,25475.0,24609.37,26095.639537620547,19.720000000000027,23,10,0
2018-10-05 00:00:00,24007.0,23962.34,24882.684911155702,16.860000000000014,0,10,0
2018-10-05 01:00:00,23297.0,22659.77,23742.924896335604,15.860000000000014,1,10,0
2018-10-05 02:00:00,22942.0,23112.08,22868.789267444612,14.430000000000007,2,10,0
2018-10-05 03:00:00,22853.0,22918.85,22606.693126964572,14.0,3,10,0
2018-10-05 04:00:00,23232.0,22931.91,23106.339074707033,14.0,4,10,0
2018-10-05 05:00:00,25231.999999999996,25033.49,24542.938070487977,12.430000000000007,5,10,0
2018-10-05 06:00:00,27713.000000000004,25801.11,26787.75676841736,12.430000000000007,6,10,0
2018-10-05 07:00:00,29815.999999999996,30356.36,29099.57794618607,11.430000000000007,7,10,0
2018-10-05 08:00:00,30992.0,29241.63,30788.401320266727,12.230000000000018,8,10,0
2018-10-05 09:00:00,31247.0,31371.52,31781.59630994797,12.580000000000041,9,10,0
2018-10-05 10:00:00,31488.0,33124.9,32259.008207130435,13.370000000000005,10,10,0
2018-10-05 11:00:00,31911.000000000004,30291.72,32344.882527160647,16.180000000000007,11,10,0
2018-10-05 12:00:00,31803.0,31422.59,32106.10454864502,18.590000000000032,12,10,0
2018-10-05 13:00:00,30849.999999999996,32160.715,31652.872730827334,20.379999999999995,13,10,0
2018-10-05 14:00:00,30319.0,32645.88,31167.77194442749,22.79000000000002,14,10,0
2018-10-05 15:00:00,30105.999999999996,30510.64,30841.791365242007,24.180000000000007,15,10,0
2018-10-05 16:00:00,30031.0,29658.93,30823.13439397812,25.78000000000003,16,10,0
2018-10-05 17:00:00,29562.0,29638.09,31135.88100061417,26.78000000000003,17,10,0
2018-10-05 18:00:00,29379.0,31329.8,31678.442133140565,27.57000000000005,18,10,0
2018-10-05 19:00:00,29826.0,31680.97,32169.45914011002,27.189999999999998,19,10,0
2018-10-05 20:00:00,30918.0,31124.97,32045.550578308106,26.189999999999998,20,10,0
2018-10-05 21:00:00,29344.0,28568.31,30512.57310199738,23.79000000000002,21,10,0
2018-10-05 22:00:00,27229.000000000004,26304.41,28011.457282924654,21.600000000000023,22,10,0
2018-10-05 23:00:00,23486.999999999996,24672.14,26014.318973827365,18.650000000000034,23,10,0
2018-10-06 00:00:00,22016.0,23503.74,24834.0610496521,17.430000000000007,0,10,1
2018-10-06 01:00:00,21014.0,23158.05,23666.084838008883,15.430000000000007,1,10,1
2018-10-06 02:00:00,20496.0,22073.26,22690.474916648865,14.430000000000007,2,10,1
2018-10-06 03:00:00,19989.0,21760.7925,22230.35020132065,13.430000000000007,3,10,1
2018-10-06 04:00:00,19840.0,21769.28969047619,22323.588665485386,12.860000000000014,4,10,1
2018-10-06 05:00:00,19811.0,21813.12,22984.442467403413,11.430000000000007,5,10,1
2018-10-06 06:00:00,19657.0,23093.99,24237.335855674744,11.0,6,10,1
2018-10-06 07:00:00,20771.0,24061.883333333335,25953.098421478273,10.430000000000007,7,10,1
2018-10-06 08:00:00,22558.0,25989.71,27738.480961322788,11.990000000000009,8,10,1
2018-10-06 09:00:00,24064.0,27613.96,29130.58499736786,11.490000000000009,9,10,1
2018-10-06 10:00:00,24949.0,28174.07,29922.76278076172,12.770000000000039,10,10,1
2018-10-06 11:00:00,25251.0,28548.59,30109.96489171982,16.400000000000034,11,10,1
2018-10-06 12:00:00,25619.999999999996,29549.54,29779.047210597993,19.180000000000007,12,10,1
2018-10-06 13:00:00,25531.0,31291.88,29144.822505474094,21.180000000000007,13,10,1
2018-10-06 14:00:00,24334.0,27817.1,28484.229964637758,23.57000000000005,14,10,1
2018-10-06 15:00:00,23530.0,27551.24,28020.420735549927,25.55000000000001,15,10,1
2018-10-06 16:00:00,23269.0,28264.22,27895.645372962954,26.760000000000048,16,10,1
2018-10-06 17:00:00,23429.0,26106.73,28156.503575420382,27.78000000000003,17,10,1
2018-10-06 18:00:00,23905.000000000004,31089.549,28758.97651319504,26.980000000000018,18,10,1
2018-10-06 19:00:00,24708.0,31873.71,29523.98070240021,26.980000000000018,19,10,1
2018-10-06 20:00:00,26166.999999999996,31115.0,29987.040331935885,25.79000000000002,20,10,1
2018-10-06 21:00:00,26866.0,30089.22,29084.327135753632,24.58000000000004,21,10,1
2018-10-06 22:00:00,25147.0,28199.189333333332,26597.251047706606,23.689999999999998,22,10,1
2018-10-06 23:00:00,29100.0,26505.82,24474.50475893021,22.260000000000048,23,10,1
2018-10-07 00:00:00,27374.0,24948.28,23303.393414306644,20.860000000000014,0,10,1
2018-10-07 01:00:00,26016.0,23081.44,22184.373134326936,18.430000000000007,1,10,1
2018-10-07 02:00:00,25392.999999999996,21275.82,21311.802630233768,17.57000000000005,2,10,1
2018-10-07 03:00:00,24985.0,19923.71,20940.682484531404,16.0,3,10,1
2018-10-07 04:00:00,25190.0,22399.305833333336,21082.080888652803,15.430000000000007,4,10,1
2018-10-07 05:00:00,26834.0,22504.079523809523,21722.72480297089,15.0,5,10,1
2018-10-07 06:00:00,29206.0,25520.02,22873.93635492325,14.0,6,10,1
2018-10-07 07:00:00,31578.0,23656.025,24452.707771301273,13.0,7,10,1
2018-10-07 08:00:00,33918.0,29610.06333333333,26172.521104717256,12.260000000000048,8,10,1
2018-10-07 09:00:00,35217.0,28100.115,27635.83465652466,11.260000000000048,9,10,1
2018-10-07 10:00:00,36003.0,25205.12,28566.319661521913,11.360000000000014,10,10,1
2018-10-07 11:00:00,37023.0,25172.71,28896.529251861575,12.760000000000048,11,10,1
2018-10-07 12:00:00,37544.0,28416.01,28704.32167158127,14.170000000000016,12,10,1
2018-10-07 13:00:00,37170.0,27845.11,28193.24860363007,15.560000000000002,13,10,1
2018-10-07 14:00:00,36525.0,25603.65,27622.805786132816,17.0,14,10,1
2018-10-07 15:00:00,36488.0,24208.13,27210.391739368442,17.77000000000004,15,10,1
2018-10-07 16:00:00,36300.0,24151.93,27097.810188388827,18.980000000000018,16,10,1
2018-10-07 17:00:00,35715.0,29450.46,27355.828702640534,20.0,17,10,1
2018-10-07 18:00:00,35219.0,26931.4,27982.755189323427,20.0,18,10,1
2018-10-07 19:00:00,34569.0,29422.51,28864.823876667026,18.58000000000004,19,10,1
2018-10-07 20:00:00,33871.0,27178.54,29553.632614326478,17.600000000000023,20,10,1
2018-10-07 21:00:00,33154.0,27683.15,28976.858488559727,15.379999999999995,21,10,1
2018-10-07 22:00:00,30697.0,25715.25,26734.689026832584,14.640000000000043,22,10,1
2018-10-07 23:00:00,27744.0,23660.91,24613.72517347336,13.640000000000043,23,10,1
2018-10-08 00:00:00,25993.0,22283.24666666667,23318.588065814973,12.430000000000007,0,10,0
2018-10-08 01:00:00,24884.0,21077.83,22084.0562040329,11.860000000000014,1,10,0
2018-10-08 02:00:00,24229.999999999996,20937.86,21187.63280735016,11.0,2,10,0
2018-10-08 03:00:00,23776.999999999996,20801.82,20926.894247817996,10.430000000000007,3,10,0
2018-10-08 04:00:00,23999.0,21623.91,21418.912348651887,9.430000000000007,4,10,0
2018-10-08 05:00:00,25326.999999999996,22737.48,22901.202733421327,9.430000000000007,5,10,0
2018-10-08 06:00:00,26846.999999999996,27233.19,25402.035316181184,7.430000000000007,6,10,0
2018-10-08 07:00:00,28873.0,28368.65466666667,28143.306228256228,6.430000000000007,7,10,0
2018-10-08 08:00:00,30924.0,29385.25,30220.973992824558,7.730000000000018,8,10,0
2018-10-08 09:00:00,32226.0,31420.63,31458.61168727875,7.0,9,10,0
2018-10-08 10:00:00,33131.0,29836.25,32054.604373550417,9.360000000000014,10,10,0
2018-10-08 11:00:00,34089.0,30826.1,32138.27628707886,12.379999999999995,11,10,0
2018-10-08 12:00:00,34691.0,32649.11,31806.11090116501,14.57000000000005,12,10,0
2018-10-08 13:00:00,34293.0,31606.18433333333,31236.5104675293,16.760000000000048,13,10,0
2018-10-08 14:00:00,33486.0,30033.3,30677.690105628968,17.57000000000005,14,10,0
2018-10-08 15:00:00,33093.0,29692.43,30366.26201286316,18.600000000000023,15,10,0
2018-10-08 16:00:00,32997.0,29641.74,30435.403415203098,19.0,16,10,0
2018-10-08 17:00:00,32606.0,29619.36,30888.89649410248,18.590000000000032,17,10,0
2018-10-08 18:00:00,32107.999999999996,31175.72,31588.314385032656,20.0,18,10,0
2018-10-08 19:00:00,31476.0,33485.625,32259.89698314667,18.58000000000004,19,10,0
2018-10-08 20:00:00,32068.0,33258.39,32480.293901634217,18.52000000000004,20,10,0
2018-10-08 21:00:00,31004.0,29012.71,31380.917036628725,17.189999999999998,21,10,0
2018-10-08 22:00:00,28998.0,26992.38,28632.655559349063,16.760000000000048,22,10,0
2018-10-08 23:00:00,23957.0,25490.485,26073.47873783112,15.330000000000041,23,10,0
2018-10-09 00:00:00,22790.0,22457.199,24616.100940132143,15.0,0,10,0
2018-10-09 01:00:00,21982.0,23240.43,23449.592185592654,12.430000000000007,1,10,0
2018-10-09 02:00:00,21566.0,22747.295,22516.440852546693,10.860000000000014,2,10,0
2018-10-09 03:00:00,21466.0,22806.109999999997,22168.65107727051,10.430000000000007,3,10,0
2018-10-09 04:00:00,22003.999999999996,23033.222,22591.33976545334,10.430000000000007,4,10,0
2018-10-09 05:00:00,24322.0,25294.36,24061.443663692477,10.0,5,10,0
2018-10-09 06:00:00,27157.0,28389.85,26516.145352840427,9.430000000000007,6,10,0
2018-10-09 07:00:00,28893.0,30699.98,29095.358701801302,8.430000000000007,7,10,0
2018-10-09 08:00:00,30475.0,30968.92,30961.453824043278,9.260000000000048,8,10,0
2018-10-09 09:00:00,31312.0,28968.92,32050.02131700516,8.760000000000048,9,10,0
2018-10-09 10:00:00,31955.0,30732.4925,32579.50962867737,9.980000000000018,10,10,0
2018-10-09 11:00:00,32604.0,32166.72,32667.93551721573,12.160000000000025,11,10,0
2018-10-09 12:00:00,33028.0,32007.23,32380.89993104935,14.57000000000005,12,10,0
2018-10-09 13:00:00,32465.0,31426.83,31837.340146350864,15.980000000000018,13,10,0
2018-10-09 14:00:00,31857.0,30207.47,31244.10901412964,17.57000000000005,14,10,0
2018-10-09 15:00:00,31750.000000000004,29834.33,30822.179692268375,18.400000000000034,15,10,0
2018-10-09 16:00:00,31557.000000000004,29760.3,30745.3884677887,19.189999999999998,16,10,0
2018-10-09 17:00:00,31040.999999999996,30262.87,31075.107277965548,19.58000000000004,17,10,0
2018-10-09 18:00:00,30685.999999999996,32147.21,31713.658661937716,19.0,18,10,0
2018-10-09 19:00:00,31473.0,32462.75,32381.49570398331,17.79000000000002,19,10,0
2018-10-09 20:00:00,32137.000000000004,31958.65,32553.67652359009,15.800000000000011,20,10,0
2018-10-09 21:00:00,29434.0,30020.8,31263.486284637453,14.620000000000005,21,10,0
2018-10-09 22:00:00,27106.0,27770.96,28435.637845134737,13.03000000000003,22,10,0
2018-10-09 23:00:00,24561.0,25460.11,26006.7472858429,12.04000000000002,23,10,0
2018-10-10 00:00:00,23408.0,23443.91,24633.64205799103,12.0,0,10,0
2018-10-10 01:00:00,22709.000000000004,22437.04,23429.738785076144,12.0,1,10,0
2018-10-10 02:00:00,22358.999999999996,22453.62,22470.12194862366,12.0,2,10,0
2018-10-10 03:00:00,22229.999999999996,22688.06,22118.684284973147,12.57000000000005,3,10,0
2018-10-10 04:00:00,22720.0,23107.04,22525.858459949497,12.57000000000005,4,10,0
2018-10-10 05:00:00,25137.0,25406.51333333333,23916.95163536072,13.0,5,10,0
2018-10-10 06:00:00,28587.000000000004,26351.12,26271.744156837467,13.0,6,10,0
2018-10-10 07:00:00,30250.0,29408.51,28810.757482910158,13.0,7,10,0
2018-10-10 08:00:00,31104.000000000004,34540.57,30693.175318527225,13.260000000000048,8,10,0
2018-10-10 09:00:00,31601.0,30823.43,31804.51647605896,12.189999999999998,9,10,0
2018-10-10 10:00:00,31957.0,32832.5,32351.765657901768,12.79000000000002,10,10,0
2018-10-10 11:00:00,32345.0,33057.12,32462.181427764895,12.800000000000011,11,10,0
2018-10-10 12:00:00,32208.0,32404.88,32214.39116277695,12.79000000000002,12,10,0
2018-10-10 13:00:00,31191.0,30057.67,31725.078457069398,13.57000000000005,13,10,0
2018-10-10 14:00:00,30472.0,29480.34,31178.180878925326,14.960000000000036,14,10,0
2018-10-10 15:00:00,30264.000000000004,29691.65,30779.450076103214,15.980000000000018,15,10,0
2018-10-10 16:00:00,30142.0,29539.83,30697.74616661072,17.410000000000025,16,10,0
2018-10-10 17:00:00,29695.0,29150.23,31002.159277248385,18.57000000000005,17,10,0
2018-10-10 18:00:00,30520.0,31024.19,31613.935062885288,19.189999999999998,18,10,0
2018-10-10 19:00:00,32754.999999999996,32719.675,32267.527271747593,19.189999999999998,19,10,0
2018-10-10 20:00:00,31568.0,32502.3425,32427.152909278873,18.82000000000005,20,10,0
2018-10-10 21:00:00,28711.0,29098.57,31102.351681232456,16.79000000000002,21,10,0
2018-10-10 22:00:00,26340.0,28095.28,28318.190001297,17.260000000000048,22,10,0
2018-10-10 23:00:00,26920.0,25386.655,25970.05353317261,16.25,23,10,0
2018-10-11 00:00:00,25124.0,24769.61,24639.384918403626,15.350000000000023,0,10,0
2018-10-11 01:00:00,23924.0,23871.95,23459.583590698243,14.689999999999998,1,10,0
2018-10-11 02:00:00,23113.0,23482.99,22548.160877895356,14.0,2,10,0
2018-10-11 03:00:00,22757.0,22654.32,22246.328636074068,13.430000000000007,3,10,0
2018-10-11 04:00:00,22794.0,22495.052000000003,22683.10344743729,13.0,4,10,0
2018-10-11 05:00:00,23282.0,25138.71,24065.738600540164,12.430000000000007,5,10,0
2018-10-11 06:00:00,24315.0,25983.04,26361.871904945376,12.430000000000007,6,10,0
2018-10-11 07:00:00,25782.0,26819.87,28827.968972301485,12.430000000000007,7,10,0
2018-10-11 08:00:00,28152.0,30387.95,30657.419175720217,13.980000000000018,8,10,0
2018-10-11 09:00:00,29725.0,30928.92,31733.702514457706,14.200000000000045,9,10,0
2018-10-11 10:00:00,29882.0,31355.07,32254.66199474335,15.0,10,10,0
2018-10-11 11:00:00,29600.0,31692.69,32350.820722961427,15.170000000000016,11,10,0
2018-10-11 12:00:00,29818.0,32850.92,32099.914858531953,15.770000000000039,12,10,0
2018-10-11 13:00:00,29244.0,31087.62,31612.413888549807,15.970000000000027,13,10,0
2018-10-11 14:00:00,27992.0,29948.25,31077.072840309145,18.150000000000034,14,10,0
2018-10-11 15:00:00,27102.000000000004,30196.4665,30694.623242092133,18.960000000000036,15,10,0
2018-10-11 16:00:00,27192.0,31751.277666666672,30636.596423339844,20.170000000000016,16,10,0
2018-10-11 17:00:00,29086.0,29222.346333333327,30960.538189411167,19.58000000000004,17,10,0
2018-10-11 18:00:00,29838.0,31065.35,31577.00934944153,20.360000000000014,18,10,0
2018-10-11 19:00:00,30009.999999999996,32453.0,32197.04049692154,20.57000000000005,19,10,0
2018-10-11 20:00:00,29958.0,32093.4,32256.673949241642,20.189999999999998,20,10,0
2018-10-11 21:00:00,28611.0,29602.34,30824.401632308964,19.0,21,10,0
2018-10-11 22:00:00,26715.999999999996,27897.71,28154.88473339081,19.0,22,10,0
2018-10-11 23:00:00,24843.999999999996,25073.94,25979.519974422456,18.960000000000036,23,10,0
2018-10-12 00:00:00,23201.0,24046.42,24707.537435340884,19.0,0,10,0
2018-10-12 01:00:00,22324.000000000004,23763.472999999998,23529.201123046878,18.57000000000005,1,10,0
2018-10-12 02:00:00,21936.999999999996,23314.275,22644.988629817966,18.0,2,10,0
2018-10-12 03:00:00,21917.0,23257.84,22380.521606063845,18.0,3,10,0
2018-10-12 04:00:00,22698.0,23289.17,22842.948837280277,18.0,4,10,0
2018-10-12 05:00:00,25804.0,24769.46,24203.266922283176,18.0,5,10,0
2018-10-12 06:00:00,30672.0,26868.9,26407.99791517258,16.49000000000001,6,10,0
2018-10-12 07:00:00,33475.0,27512.1375,28785.251564598086,16.430000000000007,7,10,0
2018-10-12 08:00:00,34457.0,29383.41,30583.7728509903,16.5,8,10,0
2018-10-12 09:00:00,34678.0,30185.86,31662.558924388886,16.0,9,10,0
2018-10-12 10:00:00,34455.0,30952.8,32202.771148872376,15.990000000000009,10,10,0
2018-10-12 11:00:00,34017.0,30528.33,32340.5802652359,17.180000000000007,11,10,0
2018-10-12 12:00:00,33935.0,32338.51,32148.85125665665,19.0,12,10,0
2018-10-12 13:00:00,32913.0,30555.125,31722.011691474916,18.400000000000034,13,10,0
2018-10-12 14:00:00,32472.0,29377.15,31241.193633461,17.600000000000023,14,10,0
2018-10-12 15:00:00,32339.0,28768.5,30902.90692481995,17.77000000000004,15,10,0
2018-10-12 16:00:00,33164.0,29264.19,30861.197936058048,19.74000000000001,16,10,0
2018-10-12 17:00:00,35026.0,29245.22,31159.816910743717,22.0,17,10,0
2018-10-12 18:00:00,35527.0,30110.9,31712.83336992264,21.58000000000004,18,10,0
2018-10-12 19:00:00,35791.0,31005.76,32250.01057081223,21.390000000000043,19,10,0
2018-10-12 20:00:00,34920.0,31230.64,32197.87067232132,20.58000000000004,20,10,0
2018-10-12 21:00:00,32121.0,29327.48,30733.21663141251,18.980000000000018,21,10,0
2018-10-12 22:00:00,28967.0,26685.66,28252.154431629184,17.960000000000036,22,10,0
2018-10-12 23:00:00,23261.999999999996,27905.42,26197.609493637086,17.30000000000001,23,10,0
2018-10-13 00:00:00,22037.0,23487.55,24920.128263378145,16.860000000000014,0,10,1
2018-10-13 01:00:00,21005.0,22301.03,23660.705789756776,16.430000000000007,1,10,1
2018-10-13 02:00:00,20641.0,22958.61,22603.140464591983,16.0,2,10,1
2018-10-13 03:00:00,20388.0,22355.64,22085.48459405899,15.0,3,10,1
2018-10-13 04:00:00,20493.0,21860.913333333334,22130.78287057877,14.430000000000007,4,10,1
2018-10-13 05:00:00,21226.999999999996,24822.253333333334,22733.937040519715,14.430000000000007,5,10,1
2018-10-13 06:00:00,22369.0,25803.872166666668,23927.968551254275,14.430000000000007,6,10,1
2018-10-13 07:00:00,23082.0,23410.958,25618.401000595095,13.430000000000007,7,10,1
2018-10-13 08:00:00,24993.0,27796.2,27442.435530376435,14.5,8,10,1
2018-10-13 09:00:00,26595.0,27821.96,28925.6049243927,13.740000000000009,9,10,1
2018-10-13 10:00:00,27140.0,28907.64,29817.61374130249,15.0,10,10,1
2018-10-13 11:00:00,27499.0,30185.8,30089.964989662174,16.79000000000002,11,10,1
2018-10-13 12:00:00,27867.0,29994.24,29822.226098155978,17.980000000000018,12,10,1
2018-10-13 13:00:00,27531.0,30524.68,29214.300861358646,20.78000000000003,13,10,1
2018-10-13 14:00:00,26366.0,30102.004166666666,28535.007398796082,22.170000000000016,14,10,1
2018-10-13 15:00:00,25644.0,29436.65083333333,28030.341331577303,23.170000000000016,15,10,1
2018-10-13 16:00:00,25153.0,31781.68,27857.94320135117,25.0,16,10,1
2018-10-13 17:00:00,24993.0,31724.38,28081.018656349184,26.0,17,10,1
2018-10-13 18:00:00,25835.0,29506.39,28671.705545139313,25.79000000000002,18,10,1
2018-10-13 19:00:00,27790.0,31208.24,29473.466971015932,25.79000000000002,19,10,1
2018-10-13 20:00:00,27650.000000000004,32128.2,30008.734768486025,24.200000000000045,20,10,1
2018-10-13 21:00:00,25829.0,28301.71,29189.32479028702,21.0,21,10,1
2018-10-13 22:00:00,24342.0,26617.3,26725.58883943558,20.52000000000004,22,10,1
2018-10-13 23:00:00,23238.0,25080.2,24567.699272632603,18.99000000000001,23,10,1
2018-10-14 00:00:00,21961.0,24349.95,23352.266328430178,17.430000000000007,0,10,1
2018-10-14 01:00:00,20903.000000000004,24142.7,22183.113221073152,19.28000000000003,1,10,1
2018-10-14 02:00:00,20285.0,22870.65,21256.376213836673,19.140000000000043,2,10,1
2018-10-14 03:00:00,19912.0,23280.73,20848.003167915347,19.57000000000005,3,10,1
2018-10-14 04:00:00,19951.0,23553.73,20973.921242523196,19.0,4,10,1
2018-10-14 05:00:00,20325.0,24108.63,21606.597914695743,19.0,5,10,1
2018-10-14 06:00:00,20749.0,25661.79,22749.593171882632,19.0,6,10,1
2018-10-14 07:00:00,21077.0,29791.64,24324.89250173569,19.0,7,10,1
2018-10-14 08:00:00,22536.0,28969.44,26054.240643787387,15.53000000000003,8,10,1
2018-10-14 09:00:00,24144.0,26381.97,27561.3972234726,15.0,9,10,1
2018-10-14 10:00:00,25169.0,27103.34,28568.93227233887,14.610000000000014,10,10,1
2018-10-14 11:00:00,25642.0,26663.4,28994.17252902985,13.79000000000002,11,10,1
2018-10-14 12:00:00,26048.0,26820.07,28901.126958560944,13.600000000000023,12,10,1
2018-10-14 13:00:00,25591.0,26428.14,28469.255065441135,14.400000000000034,13,10,1
2018-10-14 14:00:00,24174.0,26118.58,27933.52090473175,14.390000000000043,14,10,1
2018-10-14 15:00:00,23349.0,24934.94,27515.581308174136,14.600000000000023,15,10,1
2018-10-14 16:00:00,23213.0,24220.52,27366.67225837708,14.760000000000048,16,10,1
2018-10-14 17:00:00,23462.0,24674.85,27566.556519412996,14.970000000000027,17,10,1
2018-10-14 18:00:00,24862.0,25234.23,28133.73235254288,15.379999999999995,18,10,1
2018-10-14 19:00:00,27252.0,26787.03,28965.729254817965,14.590000000000032,19,10,1
2018-10-14 20:00:00,27392.000000000004,28317.47,29642.874028110506,14.0,20,10,1
2018-10-14 21:00:00,25904.0,27573.89,29137.380227184298,12.590000000000032,21,10,1
2018-10-14 22:00:00,24330.0,26550.48,26961.40504512787,12.689999999999998,22,10,1
2018-10-14 23:00:00,22651.0,24050.52,24802.436250305178,12.270000000000039,23,10,1
2018-10-15 00:00:00,21443.0,22283.24666666667,23451.648090553284,12.430000000000007,0,10,0
2018-10-15 01:00:00,20878.0,21077.83,22174.762633228303,11.860000000000014,1,10,0
2018-10-15 02:00:00,20618.0,22302.44,21201.59196252823,11.29000000000002,2,10,0
2018-10-15 03:00:00,20630.0,20661.98,20872.835179138187,9.860000000000014,3,10,0
2018-10-15 04:00:00,21258.999999999996,20976.59,21293.179842662812,10.0,4,10,0
2018-10-15 05:00:00,23784.0,22355.93,22699.91449928284,9.0,5,10,0
2018-10-15 06:00:00,27551.000000000004,25187.23,25178.847543334963,9.0,6,10,0
2018-10-15 07:00:00,29451.0,25971.965,27988.744660663608,9.29000000000002,7,10,0
2018-10-15 08:00:00,30016.0,30007.66,30148.62909011841,8.0,8,10,0
2018-10-15 09:00:00,30607.0,32166.03,31440.582230949403,8.160000000000025,9,10,0
2018-10-15 10:00:00,30931.0,29596.44,32071.224973392487,8.710000000000036,10,10,0
2018-10-15 11:00:00,31337.0,31241.13,32189.50299263001,9.610000000000014,11,10,0
2018-10-15 12:00:00,31293.0,31852.27,31896.02378034592,11.710000000000036,12,10,0
2018-10-15 13:00:00,30361.000000000004,30935.77,31352.251568412783,12.970000000000027,13,10,0
2018-10-15 14:00:00,29781.000000000004,30158.38,30801.466816043856,13.57000000000005,14,10,0
2018-10-15 15:00:00,29621.999999999996,29947.29,30473.38882312775,14.580000000000041,15,10,0
2018-10-15 16:00:00,29484.0,30309.62,30512.680536460877,13.810000000000002,16,10,0
2018-10-15 17:00:00,29323.0,30068.76,30949.631149673463,12.800000000000011,17,10,0
2018-10-15 18:00:00,30396.999999999996,31729.37,31657.86843338013,12.180000000000007,18,10,0
2018-10-15 19:00:00,32501.0,32625.55,32366.69660663605,12.590000000000032,19,10,0
2018-10-15 20:00:00,31417.0,31947.49,32627.61340970993,12.189999999999998,20,10,0
2018-10-15 21:00:00,28619.000000000004,29580.06,31578.015326690675,11.980000000000018,21,10,0
2018-10-15 22:00:00,26287.0,27679.476666666666,28831.189564514163,12.680000000000007,22,10,0
2018-10-15 23:00:00,24779.999999999996,25675.52,26219.653092193606,12.660000000000025,23,10,0
2018-10-16 00:00:00,23466.0,23917.28333333333,24694.965161418917,13.0,0,10,0
2018-10-16 01:00:00,22660.0,23129.15,23457.986723899845,12.57000000000005,1,10,0
2018-10-16 02:00:00,22427.0,22439.6625,22459.747197818757,12.0,2,10,0
2018-10-16 03:00:00,22445.0,22366.243166666663,22059.50254573822,10.57000000000005,3,10,0
2018-10-16 04:00:00,22888.0,22738.015,22396.06053619385,10.57000000000005,4,10,0
2018-10-16 05:00:00,24869.0,23899.71,23737.489689159396,10.430000000000007,5,10,0
2018-10-16 06:00:00,28503.0,26136.295,26158.569274616242,10.430000000000007,6,10,0
2018-10-16 07:00:00,30376.0,30328.78,28862.514035701755,11.0,7,10,0
2018-10-16 08:00:00,30949.0,30963.65,30879.449586391453,10.760000000000048,8,10,0
2018-10-16 09:00:00,31433.0,30882.39,32069.369287204743,9.79000000000002,9,10,0
2018-10-16 10:00:00,31684.000000000004,31893.18,32663.330485439303,10.57000000000005,10,10,0
2018-10-16 11:00:00,32065.0,31830.67,32798.48304052353,12.78000000000003,11,10,0
2018-10-16 12:00:00,31912.000000000004,32295.45,32540.532893657688,14.78000000000003,12,10,0
2018-10-16 13:00:00,30875.0,31426.83,32011.650121688846,15.980000000000018,13,10,0
2018-10-16 14:00:00,30169.999999999996,30233.506,31412.65903720856,17.78000000000003,14,10,0
2018-10-16 15:00:00,29974.000000000004,29758.91,30961.346389579776,19.379999999999995,15,10,0
2018-10-16 16:00:00,29859.0,30189.91,30843.876570510867,20.0,16,10,0
2018-10-16 17:00:00,29437.0,30639.82,31136.07389431,21.189999999999998,17,10,0
2018-10-16 18:00:00,30475.0,31400.62,31750.757735538486,20.710000000000036,18,10,0
2018-10-16 19:00:00,32724.0,30782.55,32415.34000167847,21.189999999999998,19,10,0
2018-10-16 20:00:00,31691.0,32142.67,32599.211644268038,20.410000000000025,20,10,0
2018-10-16 21:00:00,28684.000000000004,29108.94,31307.287803745272,17.200000000000045,21,10,0
2018-10-16 22:00:00,26391.999999999996,28121.383333333335,28423.90795507431,16.02000000000004,22,10,0
2018-10-16 23:00:00,25002.000000000004,25080.105,25972.177805519106,15.650000000000034,23,10,0
2018-10-17 00:00:00,23867.0,24062.04,24623.133014106752,14.0,0,10,0
2018-10-17 01:00:00,23002.000000000004,22476.86,23462.87987537384,13.430000000000007,1,10,0
2018-10-17 02:00:00,22669.0,22453.62,22550.74907178879,12.0,2,10,0
2018-10-17 03:00:00,22532.0,22796.26,22238.05374069214,11.430000000000007,3,10,0
2018-10-17 04:00:00,22981.0,22961.49,22692.601630687717,10.430000000000007,4,10,0
2018-10-17 05:00:00,25076.0,23691.81,24150.426258087162,10.430000000000007,5,10,0
2018-10-17 06:00:00,28844.000000000004,26325.935,26539.793143272404,10.430000000000007,6,10,0
2018-10-17 07:00:00,30722.0,30498.65,29033.442267131806,9.0,7,10,0
2018-10-17 08:00:00,31257.0,31365.9,30843.517641735078,9.5,8,10,0
2018-10-17 09:00:00,31572.0,31205.37,31905.446271133424,9.79000000000002,9,10,0
2018-10-17 10:00:00,31879.000000000004,32547.08,32416.91733493805,10.78000000000003,10,10,0
2018-10-17 11:00:00,32194.0,32820.41,32498.357541656496,13.590000000000032,11,10,0
2018-10-17 12:00:00,32066.0,32626.67,32211.969003963473,15.379999999999995,12,10,0
2018-10-17 13:00:00,31103.000000000004,32115.92,31679.272308540345,17.370000000000005,13,10,0
2018-10-17 14:00:00,30607.0,31206.54,31098.29358854294,19.180000000000007,14,10,0
2018-10-17 15:00:00,30424.0,34257.04666666667,30688.985374450687,20.170000000000016,15,10,0
2018-10-17 16:00:00,30320.0,33002.91,30622.537158775333,20.970000000000027,16,10,0
2018-10-17 17:00:00,29850.0,28818.36,30957.823027515413,22.0,17,10,0
2018-10-17 18:00:00,31098.0,30826.12,31588.995617198947,21.58000000000004,18,10,0
2018-10-17 19:00:00,33162.0,31170.62,32242.06530389786,21.189999999999998,19,10,0
2018-10-17 20:00:00,31944.999999999996,32999.69,32366.393836784366,19.79000000000002,20,10,0
2018-10-17 21:00:00,28876.000000000004,29240.22,31004.129722976686,17.78000000000003,21,10,0
2018-10-17 22:00:00,26545.0,28242.73,28237.35045089722,16.600000000000023,22,10,0
2018-10-17 23:00:00,25218.0,25536.555,25942.42090082169,16.220000000000027,23,10,0
2018-10-18 00:00:00,23858.0,24477.68,24644.912909889223,15.29000000000002,0,10,0
2018-10-18 01:00:00,23071.0,22426.87,23478.306487655642,13.430000000000007,1,10,0
2018-10-18 02:00:00,22760.0,22601.72,22572.150505256654,13.0,2,10,0
2018-10-18 03:00:00,22680.999999999996,22488.64,22275.379891681674,11.430000000000007,3,10,0
2018-10-18 04:00:00,23130.000000000004,22581.682666666668,22726.687655925754,11.860000000000014,4,10,0
2018-10-18 05:00:00,25332.0,25138.71,24140.429969596866,12.430000000000007,5,10,0
2018-10-18 06:00:00,28847.999999999996,25280.59,26455.689050197605,13.0,6,10,0
2018-10-18 07:00:00,30823.0,28399.37,28897.686614036564,13.0,7,10,0
2018-10-18 08:00:00,31428.999999999996,30401.45,30688.8413146019,13.760000000000048,8,10,0
2018-10-18 09:00:00,31799.0,31151.36,31737.926642227176,13.580000000000041,9,10,0
2018-10-18 10:00:00,32133.0,31482.51,32240.90794172287,14.379999999999995,10,10,0
2018-10-18 11:00:00,32345.0,31724.52,32323.678870773318,15.379999999999995,11,10,0
2018-10-18 12:00:00,32149.0,30816.78,32060.371650886536,16.170000000000016,12,10,0
2018-10-18 13:00:00,30995.0,31494.953333333335,31569.130008220676,17.78000000000003,13,10,0
2018-10-18 14:00:00,30249.0,31218.493333333332,31035.153866004945,18.980000000000018,14,10,0
2018-10-18 15:00:00,29928.0,31614.7725,30668.602126693728,20.590000000000032,15,10,0
2018-10-18 16:00:00,30087.0,29213.585,30625.73577575684,19.600000000000023,16,10,0
2018-10-18 17:00:00,29671.0,29259.51633333333,30967.5434047699,19.78000000000003,17,10,0
2018-10-18 18:00:00,31002.0,30572.37,31585.399004364015,19.58000000000004,18,10,0
2018-10-18 19:00:00,32756.0,32809.342000000004,32204.604859828953,18.980000000000018,19,10,0
2018-10-18 20:00:00,31690.0,31778.25,32264.765717697144,18.189999999999998,20,10,0
2018-10-18 21:00:00,28781.999999999996,29823.29,30830.837933349612,16.590000000000032,21,10,0
2018-10-18 22:00:00,26458.999999999996,27836.05,28160.45179195404,16.74000000000001,22,10,0
2018-10-18 23:00:00,25050.0,25552.32,25982.72591648102,15.53000000000003,23,10,0
2018-10-19 00:00:00,23821.0,23945.51,24711.19264879227,14.430000000000007,0,10,0
2018-10-19 01:00:00,22957.0,22958.16,23506.09538831711,14.0,1,10,0
2018-10-19 02:00:00,22735.0,22840.25,22578.77237491608,14.57000000000005,2,10,0
2018-10-19 03:00:00,22678.000000000004,21261.39,22272.752630710605,15.0,3,10,0
2018-10-19 04:00:00,22847.0,22567.09,22696.859942150117,15.0,4,10,0
2018-10-19 05:00:00,24796.0,24942.00666666666,24017.89852228165,14.430000000000007,5,10,0
2018-10-19 06:00:00,28418.0,26780.4,26220.32699928284,14.0,6,10,0
2018-10-19 07:00:00,30446.0,29108.92,28636.76981096268,14.0,7,10,0
2018-10-19 08:00:00,31242.0,31442.5,30470.473442459108,13.260000000000048,8,10,0
2018-10-19 09:00:00,31758.0,32370.74,31568.08252220154,13.120000000000005,9,10,0
2018-10-19 10:00:00,32073.000000000004,31001.94,32107.20819358826,12.980000000000018,10,10,0
2018-10-19 11:00:00,32320.0,31667.82,32224.94415712357,14.189999999999998,11,10,0
2018-10-19 12:00:00,31919.0,31777.36,31995.403100776675,15.370000000000005,12,10,0
2018-10-19 13:00:00,30860.0,30611.35,31524.00509185791,15.57000000000005,13,10,0
2018-10-19 14:00:00,30201.000000000004,29546.72,30993.396043396,16.629999999999995,14,10,0
2018-10-19 15:00:00,29656.0,29219.77,30609.31051130295,16.379999999999995,15,10,0
2018-10-19 16:00:00,29516.0,29315.14,30544.424978733066,15.57000000000005,16,10,0
2018-10-19 17:00:00,29190.0,29491.13,30872.314961338045,15.79000000000002,17,10,0
2018-10-19 18:00:00,30396.999999999996,30579.57,31494.858610248568,15.57000000000005,18,10,0
2018-10-19 19:00:00,31853.0,31600.34,32121.731379699708,15.400000000000034,19,10,0
2018-10-19 20:00:00,30898.0,30917.82,32160.656839179996,14.980000000000018,20,10,0
2018-10-19 21:00:00,28368.0,30149.66,30710.643185615543,15.0,21,10,0
2018-10-19 22:00:00,26331.0,26688.15,28145.823613071443,15.0,22,10,0
2018-10-19 23:00:00,24963.0,24898.41,26050.78564910889,15.0,23,10,0
2018-10-20 00:00:00,23395.0,23444.73,24769.59548816681,14.430000000000007,0,10,1
2018-10-20 01:00:00,22347.0,22617.07,23493.547531318665,14.0,1,10,1
2018-10-20 02:00:00,21799.0,22074.7,22407.280112552646,14.0,2,10,1
2018-10-20 03:00:00,21428.0,21620.32,21862.533665370942,14.0,3,10,1
2018-10-20 04:00:00,21194.999999999996,21557.103333333336,21882.103829574586,14.0,4,10,1
2018-10-20 05:00:00,21647.999999999996,23856.81316666667,22443.06799736023,15.0,5,10,1
2018-10-20 06:00:00,22909.0,23740.417999999998,23578.298672866822,14.0,6,10,1
2018-10-20 07:00:00,24098.000000000004,28908.8,25232.471990776063,14.0,7,10,1
2018-10-20 08:00:00,26121.0,28764.01,27081.01622838974,14.0,8,10,1
2018-10-20 09:00:00,27566.0,27864.25,28641.091606426242,14.0,9,10,1
2018-10-20 10:00:00,28001.0,28564.81,29615.722409152986,14.170000000000016,10,10,1
2018-10-20 11:00:00,28321.0,29567.11,29957.547130012514,15.170000000000016,11,10,1
2018-10-20 12:00:00,28378.0,27923.36,29740.732174205783,15.980000000000018,12,10,1
2018-10-20 13:00:00,27645.0,27614.09,29157.66336555481,17.970000000000027,13,10,1
2018-10-20 14:00:00,26283.0,25761.97,28470.822631931307,19.160000000000025,14,10,1
2018-10-20 15:00:00,25286.0,25091.413333333334,27927.116345691684,20.170000000000016,15,10,1
2018-10-20 16:00:00,24867.0,26097.349500000008,27693.314536190035,19.78000000000003,16,10,1
2018-10-20 17:00:00,24876.999999999996,24836.43,27864.132891464236,18.610000000000014,17,10,1
2018-10-20 18:00:00,26456.000000000004,26397.769,28447.126007652285,19.79000000000002,18,10,1
2018-10-20 19:00:00,28237.0,29183.17,29285.69594573975,18.220000000000027,19,10,1
2018-10-20 20:00:00,28003.000000000004,28176.45,29907.28245124817,16.610000000000014,20,10,1
2018-10-20 21:00:00,26245.0,26438.156500000005,29167.78906373978,16.77000000000004,21,10,1
2018-10-20 22:00:00,24495.0,24481.027333333335,26681.342932319643,16.700000000000045,22,10,1
2018-10-20 23:00:00,22910.0,23192.9025,24473.545173835755,16.350000000000023,23,10,1
2018-10-21 00:00:00,21567.0,23168.99,23226.130943202974,16.57000000000005,0,10,1
2018-10-21 01:00:00,20497.0,21142.14,22017.070816040043,16.0,1,10,1
2018-10-21 02:00:00,19934.0,21458.91,21041.951674842836,15.0,2,10,1
2018-10-21 03:00:00,19685.0,22043.183333333334,20586.087712669374,15.0,3,10,1
2018-10-21 04:00:00,19740.0,22467.760166666667,20663.196357154848,15.0,4,10,1
2018-10-21 05:00:00,20021.0,22119.006666666664,21236.066216850282,14.430000000000007,5,10,1
2018-10-21 06:00:00,20634.0,25709.451499999996,22301.425424003603,14.430000000000007,6,10,1
2018-10-21 07:00:00,21157.0,24987.618333333336,23810.989512348177,14.430000000000007,7,10,1
2018-10-21 08:00:00,22546.0,28908.43,25527.931415557865,14.740000000000009,8,10,1
2018-10-21 09:00:00,24356.000000000004,25964.83,27058.67962675095,14.740000000000009,9,10,1
2018-10-21 10:00:00,25294.000000000004,26847.99,28088.5366271019,15.0,10,10,1
2018-10-21 11:00:00,25513.0,28857.59,28516.601921844485,15.590000000000032,11,10,1
2018-10-21 12:00:00,26015.0,26231.8,28410.17831897736,16.57000000000005,12,10,1
2018-10-21 13:00:00,25760.0,25584.84,27963.504886817933,17.980000000000018,13,10,1
2018-10-21 14:00:00,24455.999999999996,24821.61,27429.228416442875,18.980000000000018,14,10,1
2018-10-21 15:00:00,23490.0,24829.74,27031.4425485611,19.57000000000005,15,10,1
2018-10-21 16:00:00,23179.0,26149.1,26918.714496040346,19.970000000000027,16,10,1
2018-10-21 17:00:00,23209.0,27441.7,27173.539276695254,20.379999999999995,17,10,1
2018-10-21 18:00:00,25162.000000000004,26634.0,27816.261071205143,20.980000000000018,18,10,1
2018-10-21 19:00:00,27625.0,30605.43,28736.801063251496,20.600000000000023,19,10,1
2018-10-21 20:00:00,27498.0,29182.95,29530.221668052676,18.79000000000002,20,10,1
2018-10-21 21:00:00,25994.0,26965.585,29037.395367050172,17.189999999999998,21,10,1
2018-10-21 22:00:00,24489.999999999996,26263.88,26698.03434123993,16.32000000000005,22,10,1
2018-10-21 23:00:00,22875.999999999996,23801.495,24541.770941543582,14.650000000000034,23,10,1
2018-10-22 00:00:00,21577.0,23812.39283333333,23280.573357582096,14.430000000000007,0,10,0
2018-10-22 01:00:00,20936.999999999996,21384.19,22112.540987014774,13.430000000000007,1,10,0
2018-10-22 02:00:00,20724.0,22842.8,21260.94950361252,13.430000000000007,2,10,0
2018-10-22 03:00:00,20673.0,21577.97,21030.48792924881,12.430000000000007,3,10,0
2018-10-22 04:00:00,21339.0,22466.09,21542.759868144993,12.430000000000007,4,10,0
2018-10-22 05:00:00,23925.0,26137.17,23043.853725719455,11.860000000000014,5,10,0
2018-10-22 06:00:00,27651.000000000004,27420.495,25525.26752920151,11.0,6,10,0
2018-10-22 07:00:00,29922.0,28561.37,28210.811696720124,10.430000000000007,7,10,0
2018-10-22 08:00:00,30642.0,31685.03,30241.921271514893,11.230000000000018,8,10,0
2018-10-22 09:00:00,31164.0,29684.29,31457.18573894501,11.200000000000045,9,10,0
2018-10-22 10:00:00,31386.0,31691.47,32046.19274339676,11.78000000000003,10,10,0
2018-10-22 11:00:00,31642.0,31788.76,32145.122792434693,14.420000000000016,11,10,0
2018-10-22 12:00:00,31648.0,29069.916,31844.39175386429,16.379999999999995,12,10,0
2018-10-22 13:00:00,30765.0,29335.36,31315.579790973665,18.78000000000003,13,10,0
2018-10-22 14:00:00,30148.0,30895.18,30793.11866989136,20.57000000000005,14,10,0
2018-10-22 15:00:00,29673.0,31391.41,30497.346708488465,21.170000000000016,15,10,0
2018-10-22 16:00:00,29480.0,26609.48,30558.19612360001,22.57000000000005,16,10,0
2018-10-22 17:00:00,29143.0,29858.59,30968.134294319156,22.980000000000018,17,10,0
2018-10-22 18:00:00,30849.999999999996,28834.44,31595.47586870194,23.0,18,10,0
2018-10-22 19:00:00,32699.0,30884.13,32191.69807405472,22.189999999999998,19,10,0
2018-10-22 20:00:00,31649.0,32555.8,32331.22370014191,20.010000000000048,20,10,0
2018-10-22 21:00:00,28733.0,30081.41,31189.45417251587,17.980000000000018,21,10,0
2018-10-22 22:00:00,26165.000000000004,28008.98,28530.54642686844,18.24000000000001,22,10,0
2018-10-22 23:00:00,24540.0,28335.81,26079.958989334107,17.260000000000048,23,10,0
2018-10-23 00:00:00,23265.0,24163.19,24685.017706775667,16.0,0,10,0
2018-10-23 01:00:00,22469.0,23210.96,23539.83225154877,15.0,1,10,0
2018-10-23 02:00:00,22257.000000000004,21965.81,22634.318434238437,14.0,2,10,0
2018-10-23 03:00:00,22156.0,22547.92,22324.44325780869,12.860000000000014,3,10,0
2018-10-23 04:00:00,22609.0,21828.98,22804.162554264072,12.430000000000007,4,10,0
2018-10-23 05:00:00,24810.000000000004,24647.6,24327.280476856235,11.430000000000007,5,10,0
2018-10-23 06:00:00,28522.999999999996,29544.22,26759.95565929413,11.430000000000007,6,10,0
2018-10-23 07:00:00,30588.999999999996,28042.52,29238.512682724002,10.430000000000007,7,10,0
2018-10-23 08:00:00,31029.0,30372.48,31019.009396171572,12.490000000000009,8,10,0
2018-10-23 09:00:00,31407.0,31139.35,32060.298400115968,11.580000000000041,9,10,0
2018-10-23 10:00:00,31735.0,32045.16,32573.971870422367,12.189999999999998,10,10,0
2018-10-23 11:00:00,31935.0,32173.06,32673.446416854862,13.590000000000032,11,10,0
2018-10-23 12:00:00,31846.000000000004,31884.3,32418.719303894046,15.78000000000003,12,10,0
2018-10-23 13:00:00,30908.0,31923.63,31918.765702915192,17.590000000000032,13,10,0
2018-10-23 14:00:00,30380.0,30554.68,31364.272019863132,18.57000000000005,14,10,0
2018-10-23 15:00:00,30057.0,31966.75,30969.899637889863,20.170000000000016,15,10,0
2018-10-23 16:00:00,29835.0,30794.06,30893.709069728855,21.0,16,10,0
2018-10-23 17:00:00,29423.0,29542.38,31187.456868171696,21.78000000000003,17,10,0
2018-10-23 18:00:00,31074.999999999996,31317.9,31758.72253599167,21.980000000000018,18,10,0
2018-10-23 19:00:00,32790.0,30004.57,32348.625641536713,22.0,19,10,0
2018-10-23 20:00:00,31700.0,32142.67,32445.426534843446,20.420000000000016,20,10,0
2018-10-23 21:00:00,28923.0,29119.5,31112.72154865265,17.010000000000048,21,10,0
2018-10-23 22:00:00,26439.0,27449.234666666664,28346.205979347233,15.32000000000005,22,10,0
2018-10-23 23:00:00,24961.0,25127.655,26001.92250175476,14.650000000000034,23,10,0
2018-10-24 00:00:00,23593.0,23970.71,24679.736326217655,13.430000000000007,0,10,0
2018-10-24 01:00:00,22766.0,23277.26,23506.981722640994,12.430000000000007,1,10,0
2018-10-24 02:00:00,22510.0,22453.62,22580.046938323976,12.0,2,10,0
2018-10-24 03:00:00,22408.0,22796.26,22259.740852165225,11.430000000000007,3,10,0
2018-10-24 04:00:00,22761.0,22961.49,22713.63925199509,10.430000000000007,4,10,0
2018-10-24 05:00:00,24811.999999999996,26012.31,24173.23898973465,10.0,5,10,0
2018-10-24 06:00:00,28444.0,28907.84,26560.401026725773,9.430000000000007,6,10,0
2018-10-24 07:00:00,30409.0,30981.04,29047.684658622744,8.430000000000007,7,10,0
2018-10-24 08:00:00,30820.0,31634.66,30853.621364688875,9.260000000000048,8,10,0
2018-10-24 09:00:00,31365.999999999996,31499.84,31909.47262182236,9.410000000000025,9,10,0
2018-10-24 10:00:00,31602.0,31768.08,32416.609681701662,10.180000000000007,10,10,0
2018-10-24 11:00:00,31580.0,32204.56,32494.69011974335,12.970000000000027,11,10,0
2018-10-24 12:00:00,31540.0,32327.88,32205.21284122467,15.57000000000005,12,10,0
2018-10-24 13:00:00,30643.0,32089.53,31665.227694129946,17.57000000000005,13,10,0
2018-10-24 14:00:00,30097.0,33641.53,31077.483044624332,19.710000000000036,14,10,0
2018-10-24 15:00:00,29838.0,30974.22,30663.98732814789,21.57000000000005,15,10,0
2018-10-24 16:00:00,29645.0,31257.33,30592.843738079075,22.78000000000003,16,10,0
2018-10-24 17:00:00,29358.0,29935.36,30924.471951675416,23.77000000000004,17,10,0
2018-10-24 18:00:00,30881.999999999996,31892.0,31557.585686779024,24.189999999999998,18,10,0
2018-10-24 19:00:00,32827.0,33174.35,32213.597612762453,23.390000000000043,19,10,0
2018-10-24 20:00:00,31672.0,31737.54,32350.67422142029,21.610000000000014,20,10,0
2018-10-24 21:00:00,28601.0,29151.87,30995.368930816654,17.379999999999995,21,10,0
2018-10-24 22:00:00,26194.0,28101.5,28226.46538639069,15.960000000000036,22,10,0
2018-10-24 23:00:00,24638.0,25294.745,25935.669621467594,14.640000000000043,23,10,0
2018-10-25 00:00:00,23402.0,24050.61,24654.7309548378,12.860000000000014,0,10,0
2018-10-25 01:00:00,22613.000000000004,22262.75,23495.747496128086,12.0,1,10,0
2018-10-25 02:00:00,22303.0,22628.729333333336,22584.56895256043,10.430000000000007,2,10,0
2018-10-25 03:00:00,22281.0,22145.67,22274.815860748295,9.430000000000007,3,10,0
2018-10-25 04:00:00,22683.0,22257.07,22719.64093179703,9.430000000000007,4,10,0
2018-10-25 05:00:00,24715.999999999996,24537.23,24136.728363990787,9.0,5,10,0
2018-10-25 06:00:00,28397.0,28147.36,26465.65603837967,9.0,6,10,0
2018-10-25 07:00:00,30508.0,30497.08,28917.806159019474,7.430000000000007,7,10,0
2018-10-25 08:00:00,30918.0,32041.25,30710.04497098923,8.470000000000027,8,10,0
2018-10-25 09:00:00,31395.000000000004,30400.89,31754.691301918032,8.620000000000005,9,10,0
2018-10-25 10:00:00,31501.0,32476.793333333335,32244.20422639847,9.189999999999998,10,10,0
2018-10-25 11:00:00,31814.000000000004,31502.29,32304.2454413414,15.0,11,10,0
2018-10-25 12:00:00,31756.0,31856.94,31987.704444789888,15.189999999999998,12,10,0
2018-10-25 13:00:00,30798.0,31713.723333333335,31440.83372526169,17.57000000000005,13,10,0
2018-10-25 14:00:00,30296.000000000004,31230.69333333333,30858.81728601456,19.379999999999995,14,10,0
2018-10-25 15:00:00,29983.0,31359.86,30465.394722366334,21.360000000000014,15,10,0
2018-10-25 16:00:00,29756.0,30773.8,30423.194953441624,23.0,16,10,0
2018-10-25 17:00:00,29385.0,29974.79,30783.22493247986,24.0,17,10,0
2018-10-25 18:00:00,31025.0,30197.34,31439.358943080904,23.189999999999998,18,10,0
2018-10-25 19:00:00,32624.999999999996,31970.11,32111.383487510684,22.600000000000023,19,10,0
2018-10-25 20:00:00,31575.0,32102.88,32225.051591587067,20.220000000000027,20,10,0
2018-10-25 21:00:00,28621.999999999996,30212.08,30811.384970378876,18.590000000000032,21,10,0
2018-10-25 22:00:00,26338.0,28296.87,28093.49570426941,16.28000000000003,22,10,0
2018-10-25 23:00:00,24886.0,25186.39,25901.86439085007,14.650000000000034,23,10,0
2018-10-26 00:00:00,23654.0,24150.82,24650.267541217807,12.430000000000007,0,10,0
2018-10-26 01:00:00,22803.0,22841.49,23479.002369976046,11.430000000000007,1,10,0
2018-10-26 02:00:00,22524.0,22689.8325,22565.11110620499,11.430000000000007,2,10,0
2018-10-26 03:00:00,22436.0,22719.374666666667,22260.302441406253,10.430000000000007,3,10,0
2018-10-26 04:00:00,22817.0,22778.315,22687.525352287295,10.0,4,10,0
2018-10-26 05:00:00,24817.0,24122.6,24030.473237895967,9.430000000000007,5,10,0
2018-10-26 06:00:00,28643.0,26669.08,26270.288908195496,8.430000000000007,6,10,0
2018-10-26 07:00:00,30539.0,28455.28,28696.845209598545,8.430000000000007,7,10,0
2018-10-26 08:00:00,30980.0,30507.05,30507.20137882233,9.230000000000018,8,10,0
2018-10-26 09:00:00,31445.0,31298.11,31567.779752349856,9.600000000000023,9,10,0
2018-10-26 10:00:00,31781.000000000004,31228.363333333335,32062.451972770694,10.170000000000016,10,10,0
2018-10-26 11:00:00,32054.0,31561.05,32124.607693290713,11.980000000000018,11,10,0
2018-10-26 12:00:00,31922.0,32225.53,31827.221773242953,14.390000000000043,12,10,0
2018-10-26 13:00:00,30884.0,30611.35,31292.54974870682,15.590000000000032,13,10,0
2018-10-26 14:00:00,30193.0,29072.18,30720.10962686539,16.390000000000043,14,10,0
2018-10-26 15:00:00,29730.0,29379.15,30332.696068096164,16.600000000000023,15,10,0
2018-10-26 16:00:00,29545.0,29453.47,30298.800494861604,15.79000000000002,16,10,0
2018-10-26 17:00:00,29479.0,29485.82,30677.5606959343,15.980000000000018,17,10,0
2018-10-26 18:00:00,31137.000000000004,30650.75,31359.62059593201,16.189999999999998,18,10,0
2018-10-26 19:00:00,32202.000000000004,30547.52,32043.482464885714,15.79000000000002,19,10,0
2018-10-26 20:00:00,31147.0,31002.15,32127.22030410767,15.0,20,10,0
2018-10-26 21:00:00,28503.0,29905.28,30671.146370124818,14.600000000000023,21,10,0
2018-10-26 22:00:00,26397.0,27552.16,28067.306112098697,14.5,22,10,0
2018-10-26 23:00:00,25101.999999999996,25067.93,25952.92506132126,13.700000000000045,23,10,0
2018-10-27 00:00:00,23673.0,23297.6,24677.26533355713,14.0,0,10,1
2018-10-27 01:00:00,22481.0,22526.33,23417.195811462403,13.0,1,10,1
2018-10-27 02:00:00,21918.0,22005.1725,22342.570381832124,13.0,2,10,1
2018-10-27 03:00:00,21476.0,21855.87083333333,21804.560563850406,13.0,3,10,1
2018-10-27 04:00:00,21277.0,21669.2980952381,21826.169541168216,12.57000000000005,4,10,1
2018-10-27 05:00:00,21837.000000000004,21943.68,22381.949996089937,13.0,5,10,1
2018-10-27 06:00:00,23140.0,25018.96,23506.510476017,13.0,6,10,1
2018-10-27 07:00:00,24617.999999999996,24148.81,25157.30937509537,12.510000000000048,7,10,1
2018-10-27 08:00:00,26291.0,25866.36,27011.926101589204,12.29000000000002,8,10,1
2018-10-27 09:00:00,27925.0,26965.18,28577.29751033783,11.760000000000048,9,10,1
2018-10-27 10:00:00,28328.000000000004,27634.17,29549.608705329898,10.980000000000018,10,10,1
2018-10-27 11:00:00,28481.0,27775.75,29882.93877849579,11.390000000000043,11,10,1
2018-10-27 12:00:00,28600.0,28180.76,29654.45253324509,11.980000000000018,12,10,1
2018-10-27 13:00:00,27781.999999999996,27893.70833333333,29056.83367986679,12.79000000000002,13,10,1
2018-10-27 14:00:00,26549.0,28398.18,28352.400552845003,11.390000000000043,14,10,1
2018-10-27 15:00:00,25676.0,28196.42,27785.91327695847,9.800000000000011,15,10,1
2018-10-27 16:00:00,25360.999999999996,28053.57,27521.739256286623,8.600000000000023,16,10,1
2018-10-27 17:00:00,25603.0,27841.69,27654.994616413118,7.600000000000023,17,10,1
2018-10-27 18:00:00,27274.0,28339.64,28207.30786819458,7.78000000000003,18,10,1
2018-10-27 19:00:00,28649.000000000004,27743.01,29047.80918493271,8.379999999999995,19,10,1
2018-10-27 20:00:00,28415.0,27996.12,29709.039007472995,7.7900000000000205,20,10,1
2018-10-27 21:00:00,26529.0,27964.35,29069.82104148865,6.78000000000003,21,10,1
2018-10-27 22:00:00,24844.999999999996,25433.48,26679.516546440125,7.3700000000000045,22,10,1
2018-10-27 23:00:00,23114.0,23289.7,24463.224140262606,6.660000000000025,23,10,1
2018-10-28 00:00:00,21573.0,23006.593571428573,23175.409667968754,6.57000000000005,0,10,1
2018-10-28 01:00:00,20546.000000000004,21451.90833333333,21838.16557569504,6.0,1,10,1
2018-10-28 02:00:00,19965.0,20791.2,20691.747065830234,4.430000000000007,2,10,1
2018-10-28 03:00:00,19691.0,20859.27,20070.24235701561,4.430000000000007,3,10,1
2018-10-28 04:00:00,19599.0,21056.37,19998.990111637115,4.0,4,10,1
2018-10-28 05:00:00,19590.0,20909.61,20408.574236965178,3.57000000000005,5,10,1
2018-10-28 06:00:00,20112.0,21143.85,21266.011131858828,3.57000000000005,6,10,1
2018-10-28 07:00:00,20614.999999999996,20844.55,22567.203636550905,3.650000000000034,7,10,1
2018-10-28 08:00:00,22002.999999999996,21849.5,24186.98327598572,3.7600000000000477,8,10,1
2018-10-28 09:00:00,24192.0,24269.7,25773.736584663395,3.980000000000018,9,10,1
2018-10-28 10:00:00,25522.999999999996,26371.77,26933.66497831345,5.57000000000005,10,10,1
2018-10-28 11:00:00,26028.0,25865.89,27479.681105518343,6.7900000000000205,11,10,1
2018-10-28 12:00:00,26231.999999999996,26255.41333333333,27451.897088241578,7.980000000000018,12,10,1
2018-10-28 13:00:00,26832.0,26077.97,27036.794738197328,8.980000000000018,13,10,1
2018-10-28 14:00:00,26579.0,26146.632,26491.494026851655,8.410000000000025,14,10,1
2018-10-28 15:00:00,25248.0,25831.786666666667,26036.413847923282,8.170000000000016,15,10,1
2018-10-28 16:00:00,24613.0,25538.74,25837.809033679965,8.360000000000014,16,10,1
2018-10-28 17:00:00,24575.0,25490.5,26005.841417980195,8.980000000000018,17,10,1
2018-10-28 18:00:00,26517.0,26952.52583333334,26603.699557209016,8.57000000000005,18,10,1
2018-10-28 19:00:00,28268.0,28440.175,27624.668797397615,7.189999999999998,19,10,1
2018-10-28 20:00:00,29017.0,27934.259166666667,28773.492374229434,6.7900000000000205,20,10,1
2018-10-28 21:00:00,28600.0,27732.903333333335,28759.499035358433,7.020000000000039,21,10,1
2018-10-28 22:00:00,27235.0,26097.44,26539.10946941376,6.650000000000034,22,10,1
2018-10-28 23:00:00,25031.0,23518.62,24403.600454711916,6.430000000000007,23,10,1
2018-10-29 00:00:00,23541.0,23230.08,23165.960318565372,5.0,0,10,0
2018-10-29 01:00:00,22371.0,21447.86,21901.17344684601,3.0,1,10,0
2018-10-29 02:00:00,21506.0,20558.75,20919.78403968811,3.57000000000005,2,10,0
2018-10-29 03:00:00,21265.0,20168.27,20589.012860107425,3.430000000000007,3,10,0
2018-10-29 04:00:00,21140.0,20694.0,20999.031606674198,3.0,4,10,0
2018-10-29 05:00:00,21948.0,22523.1,22358.890653514864,3.0,5,10,0
2018-10-29 06:00:00,24931.0,28857.74,24897.635393428805,3.8600000000000136,6,10,0
2018-10-29 07:00:00,28780.999999999996,28957.985,27949.650724411014,4.25,7,10,0
2018-10-29 08:00:00,31412.0,30558.99,30328.28881340027,3.9500000000000455,8,10,0
2018-10-29 09:00:00,69.1,31621.18,31740.07044811249,4.760000000000048,9,10,0
2018-10-29 10:00:00,33661.0,32916.18,32422.55276088715,5.770000000000039,10,10,0
2018-10-29 11:00:00,33975.0,32689.58,32557.40010442734,6.760000000000048,11,10,0
2018-10-29 12:00:00,34176.0,32473.56,32253.516841030123,7.970000000000027,12,10,0
2018-10-29 13:00:00,33961.0,31702.58,31690.27457427979,8.590000000000032,13,10,0
2018-10-29 14:00:00,33048.0,32431.56,31127.801440620424,10.0,14,10,0
2018-10-29 15:00:00,32558.000000000004,32875.71,30798.77851276398,9.79000000000002,15,10,0
2018-10-29 16:00:00,32271.0,32119.33,30889.19193887711,9.980000000000018,16,10,0
2018-10-29 17:00:00,32282.0,32306.87,31439.180699539185,9.980000000000018,17,10,0
2018-10-29 18:00:00,33872.0,32483.62,32310.05178575516,9.78000000000003,18,10,0
2018-10-29 19:00:00,35131.0,32868.85,33191.82258663177,8.980000000000018,19,10,0
2018-10-29 20:00:00,35278.0,32396.4,33659.97314472199,8.980000000000018,20,10,0
2018-10-29 21:00:00,33936.0,29770.15,32873.39172019959,9.240000000000009,21,10,0
2018-10-29 22:00:00,31008.000000000004,27889.86,30003.62186470032,9.0,22,10,0
2018-10-29 23:00:00,28112.0,25712.07,26918.130931568146,8.430000000000007,23,10,0
2018-10-30 00:00:00,26052.0,24092.66333333333,25065.653127574922,8.0,0,10,0
2018-10-30 01:00:00,24492.0,23260.353333333336,23769.514926052096,7.430000000000007,1,10,0
2018-10-30 02:00:00,23647.999999999996,22636.3125,22653.873948287965,7.0,2,10,0
2018-10-30 03:00:00,23310.0,22393.35,22130.482542419435,7.0,3,10,0
2018-10-30 04:00:00,23215.0,22012.14,22334.642206764223,6.430000000000007,4,10,0
2018-10-30 05:00:00,23911.0,24073.5,23549.83586511612,7.0,5,10,0
2018-10-30 06:00:00,26682.000000000004,25995.98,26034.628970813752,6.510000000000048,6,10,0
2018-10-30 07:00:00,30532.0,29395.520000000004,29013.166453838352,7.0,7,10,0
2018-10-30 08:00:00,32861.0,31335.14,31235.712034130098,5.800000000000011,8,10,0
2018-10-30 09:00:00,33697.0,32163.175,32515.7033241272,6.210000000000036,9,10,0
2018-10-30 10:00:00,34094.0,31905.91,33148.52161445618,6.580000000000041,10,10,0
2018-10-30 11:00:00,34350.0,32394.05,33302.1821975708,6.970000000000027,11,10,0
2018-10-30 12:00:00,34270.0,32117.35,33051.94779853821,6.980000000000018,12,10,0
2018-10-30 13:00:00,34200.0,31422.16,32521.08725576401,7.189999999999998,13,10,0
2018-10-30 14:00:00,33456.0,30774.14,31901.649439525605,8.0,14,10,0
2018-10-30 15:00:00,33092.0,30553.79,31437.290829658512,7.980000000000018,15,10,0
2018-10-30 16:00:00,32980.0,31412.81,31313.519002628327,8.180000000000007,16,10,0
2018-10-30 17:00:00,33329.0,31122.13,31651.67630157471,9.260000000000048,17,10,0
2018-10-30 18:00:00,34718.0,32813.22,32370.544713783267,8.580000000000041,18,10,0
2018-10-30 19:00:00,35789.0,32479.93,33167.81586742401,8.580000000000041,19,10,0
2018-10-30 20:00:00,35945.0,33761.65,33510.72714138031,8.189999999999998,20,10,0
2018-10-30 21:00:00,34729.0,30549.76,32430.834981346132,8.75,21,10,0
2018-10-30 22:00:00,31800.0,28262.81,29413.83107700348,9.0,22,10,0
2018-10-30 23:00:00,28793.0,26228.7,26554.71920862198,9.0,23,10,0
2018-10-31 00:00:00,26566.0,24242.00333333333,24893.421032428745,8.0,0,10,0
2018-10-31 01:00:00,24880.0,23150.04,23595.187858867648,8.0,1,10,0
2018-10-31 02:00:00,23940.999999999996,22734.31083333333,22516.392018699647,8.0,2,10,0
2018-10-31 03:00:00,23600.0,22337.56,22047.25501689911,8.0,3,10,0
2018-10-31 04:00:00,23544.0,22630.21,22302.41919279099,8.0,4,10,0
2018-10-31 05:00:00,24085.0,24692.25,23509.5967751503,8.0,5,10,0
2018-10-31 06:00:00,26384.0,27890.455,25891.977978515628,7.430000000000007,6,10,0
2018-10-31 07:00:00,30060.0,29794.55666666667,28787.336769866946,7.0,7,10,0
2018-10-31 08:00:00,32454.0,31102.836,31023.875689029697,7.0,8,10,0
2018-10-31 09:00:00,33604.0,32302.9,32331.484961223603,6.57000000000005,9,10,0
2018-10-31 10:00:00,34296.0,32169.23,32993.03220376968,6.980000000000018,10,10,0
2018-10-31 11:00:00,34398.0,32157.245,33178.212593460084,7.980000000000018,11,10,0
2018-10-31 12:00:00,34366.0,32993.78,32957.05386695862,8.980000000000018,12,10,0
2018-10-31 13:00:00,34363.0,32355.17,32420.113510227206,9.379999999999995,13,10,0
2018-10-31 14:00:00,33430.0,32552.3,31762.758653450015,9.400000000000034,14,10,0
2018-10-31 15:00:00,33102.0,30341.02,31235.038127040865,10.980000000000018,15,10,0
2018-10-31 16:00:00,32815.0,28516.24,31034.160097217562,11.990000000000009,16,10,0
2018-10-31 17:00:00,32802.0,29592.15,31293.233422565463,12.0,17,10,0
2018-10-31 18:00:00,33925.0,31535.78,31963.116602802278,11.210000000000036,18,10,0
2018-10-31 19:00:00,34202.0,31692.49,32714.43998975754,9.79000000000002,19,10,0
2018-10-31 20:00:00,34131.0,31713.67,32998.41857709885,9.170000000000016,20,10,0
2018-10-31 21:00:00,33050.0,29674.07,31784.191828918458,9.300000000000011,21,10,0
2018-10-31 22:00:00,30834.0,27846.63,28859.6352804184,8.57000000000005,22,10,0
2018-10-31 23:00:00,28361.000000000004,27079.205,26271.033624362946,7.0,23,10,0
2018-11-01 00:00:00,28830.0,26239.2425,24769.427011394502,6.57000000000005,0,11,0
2018-11-01 01:00:00,26646.0,24740.99,23472.18760662079,5.0,1,11,0
2018-11-01 02:00:00,25233.0,23190.007999999998,22415.20096254349,6.57000000000005,2,11,0
2018-11-01 03:00:00,24749.0,23275.5025,22000.071753883363,7.0,3,11,0
2018-11-01 04:00:00,24751.0,22379.13,22332.124821949008,6.57000000000005,4,11,0
2018-11-01 05:00:00,25463.0,23481.73,23612.49213256836,6.57000000000005,5,11,0
2018-11-01 06:00:00,28168.999999999996,26564.756666666664,26007.130631542208,5.57000000000005,6,11,0
2018-11-01 07:00:00,32866.0,29371.815,28820.04568061829,5.0,7,11,0
2018-11-01 08:00:00,36037.0,32068.28,30948.214968109132,3.740000000000009,8,11,0
2018-11-01 09:00:00,36999.0,33769.72,32197.130839538575,3.980000000000018,9,11,0
2018-11-01 10:00:00,37470.0,33572.32,32812.322552776335,7.180000000000007,10,11,0
2018-11-01 11:00:00,37359.0,33173.52166666667,32957.19548511505,8.950000000000045,11,11,0
2018-11-01 12:00:00,36964.0,33842.92,32723.449834537507,11.210000000000036,12,11,0
2018-11-01 13:00:00,36807.0,32524.68,32202.25351009369,11.960000000000036,13,11,0
2018-11-01 14:00:00,35636.0,31236.17,31575.490616798405,13.189999999999998,14,11,0
2018-11-01 15:00:00,35082.0,30784.80666666667,31070.96128435135,14.170000000000016,15,11,0
2018-11-01 16:00:00,34864.0,30369.695,30931.516234111787,14.57000000000005,16,11,0
2018-11-01 17:00:00,35250.0,30865.03,31278.61501045227,14.390000000000043,17,11,0
2018-11-01 18:00:00,37024.0,34063.155,32032.236029911044,14.189999999999998,18,11,0
2018-11-01 19:00:00,38201.0,35616.2,32858.98085193634,13.0,19,11,0
2018-11-01 20:00:00,38496.0,34996.56,33219.48451929093,11.57000000000005,20,11,0
2018-11-01 21:00:00,37722.0,34348.44,32179.648322296143,11.980000000000018,21,11,0
2018-11-01 22:00:00,35030.0,31135.97,29532.941713333134,10.860000000000014,22,11,0
2018-11-01 23:00:00,31666.0,28534.92,26987.741138839723,10.29000000000002,23,11,0
2018-11-02 00:00:00,28542.0,27040.955,25327.873794364932,10.29000000000002,0,11,0
2018-11-02 01:00:00,26157.0,25327.66,23894.529574489596,9.29000000000002,1,11,0
2018-11-02 02:00:00,24390.999999999996,24098.71,22692.088875293735,8.720000000000027,2,11,0
2018-11-02 03:00:00,23370.0,23657.479333333336,22119.590152835848,8.430000000000007,3,11,0
2018-11-02 04:00:00,22974.0,22791.52,22276.50307016373,8.860000000000014,4,11,0
2018-11-02 05:00:00,22923.0,22689.04,23322.963578510287,9.430000000000007,5,11,0
2018-11-02 06:00:00,23389.999999999996,25898.05,25405.390201473238,8.430000000000007,6,11,0
2018-11-02 07:00:00,24138.0,30231.69,28017.700690269474,9.0,7,11,0
2018-11-02 08:00:00,24832.0,33688.47,30153.33178958893,9.5,8,11,0
2018-11-02 09:00:00,27303.0,33231.805,31450.305049896244,9.189999999999998,9,11,0
2018-11-02 10:00:00,29408.0,32997.32,32087.81627292633,11.370000000000005,10,11,0
2018-11-02 11:00:00,30203.999999999996,31214.58,32240.49285402298,13.470000000000027,11,11,0
2018-11-02 12:00:00,29838.0,33582.85666666667,32005.807151889803,15.57000000000005,12,11,0
2018-11-02 13:00:00,30014.0,31547.876666666663,31505.370095825197,17.200000000000045,13,11,0
2018-11-02 14:00:00,29814.000000000004,30089.11,30939.297907638553,17.760000000000048,14,11,0
2018-11-02 15:00:00,28485.0,28854.51,30558.75038776398,18.189999999999998,15,11,0
2018-11-02 16:00:00,27806.0,31366.62,30559.700206089023,18.57000000000005,16,11,0
2018-11-02 17:00:00,27538.0,27117.41,31006.205161476137,17.810000000000002,17,11,0
2018-11-02 18:00:00,28800.0,33118.36,31766.67024459839,16.980000000000018,18,11,0
2018-11-02 19:00:00,31815.000000000004,31920.99,32491.889498615266,15.580000000000041,19,11,0
2018-11-02 20:00:00,33319.0,31979.51,32579.470561599734,13.960000000000036,20,11,0
2018-11-02 21:00:00,33586.0,32483.8,31183.852930259705,13.29000000000002,21,11,0
2018-11-02 22:00:00,32515.0,31041.7,28745.976943111422,10.29000000000002,22,11,0
2018-11-02 23:00:00,29957.0,27595.025,26645.52574720383,9.860000000000014,23,11,0
2018-11-03 00:00:00,25428.0,26307.793333333335,25254.98195257187,9.29000000000002,0,11,1
2018-11-03 01:00:00,23640.0,24783.24,23842.56791954041,8.29000000000002,1,11,1
2018-11-03 02:00:00,22485.999999999996,23486.77,22561.96376476288,6.860000000000014,2,11,1
2018-11-03 03:00:00,21697.0,23087.099166666667,21805.869310951235,6.860000000000014,3,11,1
2018-11-03 04:00:00,21240.0,22862.005714285715,21632.343118858338,6.430000000000007,4,11,1
2018-11-03 05:00:00,21355.999999999996,22744.23,22017.700772666933,5.430000000000007,5,11,1
2018-11-03 06:00:00,21715.0,23867.21,22982.511088752748,4.430000000000007,6,11,1
2018-11-03 07:00:00,21857.0,26940.75,24517.446802330018,3.990000000000009,7,11,1
2018-11-03 08:00:00,22907.999999999996,26351.8,26349.639026260378,4.230000000000018,8,11,1
2018-11-03 09:00:00,25214.0,29236.88,27959.847231674197,3.6899999999999977,9,11,1
2018-11-03 10:00:00,27004.000000000004,29962.23583333333,28975.89402008057,6.970000000000027,10,11,1
2018-11-03 11:00:00,27846.999999999996,29946.13,29312.13703222275,9.379999999999995,11,11,1
2018-11-03 12:00:00,27909.000000000004,29009.92,29056.72380371094,10.970000000000027,12,11,1
2018-11-03 13:00:00,28381.0,30188.308333333334,28433.030117702485,12.57000000000005,13,11,1
2018-11-03 14:00:00,28031.0,28371.93,27734.852606487275,14.240000000000009,14,11,1
2018-11-03 15:00:00,26684.999999999996,28423.04,27219.799580001833,15.189999999999998,15,11,1
2018-11-03 16:00:00,25753.0,27742.11,27063.6313788414,16.0,16,11,1
2018-11-03 17:00:00,25732.0,26511.81,27362.916935539248,16.390000000000043,17,11,1
2018-11-03 18:00:00,26215.0,28730.44,28129.625426006318,16.390000000000043,18,11,1
2018-11-03 19:00:00,29062.0,28578.002666666667,29196.964845657352,13.439999999999998,19,11,1
2018-11-03 20:00:00,31250.0,31141.86,29984.898967742924,10.580000000000041,20,11,1
2018-11-03 21:00:00,31395.999999999996,30277.96,29235.399524974826,10.0,21,11,1
2018-11-03 22:00:00,30295.0,28632.65076190476,26881.168592739108,8.340000000000032,22,11,1
2018-11-03 23:00:00,27750.999999999996,25162.006333333335,24810.347333526614,7.0,23,11,1
2018-11-04 00:00:00,27429.0,24670.22133333334,23539.31217107773,6.430000000000007,0,11,1
2018-11-04 01:00:00,25658.0,22911.42,22137.98830471039,5.0,1,11,1
2018-11-04 02:00:00,24471.0,21913.6,20910.26143951416,4.430000000000007,2,11,1
2018-11-04 03:00:00,23965.0,22197.72,20194.948131370544,3.0,3,11,1
2018-11-04 04:00:00,23894.0,22445.22,20023.143332386015,3.0,4,11,1
2018-11-04 05:00:00,24493.0,21069.48,20348.119155168533,2.57000000000005,5,11,1
2018-11-04 06:00:00,27048.0,25250.63,21145.48919734955,2.0,6,11,1
2018-11-04 07:00:00,31216.0,25148.27,22400.43360719681,1.0,7,11,1
2018-11-04 08:00:00,33934.0,22773.62,23970.578524494173,1.990000000000009,8,11,1
2018-11-04 09:00:00,35393.0,23667.91,25499.47837457657,2.920000000000016,9,11,1
2018-11-04 10:00:00,35849.0,27111.21,26599.238585281375,6.420000000000016,10,11,1
2018-11-04 11:00:00,35584.0,27348.956666666665,27097.91273946762,7.7900000000000205,11,11,1
2018-11-04 12:00:00,35720.0,31465.88,27047.18902254105,10.189999999999998,12,11,1
2018-11-04 13:00:00,35336.0,28520.71,26648.372760486604,11.760000000000048,13,11,1
2018-11-04 14:00:00,34227.0,30150.92,26169.539798355105,13.980000000000018,14,11,1
2018-11-04 15:00:00,33620.0,28204.78,25843.844897174837,14.78000000000003,15,11,1
2018-11-04 16:00:00,33282.0,28929.64,25829.289969062807,15.580000000000041,16,11,1
2018-11-04 17:00:00,32932.0,28903.73,26219.694600963594,15.0,17,11,1
2018-11-04 18:00:00,32519.0,28170.26,27062.508200359345,13.82000000000005,18,11,1
2018-11-04 19:00:00,32793.0,29127.79,28296.98878660202,12.0,19,11,1
2018-11-04 20:00:00,34344.0,30082.41,29451.540573692324,10.79000000000002,20,11,1
2018-11-04 21:00:00,35445.0,31640.49,29102.481118392945,11.240000000000009,21,11,1
2018-11-04 22:00:00,32518.0,28578.38,26842.226041412356,11.57000000000005,22,11,1
2018-11-04 23:00:00,29980.0,26901.016,24824.78261871338,11.0,23,11,1
2018-11-05 00:00:00,25577.0,25137.73,23569.034892082218,11.0,0,11,0
2018-11-05 01:00:00,24036.999999999996,23103.44,22244.326448345186,11.0,1,11,0
2018-11-05 02:00:00,23131.999999999996,21870.88,21220.312417793277,11.0,2,11,0
2018-11-05 03:00:00,22736.0,21379.95,20836.956951713564,11.0,3,11,0
2018-11-05 04:00:00,22629.0,21484.62,21203.220571327212,10.57000000000005,4,11,0
2018-11-05 05:00:00,23013.0,22305.14,22538.474684333803,10.0,5,11,0
2018-11-05 06:00:00,25034.000000000004,25303.57,24966.259156990054,10.0,6,11,0
2018-11-05 07:00:00,27501.0,28901.61333333333,27808.628340911866,10.0,7,11,0
2018-11-05 08:00:00,29657.0,31981.02,30050.705018329623,9.53000000000003,8,11,0
2018-11-05 09:00:00,31085.0,31272.08,31412.710312747957,8.189999999999998,9,11,0
2018-11-05 10:00:00,31588.000000000004,32478.26,32097.3584066391,8.200000000000045,10,11,0
2018-11-05 11:00:00,31925.0,33760.67,32270.691705036166,8.189999999999998,11,11,0
2018-11-05 12:00:00,32231.0,33265.56,32037.287891387943,8.79000000000002,12,11,0
2018-11-05 13:00:00,32078.0,34692.92,31555.28317089081,9.0,13,11,0
2018-11-05 14:00:00,31050.0,33471.64,31059.47800521851,8.980000000000018,14,11,0
2018-11-05 15:00:00,30295.0,34438.39,30783.737687873843,9.360000000000014,15,11,0
2018-11-05 16:00:00,29920.0,35526.77,30874.73467845917,9.580000000000041,16,11,0
2018-11-05 17:00:00,29745.0,33694.55,31351.88775625229,8.79000000000002,17,11,0
2018-11-05 18:00:00,29282.0,34823.55,32084.637189483645,7.400000000000034,18,11,0
2018-11-05 19:00:00,28959.0,34244.28,32812.32499446869,7.170000000000016,19,11,0
2018-11-05 20:00:00,29172.0,34418.51,33121.48231334687,7.189999999999998,20,11,0
2018-11-05 21:00:00,30350.0,34696.79,32237.460272121432,7.32000000000005,21,11,0
2018-11-05 22:00:00,29071.000000000004,31547.09,29794.483589649204,7.640000000000043,22,11,0
2018-11-05 23:00:00,26979.0,28153.91,27229.28799648285,8.29000000000002,23,11,0
2018-11-06 00:00:00,23366.0,27282.65,25511.83089618683,8.430000000000007,0,11,0
2018-11-06 01:00:00,21979.0,25974.65,24061.53156461716,8.0,1,11,0
2018-11-06 02:00:00,21092.0,22060.06,22816.2709066391,8.0,2,11,0
2018-11-06 03:00:00,20860.0,21123.02166666667,22187.290956687928,8.430000000000007,3,11,0
2018-11-06 04:00:00,20942.0,20677.26,22308.948278141022,8.0,4,11,0
2018-11-06 05:00:00,21494.0,21897.91,23435.039699172976,7.0,5,11,0
2018-11-06 06:00:00,23772.0,22883.80957142857,25838.93221216202,7.430000000000007,6,11,0
2018-11-06 07:00:00,26655.0,27137.32666666667,28858.07259731293,6.650000000000034,7,11,0
2018-11-06 08:00:00,29072.999999999996,30195.15,31220.00218553543,6.5,8,11,0
2018-11-06 09:00:00,30517.0,32472.045,32629.26887712479,5.980000000000018,9,11,0
2018-11-06 10:00:00,31229.0,32715.79,33358.54622383118,7.3799999999999955,10,11,0
2018-11-06 11:00:00,31896.0,33461.16,33592.699637031554,8.400000000000034,11,11,0
2018-11-06 12:00:00,32249.0,34740.32,33406.750114250186,9.78000000000003,12,11,0
2018-11-06 13:00:00,32175.0,33881.62,32911.86302490235,10.590000000000032,13,11,0
2018-11-06 14:00:00,31266.000000000004,32639.98,32309.414504051212,10.79000000000002,14,11,0
2018-11-06 15:00:00,30684.000000000004,32791.17,31849.436290264133,10.78000000000003,15,11,0
2018-11-06 16:00:00,30403.0,32686.73,31757.57494058609,10.79000000000002,16,11,0
2018-11-06 17:00:00,30445.0,33244.97,32125.40368499756,10.189999999999998,17,11,0
2018-11-06 18:00:00,29822.0,34633.18,32824.04267606735,9.57000000000005,18,11,0
2018-11-06 19:00:00,29694.0,33931.85,33520.15207386017,9.189999999999998,19,11,0
2018-11-06 20:00:00,29992.0,34286.16,33755.24065523148,8.980000000000018,20,11,0
2018-11-06 21:00:00,30419.0,33749.95,32675.46813812256,9.760000000000048,21,11,0
2018-11-06 22:00:00,29450.0,31642.97,29926.139641284946,9.730000000000018,22,11,0
2018-11-06 23:00:00,26998.0,28915.48,27186.453387546542,10.0,23,11,0
2018-11-07 00:00:00,29111.0,27209.04,25416.158064746858,10.0,0,11,0
2018-11-07 01:00:00,27364.0,24742.46,23978.2136964798,10.0,1,11,0
2018-11-07 02:00:00,26083.0,23681.071999999996,22761.608739948275,10.0,2,11,0
2018-11-07 03:00:00,25562.0,23425.607000000004,22167.071302318574,10.0,3,11,0
2018-11-07 04:00:00,25216.0,23352.221833333337,22317.377000141147,10.0,4,11,0
2018-11-07 05:00:00,25471.0,23886.96,23433.557591915134,10.0,5,11,0
2018-11-07 06:00:00,27062.0,25413.762000000002,25717.55324363709,10.0,6,11,0
2018-11-07 07:00:00,29448.0,27959.94,28542.532694625857,10.0,7,11,0
2018-11-07 08:00:00,31759.0,34472.52,30770.804043483735,9.510000000000048,8,11,0
2018-11-07 09:00:00,34042.0,33502.86,32098.83563051224,9.0,9,11,0
2018-11-07 10:00:00,35443.0,31635.37958333333,32764.619209289554,9.0,10,11,0
2018-11-07 11:00:00,36179.0,32984.37,32957.89625082016,9.360000000000014,11,11,0
2018-11-07 12:00:00,37273.0,33174.97,32760.473215675356,10.170000000000016,12,11,0
2018-11-07 13:00:00,37542.0,34807.01,32280.617184448245,12.170000000000016,13,11,0
2018-11-07 14:00:00,36889.0,32174.48,31699.889958763124,13.189999999999998,14,11,0
2018-11-07 15:00:00,36131.0,32033.16,31255.36521587372,13.189999999999998,15,11,0
2018-11-07 16:00:00,35948.0,32625.125,31157.89529886246,12.430000000000007,16,11,0
2018-11-07 17:00:00,35751.0,32398.24,31506.622684001926,12.610000000000014,17,11,0
2018-11-07 18:00:00,34994.0,34376.09,32187.83775844574,12.0,18,11,0
2018-11-07 19:00:00,34307.0,33759.01,32887.060313987735,11.170000000000016,19,11,0
2018-11-07 20:00:00,33774.0,31881.49,33085.65291976929,10.370000000000005,20,11,0
2018-11-07 21:00:00,33286.0,33751.19,31897.794007301334,10.760000000000048,21,11,0
2018-11-07 22:00:00,32449.0,30674.43,29304.53116054535,9.680000000000007,22,11,0
2018-11-07 23:00:00,30186.0,28851.84,26881.603213977814,9.0,23,11,0
2018-11-08 00:00:00,27447.0,26082.452999999998,25303.723015308384,8.29000000000002,0,11,0
2018-11-08 01:00:00,25972.000000000004,24973.886000000002,23872.59585208893,8.430000000000007,1,11,0
2018-11-08 02:00:00,24738.0,22957.462333333333,22669.596005344392,7.57000000000005,2,11,0
2018-11-08 03:00:00,23960.0,23275.5025,22093.18813343048,7.0,3,11,0
2018-11-08 04:00:00,23329.0,22446.23,22259.394131851197,6.0,4,11,0
2018-11-08 05:00:00,23135.0,24027.68,23357.115529441835,6.0,5,11,0
2018-11-08 06:00:00,23333.0,25920.586666666666,25551.842908763887,5.430000000000007,6,11,0
2018-11-08 07:00:00,23474.0,28278.19,28262.985778903963,5.7000000000000455,7,11,0
2018-11-08 08:00:00,24803.0,31651.83,30435.134829044346,6.240000000000009,8,11,0
2018-11-08 09:00:00,27012.0,33428.68,31751.54151878357,6.610000000000014,9,11,0
2018-11-08 10:00:00,28746.000000000004,33950.4,32408.464196014407,7.3799999999999955,10,11,0
2018-11-08 11:00:00,29747.000000000004,31058.82,32574.191622734073,8.210000000000036,11,11,0
2018-11-08 12:00:00,30608.0,31948.2,32341.781577873233,9.620000000000005,12,11,0
2018-11-08 13:00:00,31266.000000000004,31584.31,31828.371810340883,10.360000000000014,13,11,0
2018-11-08 14:00:00,31304.0,29986.89,31252.47181043625,11.550000000000011,14,11,0
2018-11-08 15:00:00,30673.0,30625.81583333333,30851.26268987656,11.980000000000018,15,11,0
2018-11-08 16:00:00,30164.0,29677.64,30828.04952068329,12.189999999999998,16,11,0
2018-11-08 17:00:00,29722.0,30657.88,31267.44182624817,11.180000000000007,17,11,0
2018-11-08 18:00:00,29602.0,32689.26,32063.531200790407,11.0,18,11,0
2018-11-08 19:00:00,29336.0,32958.77,32847.74906711579,10.189999999999998,19,11,0
2018-11-08 20:00:00,29473.0,32779.81,33060.64999008179,9.580000000000041,20,11,0
2018-11-08 21:00:00,30529.0,33781.7,31833.111135196687,10.0,21,11,0
2018-11-08 22:00:00,29873.0,31894.58,29301.938083267214,10.430000000000007,22,11,0
2018-11-08 23:00:00,28098.0,27661.78,26959.024395084383,9.510000000000048,23,11,0
2018-11-09 00:00:00,25789.0,25713.808333333334,25385.60272665024,9.0,0,11,0
2018-11-09 01:00:00,24456.999999999996,24894.93,23926.266691684727,9.0,1,11,0
2018-11-09 02:00:00,23568.0,24134.49,22698.803529262546,8.0,2,11,0
2018-11-09 03:00:00,23191.0,23201.4285,22102.019734668735,7.430000000000007,3,11,0
2018-11-09 04:00:00,22932.0,22970.825,22231.47582149506,7.0,4,11,0
2018-11-09 05:00:00,23229.999999999996,23883.05,23238.89366912842,6.860000000000014,5,11,0
2018-11-09 06:00:00,24750.0,25318.085,25303.715690231325,6.860000000000014,6,11,0
2018-11-09 07:00:00,27292.0,29279.19,27961.51979093552,6.600000000000023,7,11,0
2018-11-09 08:00:00,28402.0,32062.5,30167.708474159244,6.480000000000018,8,11,0
2018-11-09 09:00:00,29852.0,31462.34133333333,31523.690113544468,6.288000000000011,9,11,0
2018-11-09 10:00:00,30828.0,33688.03,32205.73292169571,7.160000000000025,10,11,0
2018-11-09 11:00:00,31642.0,33140.09,32391.484667396548,8.760000000000048,11,11,0
2018-11-09 12:00:00,32488.0,32829.44,32179.0671995163,9.760000000000048,12,11,0
2018-11-09 13:00:00,32952.0,32766.56,31687.569179153445,10.980000000000018,13,11,0
2018-11-09 14:00:00,32326.0,30525.905,31106.248622226718,12.0,14,11,0
2018-11-09 15:00:00,31720.999999999996,31365.51,30686.126152706147,12.600000000000023,15,11,0
2018-11-09 16:00:00,31598.0,29272.28,30639.4190196991,12.79000000000002,16,11,0
2018-11-09 17:00:00,31493.999999999996,31539.31,31065.76780471802,12.379999999999995,17,11,0
2018-11-09 18:00:00,30950.0,31176.39,31841.205345344544,11.379999999999995,18,11,0
2018-11-09 19:00:00,30708.0,31041.16,32606.294993782045,10.590000000000032,19,11,0
2018-11-09 20:00:00,31815.999999999996,33427.68,32748.96551961899,10.189999999999998,20,11,0
2018-11-09 21:00:00,32479.0,31119.75,31433.176578044895,10.490000000000009,21,11,0
2018-11-09 22:00:00,29879.999999999996,31041.7,29014.003954315187,10.300000000000011,22,11,0
2018-11-09 23:00:00,27483.0,28429.41,26867.006777095798,10.430000000000007,23,11,0
2018-11-10 00:00:00,24978.0,26977.74,25395.79679222107,10.430000000000007,0,11,1
2018-11-10 01:00:00,23732.0,23795.51,23934.106965827945,10.430000000000007,1,11,1
2018-11-10 02:00:00,22989.0,24825.38,22604.046332454684,10.430000000000007,2,11,1
2018-11-10 03:00:00,22614.000000000004,24513.73,21815.399236202244,10.430000000000007,3,11,1
2018-11-10 04:00:00,22544.0,23936.42,21620.207907867432,10.430000000000007,4,11,1
2018-11-10 05:00:00,23043.0,23301.12,21987.335886573794,10.430000000000007,5,11,1
2018-11-10 06:00:00,25107.0,23786.46,22941.3929895401,10.430000000000007,6,11,1
2018-11-10 07:00:00,28403.0,23955.123333333337,24491.367086315156,10.0,7,11,1
2018-11-10 08:00:00,30168.000000000004,26590.72,26392.53711919785,10.5,8,11,1
2018-11-10 09:00:00,30884.0,28973.23,28123.194008350376,10.760000000000048,9,11,1
2018-11-10 10:00:00,31432.0,28174.95,29270.117948532108,10.189999999999998,10,11,1
2018-11-10 11:00:00,31793.0,29501.79,29737.89981107712,10.78000000000003,11,11,1
2018-11-10 12:00:00,32235.000000000004,30459.88,29598.315584373475,11.57000000000005,12,11,1
2018-11-10 13:00:00,32168.000000000004,30652.57333333333,29041.87098913193,13.0,13,11,1
2018-11-10 14:00:00,31137.999999999996,29054.329166666666,28349.136010169987,12.57000000000005,14,11,1
2018-11-10 15:00:00,30494.999999999996,28921.33,27792.18354291916,12.770000000000039,15,11,1
2018-11-10 16:00:00,30233.000000000004,29041.99,27561.243396854403,12.760000000000048,16,11,1
2018-11-10 17:00:00,30005.000000000004,27357.06,27772.120156860354,12.379999999999995,17,11,1
2018-11-10 18:00:00,29438.0,29176.4,28448.42742967606,12.370000000000005,18,11,1
2018-11-10 19:00:00,29989.0,29854.93,29420.709324359897,12.189999999999998,19,11,1
2018-11-10 20:00:00,31788.0,30657.605333333333,30116.791863536837,13.0,20,11,1
2018-11-10 21:00:00,30847.000000000004,30820.68,29363.827659320832,13.0,21,11,1
2018-11-10 22:00:00,28086.0,28838.23,27038.430672073366,12.520000000000039,22,11,1
2018-11-10 23:00:00,25972.000000000004,26825.92,24937.842741394044,12.0,23,11,1
2018-11-11 00:00:00,24688.0,26391.57,23640.373817539217,12.430000000000007,0,11,1
2018-11-11 01:00:00,22935.000000000004,24501.11,22260.1925652504,12.430000000000007,1,11,1
2018-11-11 02:00:00,21844.0,23684.72,21081.42651510239,12.0,2,11,1
2018-11-11 03:00:00,21044.0,22994.79,20434.895680522917,12.0,3,11,1
2018-11-11 04:00:00,20723.0,22759.97,20351.16272468567,12.0,4,11,1
2018-11-11 05:00:00,20788.0,22655.13,20786.304043865206,12.400000000000034,5,11,1
2018-11-11 06:00:00,21136.0,23521.71,21730.084063720704,13.0,6,11,1
2018-11-11 07:00:00,21474.0,24186.565,23159.763303375246,13.0,7,11,1
2018-11-11 08:00:00,22154.0,27289.39,24882.062279605867,12.760000000000048,8,11,1
2018-11-11 09:00:00,24239.0,28896.73,26508.324612236025,11.78000000000003,9,11,1
2018-11-11 10:00:00,25997.0,31037.21,27674.337703228,13.0,10,11,1
2018-11-11 11:00:00,26512.0,30169.57,28228.299097347262,12.760000000000048,11,11,1
2018-11-11 12:00:00,26446.0,28669.35,28219.684806728364,14.140000000000043,12,11,1
2018-11-11 13:00:00,26888.0,30197.09,27830.61089715958,14.57000000000005,13,11,1
2018-11-11 14:00:00,26739.0,32787.38,27323.603246974948,15.57000000000005,14,11,1
2018-11-11 15:00:00,25540.0,27713.93,26938.406744861604,15.770000000000039,15,11,1
2018-11-11 16:00:00,24815.0,28081.77,26849.54135169983,15.770000000000039,16,11,1
2018-11-11 17:00:00,24940.999999999996,28560.76,27161.421157550812,15.980000000000018,17,11,1
2018-11-11 18:00:00,27147.0,28219.34,27907.616990566257,16.260000000000048,18,11,1
2018-11-11 19:00:00,28672.0,30591.44,28967.84376039505,14.600000000000023,19,11,1
2018-11-11 20:00:00,29547.0,34942.15,29834.461418533327,13.980000000000018,20,11,1
2018-11-11 21:00:00,29529.0,32346.81,29295.09401960373,14.230000000000018,21,11,1
2018-11-11 22:00:00,28381.0,30776.01,27073.02456932068,13.700000000000045,22,11,1
2018-11-11 23:00:00,26350.0,28358.87,25013.49613723755,14.0,23,11,1
2018-11-12 00:00:00,27094.0,24800.47,23709.405343723298,13.0,0,11,0
2018-11-12 01:00:00,25213.0,23619.18,22392.405322742463,13.0,1,11,0
2018-11-12 02:00:00,24014.0,23726.88,21373.870449829104,13.0,2,11,0
2018-11-12 03:00:00,23604.0,22291.75,20987.904814624788,11.57000000000005,3,11,0
2018-11-12 04:00:00,23518.999999999996,22382.83,21348.948095989228,11.57000000000005,4,11,0
2018-11-12 05:00:00,24182.0,22305.14,22694.950538730624,10.0,5,11,0
2018-11-12 06:00:00,26884.0,25229.04,25114.291639232637,10.430000000000007,6,11,0
2018-11-12 07:00:00,31576.0,26427.32,27904.298730659488,9.300000000000011,7,11,0
2018-11-12 08:00:00,34372.0,31713.56,30095.148702526094,9.740000000000009,8,11,0
2018-11-12 09:00:00,35075.0,32416.41,31426.686559772494,10.0,9,11,0
2018-11-12 10:00:00,35218.0,33699.78,32090.7096783638,10.78000000000003,10,11,0
2018-11-12 11:00:00,35061.0,31907.55,32247.388193225863,11.390000000000043,11,11,0
2018-11-12 12:00:00,34725.0,33326.81,32000.301135635378,11.210000000000036,12,11,0
2018-11-12 13:00:00,34552.0,32801.53,31516.58723049164,11.590000000000032,13,11,0
2018-11-12 14:00:00,33561.0,32390.77,31028.84941635132,12.760000000000048,14,11,0
2018-11-12 15:00:00,33386.0,31684.6475,30760.258374214176,12.78000000000003,15,11,0
2018-11-12 16:00:00,33334.0,32333.3,30856.197350120547,13.390000000000043,16,11,0
2018-11-12 17:00:00,34162.0,31530.47,31319.24477119446,13.980000000000018,17,11,0
2018-11-12 18:00:00,35889.0,29357.4275,32007.79224777222,13.600000000000023,18,11,0
2018-11-12 19:00:00,36295.0,34951.13,32670.33814249039,12.600000000000023,19,11,0
2018-11-12 20:00:00,36353.0,34120.96133333333,32905.534158325194,12.390000000000043,20,11,0
2018-11-12 21:00:00,35476.0,33224.35,31938.086814498904,12.520000000000039,21,11,0
2018-11-12 22:00:00,32710.0,30281.08,29480.286617755894,12.25,22,11,0
2018-11-12 23:00:00,29497.0,28015.26,26957.891449832918,12.0,23,11,0
2018-11-13 00:00:00,26186.0,25036.31,25298.915323066714,11.57000000000005,0,11,0
2018-11-13 01:00:00,24407.0,23234.7,23909.38483076096,10.430000000000007,1,11,0
2018-11-13 02:00:00,23344.0,22770.257,22747.705743694307,10.0,2,11,0
2018-11-13 03:00:00,23016.0,22862.5365,22195.353424835208,9.0,3,11,0
2018-11-13 04:00:00,22948.0,21183.86666666667,22401.02938013077,8.430000000000007,4,11,0
2018-11-13 05:00:00,23548.000000000004,23216.85,23642.500531578065,8.0,5,11,0
2018-11-13 06:00:00,25983.0,22883.80957142857,26058.025266933444,7.430000000000007,6,11,0
2018-11-13 07:00:00,29991.0,30085.73,28861.959771537782,8.340000000000032,7,11,0
2018-11-13 08:00:00,32068.0,27639.57,30978.723914051057,7.710000000000036,8,11,0
2018-11-13 09:00:00,33006.0,26838.41,32231.219306468967,7.600000000000023,9,11,0
2018-11-13 10:00:00,33311.0,32581.59,32860.38238334656,9.560000000000002,10,11,0
2018-11-13 11:00:00,33207.0,32367.05,33013.55951137543,10.990000000000009,11,11,0
2018-11-13 12:00:00,33160.0,32265.93,32767.30751256943,11.79000000000002,12,11,0
2018-11-13 13:00:00,33032.0,31644.574,32239.018071842194,13.189999999999998,13,11,0
2018-11-13 14:00:00,32061.0,32612.81,31638.881833648684,15.379999999999995,14,11,0
2018-11-13 15:00:00,31511.0,31646.08,31209.981480121616,16.590000000000032,15,11,0
2018-11-13 16:00:00,31248.0,31673.4,31146.409578037263,17.0,16,11,0
2018-11-13 17:00:00,31655.999999999996,31591.62,31529.42809057236,17.590000000000032,17,11,0
2018-11-13 18:00:00,33649.0,33585.26,32236.844965648652,17.210000000000036,18,11,0
2018-11-13 19:00:00,34538.0,28935.085,32953.47922935486,14.610000000000014,19,11,0
2018-11-13 20:00:00,34777.0,32430.96,33188.99266519547,12.79000000000002,20,11,0
2018-11-13 21:00:00,33463.0,31791.17,32054.831450939182,12.980000000000018,21,11,0
2018-11-13 22:00:00,30848.999999999996,31252.02,29401.717841243746,11.700000000000045,22,11,0
2018-11-13 23:00:00,28019.0,30349.89,26859.532756805424,10.990000000000009,23,11,0
2018-11-14 00:00:00,26117.0,27639.29,25232.73325185776,10.430000000000007,0,11,0
2018-11-14 01:00:00,24435.0,24224.49,23852.307830333713,10.430000000000007,1,11,0
2018-11-14 02:00:00,23467.0,23681.071999999996,22700.88629283905,10.0,2,11,0
2018-11-14 03:00:00,23120.0,23988.25333333333,22164.21696395874,9.0,3,11,0
2018-11-14 04:00:00,23042.0,23532.54,22384.938627529147,8.0,4,11,0
2018-11-14 05:00:00,23711.000000000004,24440.75,23605.52354259491,8.0,5,11,0
2018-11-14 06:00:00,26196.000000000004,25263.93457142857,25937.012552261356,7.57000000000005,6,11,0
2018-11-14 07:00:00,30035.0,29289.74,28646.93457622528,7.689999999999998,7,11,0
2018-11-14 08:00:00,32063.0,32295.62,30712.7283908844,8.400000000000034,8,11,0
2018-11-14 09:00:00,32960.0,31709.01,31934.548802280427,8.400000000000034,9,11,0
2018-11-14 10:00:00,33225.0,33795.16,32533.1003821373,9.600000000000023,10,11,0
2018-11-14 11:00:00,33260.0,33123.44,32663.32804374695,11.200000000000045,11,11,0
2018-11-14 12:00:00,33299.0,33535.95,32405.50974826813,12.800000000000011,12,11,0
2018-11-14 13:00:00,33179.0,33595.52,31877.498660469057,14.170000000000016,13,11,0
2018-11-14 14:00:00,32171.999999999996,31963.27,31290.606161594395,14.78000000000003,14,11,0
2018-11-14 15:00:00,31693.0,30363.01,30892.698209095004,15.57000000000005,15,11,0
2018-11-14 16:00:00,31380.0,32010.77,30872.271010875706,16.189999999999998,16,11,0
2018-11-14 17:00:00,31664.0,32928.98,31294.61542043686,16.189999999999998,17,11,0
2018-11-14 18:00:00,33438.0,35165.46,32038.782207107546,15.600000000000023,18,11,0
2018-11-14 19:00:00,34092.0,28021.4,32782.89771823883,14.600000000000023,19,11,0
2018-11-14 20:00:00,34270.0,34875.9,32993.43019962311,15.0,20,11,0
2018-11-14 21:00:00,33133.0,33190.71,31776.559098625185,14.740000000000009,21,11,0
2018-11-14 22:00:00,30453.0,31122.49,29178.45925931931,14.04000000000002,22,11,0
2018-11-14 23:00:00,27708.0,27704.49,26767.043892192843,13.0,23,11,0
2018-11-15 00:00:00,25900.0,24952.74,25207.835314941407,12.57000000000005,0,11,0
2018-11-15 01:00:00,24272.0,23697.39,23830.610952091218,12.0,1,11,0
2018-11-15 02:00:00,23286.0,21950.075,22703.655171966555,12.0,2,11,0
2018-11-15 03:00:00,22953.0,22694.51,22201.98506126404,11.430000000000007,3,11,0
2018-11-15 04:00:00,22911.0,22498.035,22447.443510055546,11.430000000000007,4,11,0
2018-11-15 05:00:00,23604.0,22375.21,23646.51467380524,11.430000000000007,5,11,0
2018-11-15 06:00:00,26178.0,24294.97,25878.614596271516,11.430000000000007,6,11,0
2018-11-15 07:00:00,29926.0,26916.33,28476.73885250092,11.689999999999998,7,11,0
2018-11-15 08:00:00,31718.000000000004,28179.03,30489.5088760376,11.990000000000009,8,11,0
2018-11-15 09:00:00,32670.0,32174.11,31692.909160327912,10.980000000000018,9,11,0
2018-11-15 10:00:00,33228.0,33726.54,32293.103999137882,11.370000000000005,10,11,0
2018-11-15 11:00:00,33271.0,34005.42,32443.348654651643,12.370000000000005,11,11,0
2018-11-15 12:00:00,33383.0,33389.53,32226.807168388368,14.170000000000016,12,11,0
2018-11-15 13:00:00,33176.0,32126.453666666668,31748.57242088318,16.360000000000014,13,11,0
2018-11-15 14:00:00,32148.0,32120.68,31197.609424972536,15.980000000000018,14,11,0
2018-11-15 15:00:00,31717.000000000004,31553.28,30816.50275754929,17.0,15,11,0
2018-11-15 16:00:00,31567.0,32380.63,30786.67992715836,17.189999999999998,16,11,0
2018-11-15 17:00:00,31969.0,31983.39,31177.648589992525,15.82000000000005,17,11,0
2018-11-15 18:00:00,33669.0,33461.3,31876.976138305665,14.020000000000039,18,11,0
2018-11-15 19:00:00,34310.0,35668.22,32567.579519844057,13.200000000000045,19,11,0
2018-11-15 20:00:00,34259.0,34732.06666666667,32680.88381175995,12.580000000000041,20,11,0
2018-11-15 21:00:00,32939.0,33379.22,31373.318490028385,12.990000000000009,21,11,0
2018-11-15 22:00:00,30433.0,31020.0,28910.149011802674,12.990000000000009,22,11,0
2018-11-15 23:00:00,27866.0,28188.78,26714.27892045975,13.0,23,11,0
2018-11-16 00:00:00,26016.0,25977.08,25261.244893455507,13.0,0,11,0
2018-11-16 01:00:00,24404.0,23527.77,23856.42208194733,13.0,1,11,0
2018-11-16 02:00:00,23357.999999999996,23042.081833333337,22712.81884336472,13.0,2,11,0
2018-11-16 03:00:00,22960.0,22405.01833333333,22210.106130027772,13.0,3,11,0
2018-11-16 04:00:00,22982.0,22282.7025,22445.795367717747,12.57000000000005,4,11,0
2018-11-16 05:00:00,23532.0,22291.32,23577.302462387088,12.0,5,11,0
2018-11-16 06:00:00,26108.0,22900.77,25692.669956874848,12.0,6,11,0
2018-11-16 07:00:00,29921.0,25384.64,28222.19974985123,12.350000000000023,7,11,0
2018-11-16 08:00:00,31866.0,29220.65,30244.336105251314,11.990000000000009,8,11,0
2018-11-16 09:00:00,32854.0,31716.57,31478.452879333498,11.79000000000002,9,11,0
2018-11-16 10:00:00,33276.0,32814.74,32100.295762538914,12.0,10,11,0
2018-11-16 11:00:00,33289.0,33354.11,32269.71502809525,12.600000000000023,11,11,0
2018-11-16 12:00:00,33257.0,31680.35,32076.694364261628,13.390000000000043,12,11,0
2018-11-16 13:00:00,32949.0,33022.48,31626.829640197757,14.189999999999998,13,11,0
2018-11-16 14:00:00,31998.0,32056.9,31104.117024803163,14.580000000000041,14,11,0
2018-11-16 15:00:00,31273.0,31541.33,30732.730734634402,16.0,15,11,0
2018-11-16 16:00:00,30847.000000000004,31257.96,30701.364754676822,15.379999999999995,16,11,0
2018-11-16 17:00:00,31118.0,31564.08,31091.50324211121,15.57000000000005,17,11,0
2018-11-16 18:00:00,32775.0,33245.08,31784.445764923097,15.580000000000041,18,11,0
2018-11-16 19:00:00,33242.0,32503.32,32453.5158616066,13.990000000000009,19,11,0
2018-11-16 20:00:00,33216.0,31942.55,32512.260537910464,14.0,20,11,0
2018-11-16 21:00:00,31923.0,31733.18,31149.21508255005,14.0,21,11,0
2018-11-16 22:00:00,29806.0,29827.828095238096,28778.40505924225,13.740000000000009,22,11,0
2018-11-16 23:00:00,27569.0,27696.26,26706.712115859988,14.0,23,11,0
2018-11-17 00:00:00,25937.000000000004,25480.79,25307.856800460817,14.0,0,11,1
2018-11-17 01:00:00,24397.0,23503.04,23886.811384963992,12.430000000000007,1,11,1
2018-11-17 02:00:00,23080.0,22476.606833333335,22627.493904113773,13.0,2,11,1
2018-11-17 03:00:00,22437.0,22184.21,21916.2728723526,13.0,3,11,1
2018-11-17 04:00:00,22104.0,23462.28,21794.842628288272,11.0,4,11,1
2018-11-17 05:00:00,22093.0,23301.12,22234.034715080263,10.430000000000007,5,11,1
2018-11-17 06:00:00,22639.0,23309.42,23264.17251005173,9.860000000000014,6,11,1
2018-11-17 07:00:00,23714.999999999996,24253.143333333333,24861.847508621217,10.340000000000032,7,11,1
2018-11-17 08:00:00,25125.0,26518.95,26731.734579086307,10.470000000000027,8,11,1
2018-11-17 09:00:00,27427.999999999996,28016.94,28362.826579189303,9.730000000000018,9,11,1
2018-11-17 10:00:00,28889.0,29675.56,29407.018755340578,10.360000000000014,10,11,1
2018-11-17 11:00:00,29043.0,30579.82,29792.369084072114,11.57000000000005,11,11,1
2018-11-17 12:00:00,28886.0,29761.36,29590.95632362366,13.360000000000014,12,11,1
2018-11-17 13:00:00,28855.0,29586.02,28998.70675172806,14.160000000000025,13,11,1
2018-11-17 14:00:00,28263.000000000004,28570.11,28303.544730567934,14.980000000000018,14,11,1
2018-11-17 15:00:00,27212.0,28268.36,27769.92751712799,16.150000000000034,15,11,1
2018-11-17 16:00:00,26411.0,26286.97,27583.15758571625,16.600000000000023,16,11,1
2018-11-17 17:00:00,26772.0,27853.49,27846.025300979618,15.580000000000041,17,11,1
2018-11-17 18:00:00,28662.0,29107.94,28562.952567768098,15.0,18,11,1
2018-11-17 19:00:00,29320.0,28645.216666666664,29535.608041381838,13.770000000000039,19,11,1
2018-11-17 20:00:00,29312.0,29463.63333333333,30184.50487585068,13.770000000000039,20,11,1
2018-11-17 21:00:00,28929.0,30660.02,29374.529596900942,13.330000000000041,21,11,1
2018-11-17 22:00:00,27546.0,28770.0,27059.629445075992,12.0,22,11,1
2018-11-17 23:00:00,25827.0,27743.431428571428,24976.091852092744,10.0,23,11,1
2018-11-18 00:00:00,24069.999999999996,26117.12,23673.138887214664,9.430000000000007,0,11,1
2018-11-18 01:00:00,22387.000000000004,23344.524333333335,22269.446579265597,9.0,1,11,1
2018-11-18 02:00:00,21196.999999999996,23466.79,21063.497168159487,8.860000000000014,2,11,1
2018-11-18 03:00:00,20555.0,22924.19,20381.576444625854,9.0,3,11,1
2018-11-18 04:00:00,20214.0,22023.01,20262.023861980437,9.430000000000007,4,11,1
2018-11-18 05:00:00,20264.0,23040.78,20662.28316421509,8.860000000000014,5,11,1
2018-11-18 06:00:00,20547.000000000004,21959.47,21560.3766784668,9.430000000000007,6,11,1
2018-11-18 07:00:00,21114.0,24236.84,22933.972686481477,9.430000000000007,7,11,1
2018-11-18 08:00:00,21738.0,27674.52,24603.3430975914,10.5,8,11,1
2018-11-18 09:00:00,23788.0,29960.15,26186.936856365206,10.435000000000002,9,11,1
2018-11-18 10:00:00,25899.0,29050.0,27316.55408115387,10.470656250000047,10,11,1
2018-11-18 11:00:00,26708.0,28205.93,27843.949862480167,10.456000000000017,11,11,1
2018-11-18 12:00:00,27131.0,27364.64,27821.39839191437,11.580000000000041,12,11,1
2018-11-18 13:00:00,27934.0,30883.94,27437.586329364778,11.980000000000018,13,11,1
2018-11-18 14:00:00,27806.0,28228.58,26950.009666919712,12.770000000000039,14,11,1
2018-11-18 15:00:00,26401.0,26567.14,26589.98701295853,12.580000000000041,15,11,1
2018-11-18 16:00:00,25479.0,26709.68,26521.12884693146,11.79000000000002,16,11,1
2018-11-18 17:00:00,25694.0,27252.722,26842.895065116885,10.82000000000005,17,11,1
2018-11-18 18:00:00,27770.0,27143.25,27599.38263139725,10.160000000000025,18,11,1
2018-11-18 19:00:00,28672.0,29701.07,28699.782565498354,9.574000000000012,19,11,1
2018-11-18 20:00:00,29620.999999999996,30185.53,29649.505664539338,9.574000000000012,20,11,1
2018-11-18 21:00:00,29513.0,28420.61,29184.839401435853,8.631000000000029,21,11,1
2018-11-18 22:00:00,28085.0,27171.72,26983.751413536073,8.631000000000029,22,11,1
2018-11-18 23:00:00,25827.0,26913.695,24943.331665802005,8.631000000000029,23,11,1
2018-11-19 00:00:00,23691.0,23988.78,23648.25804214478,8.552999999999997,0,11,0
2018-11-19 01:00:00,22356.999999999996,22819.0821547619,22279.840863609315,8.552999999999997,1,11,0
2018-11-19 02:00:00,21526.0,22641.16,21194.84556655884,8.552999999999997,2,11,0
2018-11-19 03:00:00,21335.0,21864.85,20753.189812183384,8.822000000000003,3,11,0
2018-11-19 04:00:00,21449.0,21744.52,21064.471403408053,8.822000000000003,4,11,0
2018-11-19 05:00:00,22246.0,22362.646666666664,22338.539147758485,8.822000000000003,5,11,0
2018-11-19 06:00:00,25342.0,24234.83,24738.886323452,8.469000000000051,6,11,0
2018-11-19 07:00:00,29584.0,29072.51,27638.520518112186,8.469000000000051,7,11,0
2018-11-19 08:00:00,31976.000000000004,31879.21,29970.58576717377,8.469000000000051,8,11,0
2018-11-19 09:00:00,33210.0,30205.27,31399.173570346833,8.657000000000039,9,11,0
2018-11-19 10:00:00,33871.0,28078.7,32116.00805282593,8.657000000000039,10,11,0
2018-11-19 11:00:00,34018.0,32764.32,32298.426888465885,10.170000000000016,11,11,0
2018-11-19 12:00:00,33997.0,34106.32,32052.11873073578,10.79000000000002,12,11,0
2018-11-19 13:00:00,33887.0,34083.17,31553.295633316044,9.924000000000035,13,11,0
2018-11-19 14:00:00,32924.0,33731.23,31054.008614349368,9.924000000000035,14,11,0
2018-11-19 15:00:00,32504.0,33735.54,30788.205984878543,10.078000000000031,15,11,0
2018-11-19 16:00:00,32148.0,33269.31,30902.34289388657,10.078000000000031,16,11,0
2018-11-19 17:00:00,32551.0,33164.1,31409.167417144778,10.078000000000031,17,11,0
2018-11-19 18:00:00,34134.0,34724.59,32164.34379463196,11.980000000000018,18,11,0
2018-11-19 19:00:00,34665.0,33043.01,32888.69624786377,11.379999999999995,19,11,0
2018-11-19 20:00:00,34975.0,34689.78,33199.26242322922,11.189999999999998,20,11,0
2018-11-19 21:00:00,33734.0,32198.41,32315.758020782472,11.240000000000009,21,11,0
2018-11-19 22:00:00,30904.0,32453.66,29796.77878046036,11.230000000000018,22,11,0
2018-11-19 23:00:00,27955.0,29219.67,27141.77530088425,11.300000000000011,23,11,0
2018-11-20 00:00:00,26023.0,24703.87,25393.643219566347,11.0,0,11,0
2018-11-20 01:00:00,24394.0,23234.7,23983.189865493776,10.430000000000007,1,11,0
2018-11-20 02:00:00,23399.0,22770.257,22794.57647008896,10.0,2,11,0
2018-11-20 03:00:00,23045.0,23104.46,22213.172895622254,10.430000000000007,3,11,0
2018-11-20 04:00:00,23056.0,22961.88133333334,22382.694712257387,10.430000000000007,4,11,0
2018-11-20 05:00:00,23737.0,23616.22,23571.908763980868,10.0,5,11,0
2018-11-20 06:00:00,26251.0,25225.8,25962.83100719452,10.0,6,11,0
2018-11-20 07:00:00,30510.0,28564.3,28818.97621936798,10.0,7,11,0
2018-11-20 08:00:00,32806.0,32100.26,31006.800934410097,9.760000000000048,8,11,0
2018-11-20 09:00:00,33930.0,31895.04,32301.59376344681,8.980000000000018,9,11,0
2018-11-20 10:00:00,34512.0,32682.46,32960.37456855774,9.57000000000005,10,11,0
2018-11-20 11:00:00,34692.0,34171.71,33141.40896463394,9.800000000000011,11,11,0
2018-11-20 12:00:00,34935.0,34772.99,32934.89550886154,9.600000000000023,12,11,0
2018-11-20 13:00:00,34857.0,33903.88,32449.162324142457,8.390000000000043,13,11,0
2018-11-20 14:00:00,33646.0,34021.77,31875.12045211792,9.78000000000003,14,11,0
2018-11-20 15:00:00,32973.0,33372.46,31438.804678916935,11.160000000000025,15,11,0
2018-11-20 16:00:00,32757.0,32387.795,31340.94897451401,11.580000000000041,16,11,0
2018-11-20 17:00:00,33274.0,33811.75,31674.84063692093,11.0,17,11,0
2018-11-20 18:00:00,35049.0,34642.55,32346.5379945755,9.590000000000032,18,11,0
2018-11-20 19:00:00,35614.0,35058.8,33065.284322166444,8.980000000000018,19,11,0
2018-11-20 20:00:00,35967.0,33316.44,33315.069449806215,8.78000000000003,20,11,0
2018-11-20 21:00:00,34685.0,33631.72,32231.1509390831,9.490000000000009,21,11,0
2018-11-20 22:00:00,31880.999999999996,31666.4,29605.85064697266,9.650000000000034,22,11,0
2018-11-20 23:00:00,28833.0,27923.22,27041.441278743747,9.430000000000007,23,11,0
2018-11-21 00:00:00,26735.0,26714.5,25372.178302097323,9.430000000000007,0,11,0
2018-11-21 01:00:00,25110.0,24934.93,23936.17752094269,9.0,1,11,0
2018-11-21 02:00:00,24150.0,24538.71,22723.064184474948,9.0,2,11,0
2018-11-21 03:00:00,23644.0,23988.25333333333,22134.42343387604,9.0,3,11,0
2018-11-21 04:00:00,23482.0,23279.019500000002,22295.533620357517,9.0,4,11,0
2018-11-21 05:00:00,24088.0,23579.28,23426.53528470993,9.0,5,11,0
2018-11-21 06:00:00,26628.0,26657.562,25714.010348033906,9.0,6,11,0
2018-11-21 07:00:00,30803.0,30288.12,28525.74850139618,8.350000000000023,7,11,0
2018-11-21 08:00:00,33309.0,33144.57,30752.23253145218,8.760000000000048,8,11,0
2018-11-21 09:00:00,34279.0,27838.52,32093.925387191775,7.600000000000023,9,11,0
2018-11-21 10:00:00,34843.0,33412.2,32781.50839529037,7.770000000000039,10,11,0
2018-11-21 11:00:00,34891.0,32433.03,32992.23377037048,9.240000000000009,11,11,0
2018-11-21 12:00:00,34845.0,33786.4,32800.221525478366,10.0,12,11,0
2018-11-21 13:00:00,34528.0,33654.26,32309.69041528702,10.170000000000016,13,11,0
2018-11-21 14:00:00,33408.0,34516.93,31707.805925369266,10.960000000000036,14,11,0
2018-11-21 15:00:00,32739.0,33069.51,31262.50472431183,10.410000000000025,15,11,0
2018-11-21 16:00:00,32395.000000000004,32518.73,31189.747175598146,10.400000000000034,16,11,0
2018-11-21 17:00:00,32955.0,33279.38,31569.020132064823,10.240000000000009,17,11,0
2018-11-21 18:00:00,34996.0,35418.55,32283.2859541893,9.0,18,11,0
2018-11-21 19:00:00,35509.0,34796.03,33006.68126401901,8.0,19,11,0
2018-11-21 20:00:00,35911.0,36397.79,33228.443088531494,7.3799999999999955,20,11,0
2018-11-21 21:00:00,34729.0,35627.85,32073.617831897736,7.240000000000009,21,11,0
2018-11-21 22:00:00,31966.0,29947.54,29481.702799320225,7.520000000000039,22,11,0
2018-11-21 23:00:00,28905.0,27211.412,27027.194003868106,7.430000000000007,23,11,0
2018-11-22 00:00:00,26761.0,25091.4425,25408.974605846408,7.430000000000007,0,11,0
2018-11-22 01:00:00,24888.0,23981.096666666665,23943.365863227846,7.430000000000007,1,11,0
2018-11-22 02:00:00,23863.0,24158.63,22692.147475910187,6.430000000000007,2,11,0
2018-11-22 03:00:00,23496.0,23117.9,22070.44865255356,6.0,3,11,0
2018-11-22 04:00:00,23374.0,23346.18,22189.40790395737,5.57000000000005,4,11,0
2018-11-22 05:00:00,24108.0,22749.01,23227.075878143314,4.57000000000005,5,11,0
2018-11-22 06:00:00,26755.0,25434.518333333333,25398.21162595749,5.0,6,11,0
2018-11-22 07:00:00,31012.0,29597.64,28199.238074970246,5.350000000000023,7,11,0
2018-11-22 08:00:00,33263.0,30993.97,30496.7460521698,5.240000000000009,8,11,0
2018-11-22 09:00:00,34179.0,33455.57,31905.670906829837,5.400000000000034,9,11,0
2018-11-22 10:00:00,34783.0,34003.02,32621.572662830356,5.980000000000018,10,11,0
2018-11-22 11:00:00,34776.0,34520.823333333334,32834.71287164688,6.970000000000027,11,11,0
2018-11-22 12:00:00,34795.0,33325.54,32652.648081398012,8.810000000000002,12,11,0
2018-11-22 13:00:00,34757.0,33226.91,32174.26927404404,9.960000000000036,13,11,0
2018-11-22 14:00:00,33773.0,30890.72,31592.770473575594,10.379999999999995,14,11,0
2018-11-22 15:00:00,33398.0,31648.32,31171.988747119907,10.960000000000036,15,11,0
2018-11-22 16:00:00,33291.0,31305.75,31113.969253444673,10.980000000000018,16,11,0
2018-11-22 17:00:00,33774.0,31250.08,31535.061074829104,10.980000000000018,17,11,0
2018-11-22 18:00:00,35411.0,32298.3,32312.0100230217,10.79000000000002,18,11,0
2018-11-22 19:00:00,35944.0,32148.77,33069.225213623045,9.79000000000002,19,11,0
2018-11-22 20:00:00,36022.0,32779.81,33270.33276252747,9.580000000000041,20,11,0
2018-11-22 21:00:00,34825.0,33781.7,32052.445917510988,10.0,21,11,0
2018-11-22 22:00:00,32249.0,30345.4,29462.723524665835,9.350000000000023,22,11,0
2018-11-22 23:00:00,29316.0,28439.52,27055.178239917757,9.350000000000023,23,11,0
2018-11-23 00:00:00,27247.0,25713.808333333334,25439.03183870316,9.0,0,11,0
2018-11-23 01:00:00,25353.0,24894.93,23971.05709619522,9.0,1,11,0
2018-11-23 02:00:00,24058.0,24110.26,22729.563969516756,9.0,2,11,0
2018-11-23 03:00:00,23645.000000000004,23548.71333333333,22120.26405992508,9.0,3,11,0
2018-11-23 04:00:00,23622.0,22616.91,22239.352721023562,8.57000000000005,4,11,0
2018-11-23 05:00:00,24310.0,24246.96,23232.13750638962,8.57000000000005,5,11,0
2018-11-23 06:00:00,26793.0,26628.56,25285.69600067139,9.0,6,11,0
2018-11-23 07:00:00,31151.0,30045.62,27952.502621078493,8.660000000000025,7,11,0
2018-11-23 08:00:00,33392.0,31357.026,30184.116646766666,7.53000000000003,8,11,0
2018-11-23 09:00:00,34588.0,31181.669666666665,31559.94191989899,6.430000000000007,9,11,0
2018-11-23 10:00:00,35171.0,34246.49,32258.273257732395,7.0,10,11,0
2018-11-23 11:00:00,35179.0,31890.265,32459.515099716187,7.760000000000048,11,11,0
2018-11-23 12:00:00,34984.0,33058.02666666667,32266.90708189011,9.170000000000016,12,11,0
2018-11-23 13:00:00,34733.0,33066.52,31791.888043212894,9.78000000000003,13,11,0
2018-11-23 14:00:00,33455.0,31733.65,31219.84835891724,11.189999999999998,14,11,0
2018-11-23 15:00:00,32637.0,31787.21,30780.78812351227,10.980000000000018,15,11,0
2018-11-23 16:00:00,32181.0,32475.54,30703.476818561558,10.770000000000039,16,11,0
2018-11-23 17:00:00,32477.0,31592.35,31091.906121349337,11.189999999999998,17,11,0
2018-11-23 18:00:00,34428.0,32427.31,31838.0189368248,10.189999999999998,18,11,0
2018-11-23 19:00:00,34831.0,33707.653333333335,32585.899537563328,8.980000000000018,19,11,0
2018-11-23 20:00:00,34821.0,34623.56,32726.895062446598,7.7900000000000205,20,11,0
2018-11-23 21:00:00,33827.0,33338.74,31437.07596073151,7.980000000000018,21,11,0
2018-11-23 22:00:00,31688.999999999996,29674.618333333336,29054.621506595613,7.650000000000034,22,11,0
2018-11-23 23:00:00,29223.0,28452.715333333334,26921.603018093112,6.0,23,11,0
2018-11-24 00:00:00,27189.0,26312.8,25462.70648775101,5.57000000000005,0,11,1
2018-11-24 01:00:00,25197.000000000004,24673.2925,23978.008594322208,4.0,1,11,1
2018-11-24 02:00:00,23798.0,23762.35666666667,22582.34945421219,3.430000000000007,2,11,1
2018-11-24 03:00:00,23031.0,21955.33,21707.398300075532,2.0,3,11,1
2018-11-24 04:00:00,22603.0,21742.87,21418.560744953156,2.0,4,11,1
2018-11-24 05:00:00,22529.0,22619.95,21680.942563438417,1.57000000000005,5,11,1
2018-11-24 06:00:00,23137.0,22579.04,22508.769055175784,1.0,6,11,1
2018-11-24 07:00:00,24670.0,24035.3,23944.65751848221,1.0,7,11,1
2018-11-24 08:00:00,26313.0,26058.54,25819.435298728946,2.0,8,11,1
2018-11-24 09:00:00,29122.0,27096.14,27603.76791086197,2.5,9,11,1
2018-11-24 10:00:00,30824.0,28655.5,28803.65215816498,2.9700000000000273,10,11,1
2018-11-24 11:00:00,31004.0,29213.64,29285.647111892704,3.7700000000000387,11,11,1
2018-11-24 12:00:00,30505.0,29768.19,29125.535577583316,4.78000000000003,12,11,1
2018-11-24 13:00:00,30573.0,29486.0975,28541.890529537202,5.980000000000018,13,11,1
2018-11-24 14:00:00,29942.000000000004,29605.04,27815.78982458115,6.770000000000039,14,11,1
2018-11-24 15:00:00,28660.0,29449.25,27227.141748905186,7.3700000000000045,15,11,1
2018-11-24 16:00:00,27917.0,29046.29,26957.14917535782,8.379999999999995,16,11,1
2018-11-24 17:00:00,28428.999999999996,28815.99,27139.380000686648,8.770000000000039,17,11,1
2018-11-24 18:00:00,30590.999999999996,29766.85,27840.333716106416,8.600000000000023,18,11,1
2018-11-24 19:00:00,31104.000000000004,29551.67,28940.504131126407,6.800000000000011,19,11,1
2018-11-24 20:00:00,31500.0,30391.06,29878.678025341036,5.800000000000011,20,11,1
2018-11-24 21:00:00,30892.0,30160.97,29342.4042506218,5.510000000000048,21,11,1
2018-11-24 22:00:00,29509.0,29172.61,27083.93649244309,5.0,22,11,1
2018-11-24 23:00:00,27653.999999999996,27409.29833333333,25007.509107589725,5.0,23,11,1
2018-11-25 00:00:00,25598.0,24606.57966666667,23701.0010386467,6.0,0,11,1
2018-11-25 01:00:00,23707.0,23592.965,22250.271969223024,6.0,1,11,1
2018-11-25 02:00:00,22369.0,20924.18,20955.969920349122,6.430000000000007,2,11,1
2018-11-25 03:00:00,21539.0,21125.325,20196.64754924774,7.0,3,11,1
2018-11-25 04:00:00,21091.0,21044.878833333332,20018.621318149566,7.0,4,11,1
2018-11-25 05:00:00,21101.0,21173.85083333333,20362.99272413254,7.0,5,11,1
2018-11-25 06:00:00,21599.0,21590.96,21197.565611839298,7.0,6,11,1
2018-11-25 07:00:00,22416.0,22005.27,22515.84996299744,7.350000000000023,7,11,1
2018-11-25 08:00:00,22905.000000000004,22107.1,24196.877013397218,7.970000000000027,8,11,1
2018-11-25 09:00:00,25095.0,25086.01,25886.069083023074,8.740000000000009,9,11,1
2018-11-25 10:00:00,27280.0,27344.82,27162.891056346896,8.580000000000041,10,11,1
2018-11-25 11:00:00,28200.999999999996,28664.72,27819.210635566713,9.360000000000014,11,11,1
2018-11-25 12:00:00,28223.0,29505.36,27875.313400745395,10.79000000000002,12,11,1
2018-11-25 13:00:00,28680.0,28522.34,27507.418730640413,11.79000000000002,13,11,1
2018-11-25 14:00:00,28455.000000000004,28967.57,26981.507498264316,13.189999999999998,14,11,1
2018-11-25 15:00:00,27136.999999999996,27362.97,26550.521939468385,13.78000000000003,15,11,1
2018-11-25 16:00:00,26452.0,26761.67,26404.257242488864,13.980000000000018,16,11,1
2018-11-25 17:00:00,26990.0,26183.73,26666.436400508883,13.600000000000023,17,11,1
2018-11-25 18:00:00,29218.0,28687.39,27398.255548954014,12.79000000000002,18,11,1
2018-11-25 19:00:00,30368.0,29165.7,28530.522009944918,12.189999999999998,19,11,1
2018-11-25 20:00:00,31182.0,30671.27,29568.48787059784,11.379999999999995,20,11,1
2018-11-25 21:00:00,31059.0,29786.77,29156.733080768587,11.75,21,11,1
2018-11-25 22:00:00,29672.0,29320.7,26903.84703130722,12.0,22,11,1
2018-11-25 23:00:00,27464.0,26901.016,24856.014305591587,11.0,23,11,1
2018-11-26 00:00:00,25151.0,25579.19,23583.20159111023,10.0,0,11,0
2018-11-26 01:00:00,23444.0,23104.68,22262.795409297945,10.430000000000007,1,11,0
2018-11-26 02:00:00,22201.0,22058.2,21232.3084523201,10.470000000000027,2,11,0
2018-11-26 03:00:00,21750.0,21662.88,20836.449079704285,10.430000000000007,3,11,0
2018-11-26 04:00:00,21918.0,21713.92,21188.985504913333,10.490000000000009,4,11,0
2018-11-26 05:00:00,22855.0,22462.78333333333,22512.817381095887,8.470000000000027,5,11,0
2018-11-26 06:00:00,26127.0,24647.72,24933.18887577057,8.0,6,11,0
2018-11-26 07:00:00,30664.0,27491.07,27784.804748630526,8.0,7,11,0
2018-11-26 08:00:00,33511.0,31132.16,30046.356364250187,8.0,8,11,0
2018-11-26 09:00:00,34896.0,32109.65,31423.422017097477,8.0,9,11,0
2018-11-26 10:00:00,35533.0,33126.68,32111.991468906406,7.600000000000023,10,11,0
2018-11-26 11:00:00,35482.0,32778.9,32280.66357660294,8.560000000000002,11,11,0
2018-11-26 12:00:00,35078.0,33575.59,32032.797619152072,10.200000000000045,12,11,0
2018-11-26 13:00:00,34948.0,33221.65,31528.54663963318,10.410000000000025,13,11,0
2018-11-26 14:00:00,33380.0,31848.82,31015.68869457245,14.580000000000041,14,11,0
2018-11-26 15:00:00,33358.0,33750.81,30711.368368244173,10.185000000000002,15,11,0
2018-11-26 16:00:00,32934.0,33673.29,30813.838871192933,10.185000000000002,16,11,0
2018-11-26 17:00:00,33473.0,33989.96,31316.88121299744,10.185000000000002,17,11,0
2018-11-26 18:00:00,35410.0,34144.48,32071.49355955124,5.689000000000021,18,11,0
2018-11-26 19:00:00,36108.0,34611.240000000005,32826.42820949555,9.980000000000018,19,11,0
2018-11-26 20:00:00,36550.0,33697.17,33130.81446151734,8.970000000000027,20,11,0
2018-11-26 21:00:00,35440.0,33933.8,32233.575539588932,8.720000000000027,21,11,0
2018-11-26 22:00:00,32629.0,30927.57,29761.659919357302,8.32000000000005,22,11,0
2018-11-26 23:00:00,29353.0,27457.503333333334,27179.87791004181,5.860000000000014,23,11,0
2018-11-27 00:00:00,27136.999999999996,26642.98,25461.3659986496,5.430000000000007,0,11,0
2018-11-27 01:00:00,25346.0,24361.857999999997,24016.65570087433,5.0,1,11,0
2018-11-27 02:00:00,24202.0,23389.84,22766.084362030033,5.430000000000007,2,11,0
2018-11-27 03:00:00,23659.0,23321.165,22127.000689125063,4.0,3,11,0
2018-11-27 04:00:00,23656.0,23246.12,22240.607750892643,3.430000000000007,4,11,0
2018-11-27 05:00:00,24337.0,24443.52,23377.169148731235,3.430000000000007,5,11,0
2018-11-27 06:00:00,27062.0,25314.100666666665,25821.38865261078,3.0,6,11,0
2018-11-27 07:00:00,31590.999999999996,29081.91,28871.182043552402,2.990000000000009,7,11,0
2018-11-27 08:00:00,34224.0,31313.48,31226.653355503084,3.5200000000000387,8,11,0
2018-11-27 09:00:00,35361.0,32005.27,32622.55666484833,3.2000000000000455,9,11,0
2018-11-27 10:00:00,35795.0,34631.94,33341.442168903355,4.160000000000025,10,11,0
2018-11-27 11:00:00,35533.0,34885.27,33550.36069164276,6.980000000000018,11,11,0
2018-11-27 12:00:00,35198.0,34568.58,33336.453791427615,8.390000000000043,12,11,0
2018-11-27 13:00:00,34718.0,35087.68,32845.226798915864,9.550000000000011,13,11,0
2018-11-27 14:00:00,33702.0,32771.17,32278.168167018892,10.78000000000003,14,11,0
2018-11-27 15:00:00,33262.0,32116.457785714287,31975.019853019716,11.980000000000018,15,11,0
2018-11-27 16:00:00,32901.0,32091.8875,31964.79892883301,11.980000000000018,16,11,0
2018-11-27 17:00:00,33465.0,32557.34,32429.941321945193,12.760000000000048,17,11,0
2018-11-27 18:00:00,35536.0,34222.6,33219.09629020691,11.210000000000036,18,11,0
2018-11-27 19:00:00,36473.0,33929.39,33928.84986486435,9.220000000000027,19,11,0
2018-11-27 20:00:00,36732.0,36050.77,34252.57676200867,7.430000000000007,20,11,0
2018-11-27 21:00:00,35542.0,35674.39,33284.68747186661,6.760000000000048,21,11,0
2018-11-27 22:00:00,32872.0,33185.64,30509.359834861756,4.990000000000009,22,11,0
2018-11-27 23:00:00,29737.0,28043.75,27570.949123954775,4.0,23,11,0
2018-11-28 00:00:00,27338.0,27207.519,25605.35503835678,3.430000000000007,0,11,0
2018-11-28 01:00:00,25444.0,25677.4975,24132.474935913087,3.430000000000007,1,11,0
2018-11-28 02:00:00,24283.0,24220.13,22828.083814239504,3.0,2,11,0
2018-11-28 03:00:00,23897.0,23479.94,22129.320296859743,2.0,3,11,0
2018-11-28 04:00:00,23816.0,22882.39,22170.306544685365,1.4300000000000068,4,11,0
2018-11-28 05:00:00,24510.0,24084.15,23189.214996528626,1.0,5,11,0
2018-11-28 06:00:00,27245.0,25980.172000000002,25504.132240200044,1.0,6,11,0
2018-11-28 07:00:00,32072.000000000004,30082.92,28552.30190572739,1.0,7,11,0
2018-11-28 08:00:00,34684.0,32038.21,30981.202231788637,0.7600000000000477,8,11,0
2018-11-28 09:00:00,35360.0,34386.25,32422.186507034305,1.2100000000000364,9,11,0
2018-11-28 10:00:00,35444.0,35425.14,33133.06081848145,3.1899999999999977,10,11,0
2018-11-28 11:00:00,35220.0,34629.07,33317.481841850284,5.170000000000016,11,11,0
2018-11-28 12:00:00,34935.0,33864.37,33100.63026065827,7.400000000000034,12,11,0
2018-11-28 13:00:00,34456.0,34300.49,32591.061275196076,8.600000000000023,13,11,0
2018-11-28 14:00:00,33442.0,33373.84,32020.66973323822,10.0,14,11,0
2018-11-28 15:00:00,33161.0,33558.03,31660.998682975773,11.379999999999995,15,11,0
2018-11-28 16:00:00,32972.0,34196.2,31736.151531887055,11.189999999999998,16,11,0
2018-11-28 17:00:00,33814.0,32768.93,32305.32711105347,11.390000000000043,17,11,0
2018-11-28 18:00:00,36115.0,31685.16,33209.28557033539,10.010000000000048,18,11,0
2018-11-28 19:00:00,36642.0,35645.02,34028.983668231966,7.800000000000011,19,11,0
2018-11-28 20:00:00,36803.0,36258.01,34322.81448421478,6.800000000000011,20,11,0
2018-11-28 21:00:00,35710.0,35951.23,33322.0209479332,7.020000000000039,21,11,0
2018-11-28 22:00:00,33018.0,33067.31,30587.301096439365,4.990000000000009,22,11,0
2018-11-28 23:00:00,29814.000000000004,29565.96,27695.69274454117,5.03000000000003,23,11,0
2018-11-29 00:00:00,27462.0,27462.592,25732.54523468018,3.430000000000007,0,11,0
2018-11-29 01:00:00,25489.999999999996,25343.66,24228.584830284122,2.430000000000007,1,11,0
2018-11-29 02:00:00,24293.999999999996,24583.25,22889.53388566971,2.0,2,11,0
2018-11-29 03:00:00,23889.0,24175.43,22154.39159393311,1.0,3,11,0
2018-11-29 04:00:00,23926.0,23912.96,22154.55274562836,1.0,4,11,0
2018-11-29 05:00:00,24544.0,24140.74,23088.658780384067,0.0,5,11,0
2018-11-29 06:00:00,27380.0,27061.94,25265.710748767855,0.0,6,11,0
2018-11-29 07:00:00,31927.0,30681.94,28252.086064243318,0.0,7,11,0
2018-11-29 08:00:00,34451.0,33065.36,30722.512252140048,0.2300000000000182,8,11,0
2018-11-29 09:00:00,35313.0,32859.73,32193.402375316622,0.6000000000000227,9,11,0
2018-11-29 10:00:00,35610.0,35089.16,32915.63055620193,2.3700000000000045,10,11,0
2018-11-29 11:00:00,35408.0,34295.05,33115.065545845035,4.800000000000011,11,11,0
2018-11-29 12:00:00,35051.0,34827.7,32895.53054475784,7.210000000000036,12,11,0
2018-11-29 13:00:00,34845.0,33500.83666666667,32387.4436665535,9.189999999999998,13,11,0
2018-11-29 14:00:00,33839.0,31430.22,31799.127661037448,11.180000000000007,14,11,0
2018-11-29 15:00:00,33492.0,30953.16,31412.20244073868,11.210000000000036,15,11,0
2018-11-29 16:00:00,33408.0,30183.5575,31474.221426486973,12.0,16,11,0
2018-11-29 17:00:00,34319.0,31467.63,32030.121524333957,10.810000000000002,17,11,0
2018-11-29 18:00:00,36124.0,32871.79,32928.13934612274,9.620000000000005,18,11,0
2018-11-29 19:00:00,36702.0,32639.76,33740.61735973358,9.170000000000016,19,11,0
2018-11-29 20:00:00,36813.0,32649.03,33975.6595489502,8.0,20,11,0
2018-11-29 21:00:00,35670.0,32651.88,32857.37421836853,9.510000000000048,21,11,0
2018-11-29 22:00:00,33192.0,29973.836666666666,30199.413849353794,8.700000000000045,22,11,0
2018-11-29 23:00:00,30066.0,27610.1,27533.124867725375,8.150000000000034,23,11,0
2018-11-30 00:00:00,27784.0,26711.539666666667,25704.604949092867,7.0,0,11,0
2018-11-30 01:00:00,25822.0,24422.92,24200.534668540957,7.0,1,11,0
2018-11-30 02:00:00,24592.0,22950.848785714283,22885.155931282046,7.0,2,11,0
2018-11-30 03:00:00,24171.0,23010.7635,22190.638516902927,7.0,3,11,0
2018-11-30 04:00:00,23913.0,22970.825,22226.304317092898,7.0,4,11,0
2018-11-30 05:00:00,24607.0,23744.06,23147.112895298007,7.0,5,11,0
2018-11-30 06:00:00,27155.0,25099.065,25182.341605091096,6.57000000000005,6,11,0
2018-11-30 07:00:00,31675.0,29697.17,27931.928921318056,6.7000000000000455,7,11,0
2018-11-30 08:00:00,34165.0,31493.936666666665,30250.474519824984,6.28000000000003,8,11,0
2018-11-30 09:00:00,35012.0,32058.929999999997,31654.020326232912,4.990000000000009,9,11,0
2018-11-30 10:00:00,35600.0,33386.08,32343.17090082169,5.600000000000023,10,11,0
2018-11-30 11:00:00,35376.0,33668.36,32523.54603996277,6.770000000000039,11,11,0
2018-11-30 12:00:00,34980.0,33157.87,32308.579445266725,8.770000000000039,12,11,0
2018-11-30 13:00:00,34642.0,33679.763333333336,31808.638052749637,8.960000000000036,13,11,0
2018-11-30 14:00:00,33498.0,31487.45,31224.209221458437,10.170000000000016,14,11,0
2018-11-30 15:00:00,32736.0,30635.225,30800.031100940705,11.57000000000005,15,11,0
2018-11-30 16:00:00,32280.0,31166.143333333333,30736.044111156465,11.79000000000002,16,11,0
2018-11-30 17:00:00,32783.0,30053.2875,31157.668221473697,12.0,17,11,0
2018-11-30 18:00:00,34791.0,31371.6,31933.142387485506,11.310000000000002,18,11,0
2018-11-30 19:00:00,35117.0,33886.91,32698.45911331177,8.410000000000025,19,11,0
2018-11-30 20:00:00,35104.0,33596.64,32865.050899124144,6.550000000000011,20,11,0
2018-11-30 21:00:00,33993.0,33656.11,31577.802899456026,6.510000000000048,21,11,0
2018-11-30 22:00:00,32092.0,31831.5725,29169.815668392184,5.689999999999998,22,11,0
2018-11-30 23:00:00,29645.0,29863.68,26999.519862747195,3.430000000000007,23,11,0
2018-12-01 00:00:00,29215.0,27057.94,25511.98960618973,3.430000000000007,0,12,1
2018-12-01 01:00:00,27059.0,24161.92166666667,24017.24903211594,3.0,1,12,1
2018-12-01 02:00:00,25800.0,23487.7,22606.50267496109,2.0,2,12,1
2018-12-01 03:00:00,25302.0,22553.642999999996,21730.464967727665,1.4300000000000068,3,12,1
2018-12-01 04:00:00,25221.0,21719.04,21463.124072074894,1.0,4,12,1
2018-12-01 05:00:00,25872.0,21813.56,21766.01845006943,1.0,5,12,1
2018-12-01 06:00:00,28576.0,22507.854166666664,22659.860977935794,1.0,6,12,1
2018-12-01 07:00:00,33557.0,23773.46,24197.3897687912,0.5800000000000409,7,12,1
2018-12-01 08:00:00,36741.0,26598.94,26184.998152637483,0.9900000000000091,8,12,1
2018-12-01 09:00:00,37809.0,28462.75,28041.30697193146,1.7300000000000182,9,12,1
2018-12-01 10:00:00,38406.0,27882.41,29259.962950038913,2.400000000000034,10,12,1
2018-12-01 11:00:00,38075.0,29213.34,29740.13151788712,3.590000000000032,11,12,1
2018-12-01 12:00:00,37279.0,28887.54,29571.48382711411,5.189999999999998,12,12,1
2018-12-01 13:00:00,36842.0,29027.04,28967.84864377976,6.57000000000005,13,12,1
2018-12-01 14:00:00,35588.0,30281.47,28202.214497947694,8.760000000000048,14,12,1
2018-12-01 15:00:00,34803.0,29092.21,27571.183526420595,9.379999999999995,15,12,1
2018-12-01 16:00:00,34445.0,26878.39,27297.843392658237,10.57000000000005,16,12,1
2018-12-01 17:00:00,34702.0,27810.64,27521.622055053715,10.79000000000002,17,12,1
2018-12-01 18:00:00,36671.0,30779.34,28318.155817604067,9.390000000000043,18,12,1
2018-12-01 19:00:00,37541.0,30994.569999999996,29539.341388988498,8.79000000000002,19,12,1
2018-12-01 20:00:00,37474.0,30967.61,30526.47121486664,7.580000000000041,20,12,1
2018-12-01 21:00:00,36841.0,30745.3,30031.23008012772,7.25,21,12,1
2018-12-01 22:00:00,34624.0,29151.22,27882.11595563889,5.850000000000023,22,12,1
2018-12-01 23:00:00,31942.000000000004,27321.05,25801.772096252444,5.850000000000023,23,12,1
2018-12-02 00:00:00,26971.000000000004,25337.84116666666,24384.77256498337,6.0,0,12,1
2018-12-02 01:00:00,25062.0,24018.05,22807.60778217316,5.430000000000007,1,12,1
2018-12-02 02:00:00,23778.999999999996,22388.66666666667,21356.263406276707,5.0,2,12,1
2018-12-02 03:00:00,23460.0,20738.99,20420.84984526634,5.0,3,12,1
2018-12-02 04:00:00,23515.0,22283.3,20066.76660795212,3.57000000000005,4,12,1
2018-12-02 05:00:00,24193.0,22275.31,20245.68039422035,3.0,5,12,1
2018-12-02 06:00:00,27254.0,19899.38,20934.28525056839,3.0,6,12,1
2018-12-02 07:00:00,32070.0,21230.17,22132.741107845308,3.0,7,12,1
2018-12-02 08:00:00,35028.0,20739.33,23731.412316894533,3.240000000000009,8,12,1
2018-12-02 09:00:00,36940.0,24247.24,25384.193870162966,3.980000000000018,9,12,1
2018-12-02 10:00:00,37882.0,29568.98,26658.928196525576,4.400000000000034,10,12,1
2018-12-02 11:00:00,38124.0,26997.88,27324.772817611698,5.2000000000000455,11,12,1
2018-12-02 12:00:00,37917.0,25979.94,27397.662217712405,6.0,12,12,1
2018-12-02 13:00:00,37907.0,28685.84,27062.273797893526,6.189999999999998,13,12,1
2018-12-02 14:00:00,36775.0,25513.92,26587.628338146213,6.980000000000018,14,12,1
2018-12-02 15:00:00,36021.0,24833.37166666667,26232.76742181778,7.160000000000025,15,12,1
2018-12-02 16:00:00,35638.0,24735.57166666667,26188.11131038666,7.980000000000018,16,12,1
2018-12-02 17:00:00,35526.0,24596.880666666668,26590.39477558136,8.360000000000014,17,12,1
2018-12-02 18:00:00,35755.0,27549.420833333334,27514.389762306215,7.770000000000039,18,12,1
2018-12-02 19:00:00,38202.0,30824.355,28846.21085586548,6.980000000000018,19,12,1
2018-12-02 20:00:00,38783.0,32469.54,29910.793604850773,5.7900000000000205,20,12,1
2018-12-02 21:00:00,37934.0,31979.29,29451.137694454195,6.0,21,12,1
2018-12-02 22:00:00,35230.0,29785.44,27566.81533880234,6.310000000000002,22,12,1
2018-12-02 23:00:00,31690.0,25342.4,25779.899416160584,7.0,23,12,1
2018-12-03 00:00:00,25503.0,25037.06,24498.206266593934,7.0,0,12,0
2018-12-03 01:00:00,23830.0,24056.94,22945.08238668442,7.0,1,12,0
2018-12-03 02:00:00,22753.0,21973.42,21620.61811218262,6.590000000000032,2,12,0
2018-12-03 03:00:00,22533.0,21722.82,20938.629021263125,6.57000000000005,3,12,0
2018-12-03 04:00:00,22536.0,21701.71,21026.888874721528,6.57000000000005,4,12,0
2018-12-03 05:00:00,23495.0,22231.41533333333,22076.95820436478,7.0,5,12,0
2018-12-03 06:00:00,26793.0,23338.716,24326.609011459353,6.57000000000005,6,12,0
2018-12-03 07:00:00,30849.999999999996,24855.41083333333,27293.831692123415,6.340000000000032,7,12,0
2018-12-03 08:00:00,33785.0,23799.29,29824.14282665253,6.260000000000048,8,12,0
2018-12-03 09:00:00,34977.0,27800.19,31411.18913841248,6.260000000000048,9,12,0
2018-12-03 10:00:00,35444.0,34647.4,32229.102359199525,5.3799999999999955,10,12,0
2018-12-03 11:00:00,35299.0,29796.42,32484.830566024782,5.580000000000041,11,12,0
2018-12-03 12:00:00,35097.0,32573.39,32303.554442405704,5.770000000000039,12,12,0
2018-12-03 13:00:00,34807.0,33904.6,31856.15826931,6.189999999999998,13,12,0
2018-12-03 14:00:00,33547.0,33694.07,31389.58260278702,6.980000000000018,14,12,0
2018-12-03 15:00:00,32668.0,28835.34,31158.273761177064,7.3799999999999955,15,12,0
2018-12-03 16:00:00,32404.0,28484.92,31328.689237213137,7.57000000000005,16,12,0
2018-12-03 17:00:00,32121.0,28258.94,31915.06898069382,7.760000000000048,17,12,0
2018-12-03 18:00:00,32043.999999999996,29595.45,32744.248169994356,7.189999999999998,18,12,0
2018-12-03 19:00:00,34188.0,35386.0,33525.75819950104,7.0,19,12,0
2018-12-03 20:00:00,35768.0,34336.52,33894.9640583992,6.240000000000009,20,12,0
2018-12-03 21:00:00,34789.0,30291.08,33221.41589794159,6.0,21,12,0
2018-12-03 22:00:00,32300.999999999996,31345.77,31127.757490158085,5.490000000000009,22,12,0
2018-12-03 23:00:00,29336.0,29573.08,28634.51368722916,5.490000000000009,23,12,0
2018-12-04 00:00:00,27710.0,27603.21,26682.38309326172,5.400000000000034,0,12,0
2018-12-04 01:00:00,25730.0,24834.281333333332,25036.65558919907,5.0,1,12,0
2018-12-04 02:00:00,24636.0,24264.215,23539.768767547608,4.430000000000007,2,12,0
2018-12-04 03:00:00,24126.0,23554.09,22645.545335674287,3.5100000000000477,3,12,0
2018-12-04 04:00:00,23915.0,23618.23,22503.11653738022,3.430000000000007,4,12,0
2018-12-04 05:00:00,24437.0,22452.72,23379.715833854676,2.8500000000000227,5,12,0
2018-12-04 06:00:00,26962.0,25781.34926190476,25732.982297611237,2.410000000000025,6,12,0
2018-12-04 07:00:00,30781.000000000004,28861.61,29043.536223316194,2.990000000000009,7,12,0
2018-12-04 08:00:00,33269.0,31570.73,31685.144578647614,2.740000000000009,8,12,0
2018-12-04 09:00:00,34663.0,31733.13,33245.72538700104,4.060000000000002,9,12,0
2018-12-04 10:00:00,35162.0,32888.63,34085.257351875305,5.650000000000034,10,12,0
2018-12-04 11:00:00,35230.0,33289.455,34394.136317825316,8.03000000000003,11,12,0
2018-12-04 12:00:00,35162.0,31923.95,34251.644035530095,10.400000000000034,12,12,0
2018-12-04 13:00:00,34744.0,34447.28,33757.899658203125,11.379999999999995,13,12,0
2018-12-04 14:00:00,33613.0,30746.89,33159.44574604034,13.78000000000003,14,12,0
2018-12-04 15:00:00,33216.0,30610.57,32737.511540794374,15.370000000000005,15,12,0
2018-12-04 16:00:00,33060.0,31945.585,32712.445127105715,16.379999999999995,16,12,0
2018-12-04 17:00:00,32704.0,31218.83,33131.84973907471,16.590000000000032,17,12,0
2018-12-04 18:00:00,31895.0,33041.59,33813.05748844147,15.620000000000005,18,12,0
2018-12-04 19:00:00,31776.0,33687.12,34407.402032375336,12.050000000000011,19,12,0
2018-12-04 20:00:00,33445.0,34389.57,34559.719684696196,10.400000000000034,20,12,0
2018-12-04 21:00:00,35217.0,31641.81,33594.9752943039,8.78000000000003,21,12,0
2018-12-04 22:00:00,32555.000000000004,31577.37,31159.47019042969,8.5,22,12,0
2018-12-04 23:00:00,29863.0,28954.37,28400.821753883363,8.03000000000003,23,12,0
2018-12-05 00:00:00,25670.0,26573.812666666665,26329.21182804108,6.430000000000007,0,12,0
2018-12-05 01:00:00,24165.999999999996,24859.86,24714.528000545502,6.57000000000005,1,12,0
2018-12-05 02:00:00,23019.0,23225.656666666666,23263.76718912125,6.0,2,12,0
2018-12-05 03:00:00,22349.0,24692.462000000003,22416.30949087143,5.0,3,12,0
2018-12-05 04:00:00,22050.0,23481.435,22328.870046043397,4.57000000000005,4,12,0
2018-12-05 05:00:00,21894.0,23254.78,23249.358762550357,4.0,5,12,0
2018-12-05 06:00:00,22201.0,25583.62,25458.88768091202,3.430000000000007,6,12,0
2018-12-05 07:00:00,22448.0,28073.69,28386.301009464267,3.340000000000032,7,12,0
2018-12-05 08:00:00,24394.0,29259.47,30748.352682304383,4.25,8,12,0
2018-12-05 09:00:00,26495.0,29695.21,32148.311642646793,4.810000000000002,9,12,0
2018-12-05 10:00:00,28000.0,33529.14,32836.099752902985,5.800000000000011,10,12,0
2018-12-05 11:00:00,28433.0,32130.05,33010.097191619876,8.390000000000043,11,12,0
2018-12-05 12:00:00,28432.0,31392.89,32769.605145072936,11.400000000000034,12,12,0
2018-12-05 13:00:00,28368.0,29812.71,32242.890595912937,13.189999999999998,13,12,0
2018-12-05 14:00:00,27530.0,28134.675,31660.488369274142,15.379999999999995,14,12,0
2018-12-05 15:00:00,26271.0,30420.06,31306.12555818558,16.57000000000005,15,12,0
2018-12-05 16:00:00,25460.0,29261.975,31395.000718116764,17.5,16,12,0
2018-12-05 17:00:00,25137.0,29459.095,31969.443027687073,17.390000000000043,17,12,0
2018-12-05 18:00:00,24971.000000000004,33458.45,32826.42576780319,16.220000000000027,18,12,0
2018-12-05 19:00:00,25277.0,33654.4,33576.545400428775,12.260000000000048,19,12,0
2018-12-05 20:00:00,26017.0,32898.7,33758.32695436478,10.600000000000023,20,12,0
2018-12-05 21:00:00,27483.0,33958.16,32700.402700424198,9.75,21,12,0
2018-12-05 22:00:00,26875.000000000004,31622.97,30387.744022178653,8.04000000000002,22,12,0
2018-12-05 23:00:00,25171.0,28279.805,27988.70559358597,7.0,23,12,0
2018-12-06 00:00:00,25732.0,25289.735,26181.289221954346,6.0,0,12,0
2018-12-06 01:00:00,24356.000000000004,24750.27666666667,24571.63283901215,5.0,1,12,0
2018-12-06 02:00:00,23490.0,24231.27,23133.217224121097,5.430000000000007,2,12,0
2018-12-06 03:00:00,23125.0,23163.415,22309.307206916812,4.57000000000005,3,12,0
2018-12-06 04:00:00,22978.0,23431.26,22245.43741836548,4.0,4,12,0
2018-12-06 05:00:00,23300.0,23010.9,23141.225975036625,3.57000000000005,5,12,0
2018-12-06 06:00:00,24976.0,25873.71,25223.13495922089,3.57000000000005,6,12,0
2018-12-06 07:00:00,27606.0,29083.05,27999.688325786592,2.3600000000000136,7,12,0
2018-12-06 08:00:00,29701.0,30339.58,30314.761837768558,2.9700000000000273,8,12,0
2018-12-06 09:00:00,30960.0,30228.52,31728.34788312912,4.03000000000003,9,12,0
2018-12-06 10:00:00,31596.0,32988.93,32427.741357135776,5.210000000000036,10,12,0
2018-12-06 11:00:00,32145.0,30836.8,32605.613761615754,8.79000000000002,11,12,0
2018-12-06 12:00:00,32490.0,29439.02,32368.16406373978,10.57000000000005,12,12,0
2018-12-06 13:00:00,32435.0,29783.64,31858.673212432863,13.170000000000016,13,12,0
2018-12-06 14:00:00,31601.0,29231.055,31297.779853725435,15.189999999999998,14,12,0
2018-12-06 15:00:00,31098.0,30754.4475,30967.68013954163,16.400000000000034,15,12,0
2018-12-06 16:00:00,31048.0,28616.457000000002,31085.797007083896,16.810000000000002,16,12,0
2018-12-06 17:00:00,30875.0,31514.68607142857,31702.19491634369,16.390000000000043,17,12,0
2018-12-06 18:00:00,30389.0,32723.185,32601.69484539032,16.29000000000002,18,12,0
2018-12-06 19:00:00,30143.0,33966.49,33366.076403045656,12.53000000000003,19,12,0
2018-12-06 20:00:00,30363.999999999996,32600.39,33501.92972383499,10.78000000000003,20,12,0
2018-12-06 21:00:00,30756.0,30621.97,32364.135271358493,8.760000000000048,21,12,0
2018-12-06 22:00:00,29915.0,31501.096666666665,30148.016225337986,7.990000000000009,22,12,0
2018-12-06 23:00:00,27434.0,28145.780666666666,27912.114587879183,6.0,23,12,0
2018-12-07 00:00:00,28518.0,25983.98,26204.221596527103,5.430000000000007,0,12,0
2018-12-07 01:00:00,26746.000000000004,23573.46333333333,24579.436487770083,3.57000000000005,1,12,0
2018-12-07 02:00:00,25737.0,23770.15,23116.047243499757,3.430000000000007,2,12,0
2018-12-07 03:00:00,25253.0,22782.28,22268.159807395936,3.0,3,12,0
2018-12-07 04:00:00,25078.0,20624.9335,22169.974474525454,2.0,4,12,0
2018-12-07 05:00:00,25414.0,21765.443333333336,22976.240822792057,2.0,5,12,0
2018-12-07 06:00:00,26956.0,22268.88,24896.465822792055,1.0,6,12,0
2018-12-07 07:00:00,29071.000000000004,25665.51,27555.278342437745,1.0,7,12,0
2018-12-07 08:00:00,31395.000000000004,29729.18,29877.23254346848,1.4800000000000182,8,12,0
2018-12-07 09:00:00,33377.0,33083.76,31334.336871623997,1.82000000000005,9,12,0
2018-12-07 10:00:00,34496.0,32406.61,32063.46039171219,3.3500000000000227,10,12,0
2018-12-07 11:00:00,35273.0,33534.43,32254.583860588074,5.760000000000048,11,12,0
2018-12-07 12:00:00,36117.0,28936.265,32038.34026079178,7.600000000000023,12,12,0
2018-12-07 13:00:00,36412.0,32457.41,31548.094828605655,8.800000000000011,13,12,0
2018-12-07 14:00:00,35869.0,31322.31,31019.456225872043,9.600000000000023,14,12,0
2018-12-07 15:00:00,35308.0,31069.98,30731.446404457096,9.590000000000032,15,12,0
2018-12-07 16:00:00,35509.0,31863.27166666667,30913.257258701327,10.79000000000002,16,12,0
2018-12-07 17:00:00,35397.0,30164.68,31608.560898017884,11.390000000000043,17,12,0
2018-12-07 18:00:00,34752.0,32028.86,32581.50693302155,11.0,18,12,0
2018-12-07 19:00:00,34093.0,29270.12,33388.88913469315,9.010000000000048,19,12,0
2018-12-07 20:00:00,33506.0,34182.55,33499.52465686798,8.200000000000045,20,12,0
2018-12-07 21:00:00,33098.0,33047.15,32368.33498220444,7.260000000000048,21,12,0
2018-12-07 22:00:00,32485.0,31827.7625,30273.170050239565,6.430000000000007,22,12,0
2018-12-07 23:00:00,30418.0,29467.35,28184.841856861116,5.430000000000007,23,12,0
2018-12-08 00:00:00,26589.0,26176.29,26515.449470520023,4.430000000000007,0,12,1
2018-12-08 01:00:00,25191.0,23840.0925,24864.269667434695,3.590000000000032,1,12,1
2018-12-08 02:00:00,23966.0,22949.17,23220.961880493167,3.0,2,12,1
2018-12-08 03:00:00,23125.0,23553.31,22065.570151233675,3.0,3,12,1
2018-12-08 04:00:00,22649.999999999996,22784.7,21517.407776451113,3.430000000000007,4,12,1
2018-12-08 05:00:00,22406.0,22390.01,21568.968993854523,2.430000000000007,5,12,1
2018-12-08 06:00:00,22428.0,22821.939166666663,22233.42673368454,1.8500000000000227,6,12,1
2018-12-08 07:00:00,22115.0,27552.26,23557.95205049515,4.020000000000039,7,12,1
2018-12-08 08:00:00,22615.999999999996,26886.18,25409.56305370331,3.480000000000018,8,12,1
2018-12-08 09:00:00,24240.0,29504.45,27274.161418533327,3.2200000000000273,9,12,1
2018-12-08 10:00:00,25843.999999999996,29921.3,28603.282000350955,3.8100000000000023,10,12,1
2018-12-08 11:00:00,26943.999999999996,30042.6,29205.728079509736,5.390000000000043,11,12,1
2018-12-08 12:00:00,27822.0,31384.7,29150.333405113222,8.760000000000048,12,12,1
2018-12-08 13:00:00,28604.0,29508.53,28639.54845685959,10.79000000000002,13,12,1
2018-12-08 14:00:00,28990.0,29421.755166666666,27979.014516639712,12.79000000000002,14,12,1
2018-12-08 15:00:00,28634.0,26094.44,27464.574354934695,14.0,15,12,1
2018-12-08 16:00:00,28102.000000000004,24472.99,27314.617819118503,14.400000000000034,16,12,1
2018-12-08 17:00:00,27699.0,27063.7,27679.30654716492,14.600000000000023,17,12,1
2018-12-08 18:00:00,27567.0,28833.010333333328,28573.908441352847,13.310000000000002,18,12,1
2018-12-08 19:00:00,27444.0,26709.39,29752.076276874544,11.210000000000036,19,12,1
2018-12-08 20:00:00,27596.0,31318.115119047616,30482.042180824283,9.0,20,12,1
2018-12-08 21:00:00,29247.0,30146.08,29644.385435676577,8.480000000000018,21,12,1
2018-12-08 22:00:00,29348.0,29679.24,27515.920703411106,6.689999999999998,22,12,1
2018-12-08 23:00:00,27795.0,27169.6,25587.79927034378,5.57000000000005,23,12,1
2018-12-09 00:00:00,26155.0,25336.3525,24261.388967037205,5.0,0,12,1
2018-12-09 01:00:00,24884.0,23612.31,22710.955832099917,4.0,1,12,1
2018-12-09 02:00:00,24140.0,22702.2,21291.11417093277,3.430000000000007,2,12,1
2018-12-09 03:00:00,23805.0,22090.67,20376.186408758163,3.430000000000007,3,12,1
2018-12-09 04:00:00,23665.0,20086.79,20029.3476726532,2.0,4,12,1
2018-12-09 05:00:00,24053.0,19736.6,20204.82721862793,2.0,5,12,1
2018-12-09 06:00:00,26228.000000000004,23886.58,20883.556650257113,1.57000000000005,6,12,1
2018-12-09 07:00:00,29285.0,26381.62,22057.9374209404,2.0400000000000205,7,12,1
2018-12-09 08:00:00,31054.0,22738.86,23613.49078474045,1.7300000000000182,8,12,1
2018-12-09 09:00:00,32434.0,24487.16,25207.508128166202,2.2100000000000364,9,12,1
2018-12-09 10:00:00,33527.0,26772.64,26425.932145500185,4.189999999999998,10,12,1
2018-12-09 11:00:00,34209.0,28873.26,27049.91395120621,7.189999999999998,11,12,1
2018-12-09 12:00:00,35134.0,27293.85,27099.08963518143,9.210000000000036,12,12,1
2018-12-09 13:00:00,35465.0,27045.07,26768.682267761233,11.420000000000016,13,12,1
2018-12-09 14:00:00,34748.0,30011.86,26330.369190216068,13.620000000000005,14,12,1
2018-12-09 15:00:00,34381.0,27368.75,26040.26439676285,15.189999999999998,15,12,1
2018-12-09 16:00:00,34258.0,27691.24,26083.382242012027,16.160000000000025,16,12,1
2018-12-09 17:00:00,34185.0,29127.55,26578.63558521271,16.189999999999998,17,12,1
2018-12-09 18:00:00,33548.0,28161.58,27578.948108100893,15.240000000000009,18,12,1
2018-12-09 19:00:00,33052.0,29337.59,28945.624359989168,12.03000000000003,19,12,1
2018-12-09 20:00:00,33733.0,28443.3,30006.390743827822,10.230000000000018,20,12,1
2018-12-09 21:00:00,33900.0,29432.56,29439.07817592621,7.760000000000048,21,12,1
2018-12-09 22:00:00,30864.0,29861.01,27408.21032867432,6.990000000000009,22,12,1
2018-12-09 23:00:00,28453.0,26206.59,25570.363145256044,4.0,23,12,1
2018-12-10 00:00:00,24752.0,25994.85,24285.22965116501,4.430000000000007,0,12,0
2018-12-10 01:00:00,23491.0,24161.9,22769.749342250827,3.0,1,12,0
2018-12-10 02:00:00,22544.0,22849.7025,21485.18964586258,3.0,2,12,0
2018-12-10 03:00:00,22088.0,22143.398333333334,20829.40968065262,2.0,3,12,0
2018-12-10 04:00:00,21687.0,21784.928333333333,20936.35824737549,1.57000000000005,4,12,0
2018-12-10 05:00:00,21360.0,22391.8,22018.26236190796,1.0,5,12,0
2018-12-10 06:00:00,21380.0,22010.34291666667,24295.711836433413,0.57000000000005,6,12,0
2018-12-10 07:00:00,22265.0,27197.609,27245.22492246628,1.0400000000000205,7,12,0
2018-12-10 08:00:00,22657.0,31126.93,29730.743210792545,1.2300000000000182,8,12,0
2018-12-10 09:00:00,24274.0,31115.25,31288.320737552644,2.240000000000009,9,12,0
2018-12-10 10:00:00,25711.000000000004,32713.98,32073.554347896577,4.210000000000036,10,12,0
2018-12-10 11:00:00,26283.0,30963.03,32273.6022023201,7.360000000000014,11,12,0
2018-12-10 12:00:00,26606.0,31546.0,32017.725052261354,9.210000000000036,12,12,0
2018-12-10 13:00:00,26901.0,31605.9,31508.593129730227,12.210000000000036,13,12,0
2018-12-10 14:00:00,26386.0,31590.82,31024.79376535416,13.990000000000009,14,12,0
2018-12-10 15:00:00,25106.0,27538.76,30847.016586875918,15.370000000000005,15,12,0
2018-12-10 16:00:00,24465.0,28392.6025,31132.960736560824,16.0,16,12,0
2018-12-10 17:00:00,24067.999999999996,28463.51,31858.126273345948,15.189999999999998,17,12,0
2018-12-10 18:00:00,24018.0,30732.1,32812.923209095,13.25,18,12,0
2018-12-10 19:00:00,25036.000000000004,32374.19,33687.495900917056,10.010000000000048,19,12,0
2018-12-10 20:00:00,27411.0,34074.85,34127.532813262944,8.410000000000025,20,12,0
2018-12-10 21:00:00,27375.0,35589.57,33516.04026393891,7.760000000000048,21,12,0
2018-12-10 22:00:00,26204.0,28677.965,31396.72211122513,6.0400000000000205,22,12,0
2018-12-10 23:00:00,24516.0,28903.01,28805.515169429782,5.0,23,12,0
2018-12-11 00:00:00,24437.0,25803.47,26703.457339954377,4.0,0,12,0
2018-12-11 01:00:00,22865.0,24400.758333333335,25063.89266738892,3.430000000000007,1,12,0
2018-12-11 02:00:00,21969.000000000004,23823.96,23537.59810304642,3.0,2,12,0
2018-12-11 03:00:00,21664.0,22013.58,22599.78802099228,2.0,3,12,0
2018-12-11 04:00:00,21576.0,22171.54,22414.556355762485,1.580000000000041,4,12,0
2018-12-11 05:00:00,22475.0,22761.29,23283.544897174837,1.0,5,12,0
2018-12-11 06:00:00,25431.0,23560.55523809524,25628.55355739594,1.0,6,12,0
2018-12-11 07:00:00,29533.0,29653.19,28820.20927400589,0.6899999999999977,7,12,0
2018-12-11 08:00:00,31533.0,30647.1,31316.019295597078,0.75,8,12,0
2018-12-11 09:00:00,32618.0,31389.05,32758.93494949341,2.430000000000007,9,12,0
2018-12-11 10:00:00,33243.0,34913.13,33465.035752391814,3.1899999999999977,10,12,0
2018-12-11 11:00:00,33340.0,34077.59,33654.2962100029,5.189999999999998,11,12,0
2018-12-11 12:00:00,33522.0,34959.97,33432.13883132935,7.810000000000002,12,12,0
2018-12-11 13:00:00,33357.0,33782.63,32922.30858478546,10.0,13,12,0
2018-12-11 14:00:00,32458.0,32575.28,32392.93259096146,11.590000000000032,14,12,0
2018-12-11 15:00:00,31977.999999999996,32993.544285714284,32122.600622177128,12.79000000000002,15,12,0
2018-12-11 16:00:00,31624.999999999996,33330.044,32324.26731863022,12.980000000000018,16,12,0
2018-12-11 17:00:00,31944.999999999996,33190.29,33012.74398612976,12.600000000000023,17,12,0
2018-12-11 18:00:00,33727.0,32725.52,33926.87453575135,11.200000000000045,18,12,0
2018-12-11 19:00:00,34366.0,34699.83,34685.48393268586,9.590000000000032,19,12,0
2018-12-11 20:00:00,34706.0,29794.51,34930.71042070389,8.610000000000014,20,12,0
2018-12-11 21:00:00,33582.0,32872.41,34097.65626564026,7.710000000000036,21,12,0
2018-12-11 22:00:00,30953.0,29668.515,31729.50524530411,7.260000000000048,22,12,0
2018-12-11 23:00:00,28232.000000000004,28814.6,28859.938050270084,5.0,23,12,0
2018-12-12 00:00:00,27325.000000000004,27524.3,26625.442827606203,4.0,0,12,0
2018-12-12 01:00:00,25461.0,25026.355000000003,24977.666743659975,3.57000000000005,1,12,0
2018-12-12 02:00:00,24351.0,23316.63,23459.278379154206,2.430000000000007,2,12,0
2018-12-12 03:00:00,23939.999999999996,21666.91,22529.5332069397,2.0,3,12,0
2018-12-12 04:00:00,23963.0,22341.8,22351.045495986942,1.57000000000005,4,12,0
2018-12-12 05:00:00,24568.0,22800.16,23170.63860111237,1.0,5,12,0
2018-12-12 06:00:00,27192.0,25279.449666666667,25361.62286605835,0.4300000000000068,6,12,0
2018-12-12 07:00:00,31879.000000000004,28473.89,28453.550100231172,2.730000000000018,7,12,0
2018-12-12 08:00:00,34447.0,27247.18,30980.9995713234,3.490000000000009,8,12,0
2018-12-12 09:00:00,35252.0,32774.91,32460.74082927704,3.7900000000000205,9,12,0
2018-12-12 10:00:00,35625.0,33672.75,33193.49026250839,3.82000000000005,10,12,0
2018-12-12 11:00:00,35535.0,34391.08,33389.64117593766,4.600000000000023,11,12,0
2018-12-12 12:00:00,35237.0,34996.98,33170.37964439392,5.2000000000000455,12,12,0
2018-12-12 13:00:00,34936.0,35869.09,32687.364063262943,5.610000000000014,13,12,0
2018-12-12 14:00:00,34191.0,34867.67,32178.171098423005,6.210000000000036,14,12,0
2018-12-12 15:00:00,33899.0,33643.98,31911.660378170014,6.580000000000041,15,12,0
2018-12-12 16:00:00,33954.0,33768.32,32099.87823314667,6.760000000000048,16,12,0
2018-12-12 17:00:00,34651.0,34129.26,32761.855213546754,7.6200000000000045,17,12,0
2018-12-12 18:00:00,36213.0,34937.32,33659.687466716765,7.580000000000041,18,12,0
2018-12-12 19:00:00,36490.0,35889.45,34395.288796615605,7.180000000000007,19,12,0
2018-12-12 20:00:00,36663.0,37153.92,34584.59564638138,7.2000000000000455,20,12,0
2018-12-12 21:00:00,35684.0,33728.59,33653.58567752838,7.760000000000048,21,12,0
2018-12-12 22:00:00,32893.0,29254.08,31352.000074100495,7.689999999999998,22,12,0
2018-12-12 23:00:00,29689.0,28674.67,28768.364820289615,6.57000000000005,23,12,0
2018-12-13 00:00:00,27560.0,26153.47857142857,26712.75774612427,6.57000000000005,0,12,0
2018-12-13 01:00:00,25679.000000000004,25155.32,25040.857741737367,8.0,1,12,0
2018-12-13 02:00:00,24466.0,24294.78,23513.454649066927,8.0,2,12,0
2018-12-13 03:00:00,23908.999999999996,23527.020000000004,22593.527521800996,8.0,3,12,0
2018-12-13 04:00:00,23895.0,23409.115,22424.823672103885,8.0,4,12,0
2018-12-13 05:00:00,24770.0,23425.21,23185.210621070863,8.0,5,12,0
2018-12-13 06:00:00,27396.0,25525.02,25184.7930642128,8.0,6,12,0
2018-12-13 07:00:00,31955.0,25917.78,28093.854633045197,8.0,7,12,0
2018-12-13 08:00:00,34486.0,29441.56,30634.987348079685,8.0,8,12,0
2018-12-13 09:00:00,35441.0,32387.0,32196.205438137058,8.0,9,12,0
2018-12-13 10:00:00,36050.0,33961.23333333333,32999.47582988739,6.980000000000018,10,12,0
2018-12-13 11:00:00,36187.0,33697.03,33272.715854263304,6.78000000000003,11,12,0
2018-12-13 12:00:00,36225.0,34030.71266666667,33132.008449077606,6.78000000000003,12,12,0
2018-12-13 13:00:00,36167.0,35282.96,32680.961945915224,9.0,13,12,0
2018-12-13 14:00:00,35012.0,34124.75,32101.414057636262,8.580000000000041,14,12,0
2018-12-13 15:00:00,34626.0,32803.12,31672.821357345583,9.020000000000039,15,12,0
2018-12-13 16:00:00,34613.0,33765.03,31615.041149520875,7.980000000000018,16,12,0
2018-12-13 17:00:00,35033.0,35125.01,32017.510183334354,7.7900000000000205,17,12,0
2018-12-13 18:00:00,36549.0,36547.4,32728.008474159244,7.78000000000003,18,12,0
2018-12-13 19:00:00,37065.0,33300.3,33370.15402927399,7.980000000000018,19,12,0
2018-12-13 20:00:00,37179.0,35442.44,33462.12281341553,8.189999999999998,20,12,0
2018-12-13 21:00:00,36201.0,33766.87,32357.147147846223,8.490000000000009,21,12,0
2018-12-13 22:00:00,33400.0,29549.42,30201.49905462265,7.090000000000032,22,12,0
2018-12-13 23:00:00,30339.0,28422.18,28025.865709495545,6.57000000000005,23,12,0
2018-12-14 00:00:00,28303.0,25707.975,26343.551887226105,6.0,0,12,0
2018-12-14 01:00:00,26284.0,24851.0025,24680.16118068695,4.0,1,12,0
2018-12-14 02:00:00,24931.0,23391.41,23181.750743007662,2.57000000000005,2,12,0
2018-12-14 03:00:00,24422.000000000004,22527.56,22304.162561130524,2.430000000000007,3,12,0
2018-12-14 04:00:00,24255.0,23622.81,22175.753960323334,0.57000000000005,4,12,0
2018-12-14 05:00:00,24996.0,22357.605,22929.194294548037,1.0,5,12,0
2018-12-14 06:00:00,27539.0,24889.36,24805.295472049715,0.0,6,12,0
2018-12-14 07:00:00,32067.0,27210.97,27527.22573900223,2.420000000000016,7,12,0
2018-12-14 08:00:00,34698.0,31520.31,29998.242816448215,2.75,8,12,0
2018-12-14 09:00:00,35663.0,32308.68,31604.92765979767,3.390000000000043,9,12,0
2018-12-14 10:00:00,36038.0,31528.95,32467.711860942843,2.7700000000000387,10,12,0
2018-12-14 11:00:00,35911.0,33430.24,32779.371914482115,5.57000000000005,11,12,0
2018-12-14 12:00:00,35445.0,28957.06,32649.073443794252,8.379999999999995,12,12,0
2018-12-14 13:00:00,35111.0,32786.89,32195.214111042023,9.189999999999998,13,12,0
2018-12-14 14:00:00,33965.0,32754.31,31685.37165603638,9.980000000000018,14,12,0
2018-12-14 15:00:00,33305.0,31617.605,31351.3652340889,11.0,15,12,0
2018-12-14 16:00:00,33011.0,28795.94,31440.63106479645,10.189999999999998,16,12,0
2018-12-14 17:00:00,33485.0,30897.32,31994.641292762757,10.0,17,12,0
2018-12-14 18:00:00,35369.0,31401.46,32818.766178894046,9.410000000000025,18,12,0
2018-12-14 19:00:00,35708.0,34086.47,33502.064016914366,7.410000000000025,19,12,0
2018-12-14 20:00:00,35655.0,31826.24,33561.321448612216,5.170000000000016,20,12,0
2018-12-14 21:00:00,34758.0,30980.44,32404.633180713656,4.480000000000018,21,12,0
2018-12-14 22:00:00,32518.0,30143.323333333334,30308.474479961398,3.980000000000018,22,12,0
2018-12-14 23:00:00,29979.0,27122.13333333333,28215.702406501772,2.430000000000007,23,12,0
2018-12-15 00:00:00,27979.0,25444.37,26561.543738746645,1.4300000000000068,0,12,1
2018-12-15 01:00:00,26094.0,24489.83,24906.213058662415,0.5800000000000409,1,12,1
2018-12-15 02:00:00,24605.0,22410.42,23230.464947128297,0.57000000000005,2,12,1
2018-12-15 03:00:00,23691.0,21425.82,22024.459377098086,0.0,3,12,1
2018-12-15 04:00:00,23430.0,21504.82,21426.962608337406,0.0,4,12,1
2018-12-15 05:00:00,23281.0,22018.39,21426.506011867525,-0.42999999999995,5,12,1
2018-12-15 06:00:00,23831.0,20587.678666666667,22033.132268333437,0.0,6,12,1
2018-12-15 07:00:00,25342.0,23222.05,23296.16600494385,0.3900000000000432,7,12,1
2018-12-15 08:00:00,27081.0,26544.42,25118.48402500153,0.7300000000000182,8,12,1
2018-12-15 09:00:00,29602.0,26474.87,27019.776142501833,0.4900000000000091,9,12,1
2018-12-15 10:00:00,31294.0,27265.56,28426.964953899387,2.3799999999999955,10,12,1
2018-12-15 11:00:00,31557.000000000004,30371.68,29081.055268001557,4.2000000000000455,11,12,1
2018-12-15 12:00:00,31221.0,29093.45,29069.488971328738,5.980000000000018,12,12,1
2018-12-15 13:00:00,31182.0,29027.04,28607.36450996399,6.57000000000005,13,12,1
2018-12-15 14:00:00,30492.999999999996,29539.81,27974.443668556214,8.0,14,12,1
2018-12-15 15:00:00,29424.000000000004,29321.56,27465.011417865757,8.390000000000043,15,12,1
2018-12-15 16:00:00,28838.0,28777.18,27310.664719200136,8.189999999999998,16,12,1
2018-12-15 17:00:00,29362.000000000004,28601.64,27643.82387390137,8.189999999999998,17,12,1
2018-12-15 18:00:00,31262.0,30456.57,28521.546348857883,8.0,18,12,1
2018-12-15 19:00:00,31838.0,29581.17,29726.033186244968,8.180000000000007,19,12,1
2018-12-15 20:00:00,32068.0,29536.94,30526.422381019594,8.379999999999995,20,12,1
2018-12-15 21:00:00,31728.0,31603.243333333332,29787.61755075455,8.970000000000027,21,12,1
2018-12-15 22:00:00,30189.0,29724.115,27697.836550426484,9.430000000000007,22,12,1
2018-12-15 23:00:00,28303.0,27702.410999999996,25755.44586725235,9.0,23,12,1
2018-12-16 00:00:00,26135.999999999996,25350.52,24399.60584602356,9.0,0,12,1
2018-12-16 01:00:00,24182.0,23845.45166666667,22841.71822433472,9.0,1,12,1
2018-12-16 02:00:00,22707.0,23547.92,21425.087388610842,9.0,2,12,1
2018-12-16 03:00:00,21840.999999999996,22325.01,20535.647232055668,8.57000000000005,3,12,1
2018-12-16 04:00:00,21543.0,22053.587333333333,20230.569981098175,8.0,4,12,1
2018-12-16 05:00:00,21398.0,22073.685,20468.581268215177,8.0,5,12,1
2018-12-16 06:00:00,21882.0,20793.09,21234.833162212373,8.0,6,12,1
2018-12-16 07:00:00,22793.0,22039.11,22526.94989643097,8.0,7,12,1
2018-12-16 08:00:00,23515.0,22021.84,24210.533398723604,8.0,8,12,1
2018-12-16 09:00:00,25653.0,24644.64,25912.051131343844,8.0,9,12,1
2018-12-16 10:00:00,27883.0,25825.81,27199.6556180954,8.0,10,12,1
2018-12-16 11:00:00,28965.0,27841.15,27865.343970870974,8.0,11,12,1
2018-12-16 12:00:00,29295.000000000004,28153.34166666667,27934.546415519715,8.480000000000018,12,12,1
2018-12-16 13:00:00,29818.0,27931.38,27589.803872299195,9.740000000000009,13,12,1
2018-12-16 14:00:00,29529.0,28389.17,27096.60155067444,9.950000000000045,14,12,1
2018-12-16 15:00:00,28227.0,26821.4,26722.702759075168,11.160000000000025,15,12,1
2018-12-16 16:00:00,27340.0,26433.35,26665.064169406895,11.57000000000005,16,12,1
2018-12-16 17:00:00,27558.0,26531.12,27058.423249053958,11.770000000000039,17,12,1
2018-12-16 18:00:00,29698.0,28431.35,27955.698796367647,11.189999999999998,18,12,1
2018-12-16 19:00:00,30958.0,28873.01,29190.63353738785,9.79000000000002,19,12,1
2018-12-16 20:00:00,31890.0,28383.49,30094.11342496872,9.170000000000016,20,12,1
2018-12-16 21:00:00,31965.0,28066.28,29519.23405246735,8.710000000000036,21,12,1
2018-12-16 22:00:00,30672.0,26143.15,27580.408240127566,8.300000000000011,22,12,1
2018-12-16 23:00:00,28319.0,26666.695,25746.333471393587,8.430000000000007,23,12,1
2018-12-17 00:00:00,25677.0,24093.83,24437.679154872898,7.850000000000023,0,12,0
2018-12-17 01:00:00,23998.0,22615.51,22908.710937404634,5.7000000000000455,1,12,0
2018-12-17 02:00:00,22900.0,22713.9275,21611.771860790253,2.7000000000000455,2,12,0
2018-12-17 03:00:00,22515.000000000004,22118.268333333333,20933.330548858645,1.8500000000000227,3,12,0
2018-12-17 04:00:00,22631.0,22099.57166666667,21014.321484184267,1.8500000000000227,4,12,0
2018-12-17 05:00:00,23603.0,22115.12,22075.285645103457,1.4300000000000068,5,12,0
2018-12-17 06:00:00,26865.0,22013.59175,24346.303701972964,0.4300000000000068,6,12,0
2018-12-17 07:00:00,31683.0,27688.119,27303.163840293888,1.420000000000016,7,12,0
2018-12-17 08:00:00,34826.0,31157.96,29794.222328567506,1.25,8,12,0
2018-12-17 09:00:00,35999.0,30782.23,31354.563851070405,0.8100000000000023,9,12,0
2018-12-17 10:00:00,36610.0,29616.82,32151.74466209412,1.3799999999999955,10,12,0
2018-12-17 11:00:00,36340.0,30844.92,32374.949526786808,4.360000000000014,11,12,0
2018-12-17 12:00:00,35855.0,31796.08,32142.612732696536,6.170000000000016,12,12,0
2018-12-17 13:00:00,35563.0,35276.88,31646.477938556673,6.970000000000027,13,12,0
2018-12-17 14:00:00,34491.0,33097.33,31168.924423217777,8.379999999999995,14,12,0
2018-12-17 15:00:00,33938.0,29397.13,30974.900223827364,9.379999999999995,15,12,0
2018-12-17 16:00:00,33833.0,27670.75,31240.03138790131,8.980000000000018,16,12,0
2018-12-17 17:00:00,34562.0,33605.52,31962.088650321963,9.510000000000048,17,12,0
2018-12-17 18:00:00,36606.0,32880.78,32928.5202501297,8.410000000000025,18,12,0
2018-12-17 19:00:00,36987.0,31280.05,33824.67261896133,5.990000000000009,19,12,0
2018-12-17 20:00:00,37448.0,32008.79,34297.49413452148,5.180000000000007,20,12,0
2018-12-17 21:00:00,36205.0,32391.74,33741.3278922081,4.760000000000048,21,12,0
2018-12-17 22:00:00,33444.0,29885.61,31697.199213790896,3.390000000000043,22,12,0
2018-12-17 23:00:00,30170.999999999996,29852.500333333337,29147.457091522218,2.0,23,12,0
2018-12-18 00:00:00,27932.0,26253.07,27084.302746295933,0.5100000000000477,0,12,0
2018-12-18 01:00:00,25927.0,25526.27,25482.823591041568,1.0,1,12,0
2018-12-18 02:00:00,24875.999999999996,24070.45,23944.440207862855,0.4200000000000159,2,12,0
2018-12-18 03:00:00,24389.000000000004,23331.08,22928.034490680697,-0.4199999999999591,3,12,0
2018-12-18 04:00:00,24433.0,23600.44,22638.840448474886,-1.0,4,12,0
2018-12-18 05:00:00,25124.0,23768.12,23373.023155117036,-0.42999999999995,5,12,0
2018-12-18 06:00:00,27995.0,26289.31333333333,25707.43731222153,-0.42999999999995,6,12,0
2018-12-18 07:00:00,32711.0,29369.61,29184.136194038394,-0.4199999999999591,7,12,0
2018-12-18 08:00:00,35654.0,33428.62,31951.262186431886,0.2300000000000182,8,12,0
2018-12-18 09:00:00,36692.0,33910.65,33546.68838634491,0.7900000000000205,9,12,0
2018-12-18 10:00:00,36953.0,34911.58,34377.49130105972,0.7900000000000205,10,12,0
2018-12-18 11:00:00,36989.0,33188.26,34677.0771859169,2.57000000000005,11,12,0
2018-12-18 12:00:00,36642.0,35278.07,34559.897928237915,3.7900000000000205,12,12,0
2018-12-18 13:00:00,36525.0,34116.03,34136.066528034215,5.78000000000003,13,12,0
2018-12-18 14:00:00,35318.0,33073.04,33621.470098018646,6.590000000000032,14,12,0
2018-12-18 15:00:00,34890.0,30769.41,33321.613185310365,6.7900000000000205,15,12,0
2018-12-18 16:00:00,34799.0,31775.48,33436.170065402985,7.189999999999998,16,12,0
2018-12-18 17:00:00,35776.0,31985.58,33961.949446392064,7.189999999999998,17,12,0
2018-12-18 18:00:00,37183.0,33263.85,34724.43869247437,6.580000000000041,18,12,0
2018-12-18 19:00:00,37454.0,35699.03,35389.409187698366,7.0,19,12,0
2018-12-18 20:00:00,37579.0,35555.03,35650.46272554398,6.189999999999998,20,12,0
2018-12-18 21:00:00,36681.0,34872.12,35057.78341579437,7.0,21,12,0
2018-12-18 22:00:00,33880.0,29489.1,32881.9229932785,6.580000000000041,22,12,0
2018-12-18 23:00:00,30489.000000000004,28787.22,29807.82255496979,6.580000000000041,23,12,0
2018-12-19 00:00:00,28144.0,26374.48123809524,27222.71007728577,6.580000000000041,0,12,0
2018-12-19 01:00:00,26046.0,25871.74,25530.297415447236,6.0,1,12,0
2018-12-19 02:00:00,24800.0,23225.656666666666,23953.884673881534,6.0,2,12,0
2018-12-19 03:00:00,24218.0,21374.407000000003,22954.751488399506,6.0,3,12,0
2018-12-19 04:00:00,24142.0,20848.69,22686.397290420533,6.0,4,12,0
2018-12-19 05:00:00,24754.0,22426.26,23390.79135036469,6.0,5,12,0
2018-12-19 06:00:00,27642.0,24455.975,25528.070592021944,6.0,6,12,0
2018-12-19 07:00:00,32381.0,25696.48,28725.222558116915,6.340000000000032,7,12,0
2018-12-19 08:00:00,35277.0,27452.84,31369.804894733432,6.260000000000048,8,12,0
2018-12-19 09:00:00,36093.0,33787.56,32902.67737827301,5.520000000000039,9,12,0
2018-12-19 10:00:00,36394.0,33601.55,33677.16754226685,4.800000000000011,10,12,0
2018-12-19 11:00:00,36109.0,34808.15,33916.1896900177,6.390000000000043,11,12,0
2018-12-19 12:00:00,35593.0,34437.51,33731.788200187686,6.210000000000036,12,12,0
2018-12-19 13:00:00,35229.0,33008.295,33234.327567100525,8.0,13,12,0
2018-12-19 14:00:00,34226.0,34076.62,32642.34902305603,8.78000000000003,14,12,0
2018-12-19 15:00:00,33710.0,34086.99,32211.571008110048,9.5,15,12,0
2018-12-19 16:00:00,33574.0,33738.55,32159.335883617405,8.960000000000036,16,12,0
2018-12-19 17:00:00,34426.0,34877.78,32573.07088594437,8.57000000000005,17,12,0
2018-12-19 18:00:00,36288.0,36108.93,33275.831453704835,7.210000000000036,18,12,0
2018-12-19 19:00:00,36610.0,36355.06,33904.54525918961,6.189999999999998,19,12,0
2018-12-19 20:00:00,36694.0,36142.75,34039.55863780976,6.0,20,12,0
2018-12-19 21:00:00,35971.0,36917.14,33006.60312986374,5.510000000000048,21,12,0
2018-12-19 22:00:00,33405.0,32605.16,30731.724757385255,5.580000000000041,22,12,0
2018-12-19 23:00:00,30292.0,27918.028333333335,28308.872503280643,6.0,23,12,0
2018-12-20 00:00:00,27987.0,25289.735,26454.338794326784,6.0,0,12,0
2018-12-20 01:00:00,25935.0,24387.04333333333,24790.677059936526,5.580000000000041,1,12,0
2018-12-20 02:00:00,24683.999999999996,23255.616666666665,23280.998212051392,6.0,2,12,0
2018-12-20 03:00:00,24040.0,21274.715,22397.574385452273,6.0,3,12,0
2018-12-20 04:00:00,23989.0,23484.65,22275.63138599396,5.57000000000005,4,12,0
2018-12-20 05:00:00,24642.0,23130.41,23081.841575336457,5.57000000000005,5,12,0
2018-12-20 06:00:00,27262.000000000004,25310.66,25099.98576374054,5.57000000000005,6,12,0
2018-12-20 07:00:00,31876.0,27210.63,27998.14273452759,5.7000000000000455,7,12,0
2018-12-20 08:00:00,34912.0,30633.923333333336,30543.304241943362,6.020000000000039,8,12,0
2018-12-20 09:00:00,35642.0,33437.22,32133.20000867844,5.390000000000043,9,12,0
2018-12-20 10:00:00,35712.0,32509.3,32963.670853233336,5.580000000000041,10,12,0
2018-12-20 11:00:00,35514.0,32326.0,33246.658113479614,6.020000000000039,11,12,0
2018-12-20 12:00:00,35180.0,33926.1,33123.3282327652,8.0,12,12,0
2018-12-20 13:00:00,34710.0,32807.2475,32668.856035232548,7.990000000000009,13,12,0
2018-12-20 14:00:00,33505.0,33152.06,32134.83105916977,9.550000000000011,14,12,0
2018-12-20 15:00:00,33053.0,30516.22,31761.188645267488,10.240000000000009,15,12,0
2018-12-20 16:00:00,32899.0,28176.83,31779.044741439822,10.390000000000043,16,12,0
2018-12-20 17:00:00,33647.0,31083.76,32239.030280303956,10.78000000000003,17,12,0
2018-12-20 18:00:00,35657.0,33515.1,32968.33204393387,10.520000000000039,18,12,0
2018-12-20 19:00:00,35967.0,33857.5,33590.582689762115,8.79000000000002,19,12,0
2018-12-20 20:00:00,36154.0,31697.5,33665.63787097931,7.990000000000009,20,12,0
2018-12-20 21:00:00,35422.0,31022.82,32548.375609493258,8.0,21,12,0
2018-12-20 22:00:00,33081.0,31472.202666666664,30328.049527549745,8.0,22,12,0
2018-12-20 23:00:00,30074.999999999996,27239.64,28076.660235500338,8.0,23,12,0
2018-12-21 00:00:00,27831.0,27329.7225,26347.548937606814,8.0,0,12,0
2018-12-21 01:00:00,25772.0,25472.73,24691.59562597275,8.0,1,12,0
2018-12-21 02:00:00,24320.0,24432.02333333333,23209.79357967377,8.0,2,12,0
2018-12-21 03:00:00,23784.0,22828.59,22359.903955841066,3.5855000000000246,3,12,0
2018-12-21 04:00:00,23656.0,23349.04,22244.919779586795,7.420000000000016,4,12,0
2018-12-21 05:00:00,24203.0,23509.54,23025.58254184723,7.2000000000000455,5,12,0
2018-12-21 06:00:00,26675.0,25217.87,24913.97275695801,6.580000000000041,6,12,0
2018-12-21 07:00:00,31103.000000000004,30167.19,27589.61830368042,6.350000000000023,7,12,0
2018-12-21 08:00:00,33847.0,32896.43,29984.70363235474,5.760000000000048,8,12,0
2018-12-21 09:00:00,34653.0,32838.32,31519.90549039841,5.600000000000023,9,12,0
2018-12-21 10:00:00,34927.0,33648.87,32318.851644992832,5.770000000000039,10,12,0
2018-12-21 11:00:00,34688.0,35419.992,32583.93397521973,7.0,11,12,0
2018-12-21 12:00:00,34071.0,33739.14666666667,32431.389245510105,6.770000000000039,12,12,0
2018-12-21 13:00:00,33535.0,34461.131,32002.19588890076,7.220000000000027,13,12,0
2018-12-21 14:00:00,32252.0,32439.275,31474.287352180483,7.57000000000005,14,12,0
2018-12-21 15:00:00,31475.0,31827.89,31124.505155944826,8.270000000000039,15,12,0
2018-12-21 16:00:00,31178.0,31063.9,31166.380179786684,8.390000000000043,16,12,0
2018-12-21 17:00:00,31761.0,30276.99,31672.916583347323,8.379999999999995,17,12,0
2018-12-21 18:00:00,33563.0,32468.82,32471.57950162888,8.370000000000005,18,12,0
2018-12-21 19:00:00,34041.0,34057.41,33159.206460189824,7.7900000000000205,19,12,0
2018-12-21 20:00:00,33953.0,34622.73,33214.70124397278,7.7900000000000205,20,12,0
2018-12-21 21:00:00,33098.0,31570.91,32060.18364057541,8.260000000000048,21,12,0
2018-12-21 22:00:00,31194.0,31554.33,30014.1357919693,8.340000000000032,22,12,0
2018-12-21 23:00:00,28684.000000000004,27017.42,28004.688911724093,8.0,23,12,0
2018-12-22 00:00:00,26591.0,26708.92,26420.506705093387,8.0,0,12,1
2018-12-22 01:00:00,24533.0,23835.42,24767.05124473572,8.0,1,12,1
2018-12-22 02:00:00,23053.0,24007.93,23165.69173240662,8.0,2,12,1
2018-12-22 03:00:00,22329.0,23314.507999999998,22084.581167888642,8.0,3,12,1
2018-12-22 04:00:00,21891.0,22710.678,21616.025288867953,8.0,4,12,1
2018-12-22 05:00:00,21853.0,21218.36,21750.081524086,7.57000000000005,5,12,1
2018-12-22 06:00:00,22550.999999999996,21823.5,22495.935520172123,7.57000000000005,6,12,1
2018-12-22 07:00:00,24115.0,22972.16,23895.90668897629,7.7000000000000455,7,12,1
2018-12-22 08:00:00,25761.0,25716.15,25793.45813379288,8.020000000000039,8,12,1
2018-12-22 09:00:00,28444.0,27604.36,27679.601991939548,7.760000000000048,9,12,1
2018-12-22 10:00:00,30138.999999999996,27684.37,29031.503563404087,8.0,10,12,1
2018-12-22 11:00:00,30199.000000000004,28639.74,29663.574695873263,8.0,11,12,1
2018-12-22 12:00:00,29717.999999999996,30808.96,29636.532953071597,7.580000000000041,12,12,1
2018-12-22 13:00:00,29767.0,29108.15,29133.02180633545,8.0,13,12,1
2018-12-22 14:00:00,29157.0,29937.59,28453.735668849946,7.57000000000005,14,12,1
2018-12-22 15:00:00,28044.0,29154.94,27897.422924995426,7.980000000000018,15,12,1
2018-12-22 16:00:00,27345.0,29198.28,27692.508777713778,7.770000000000039,16,12,1
2018-12-22 17:00:00,27814.999999999996,28700.84,27981.03379621506,7.980000000000018,17,12,1
2018-12-22 18:00:00,29901.0,30944.45,28783.964792728428,7.7900000000000205,18,12,1
2018-12-22 19:00:00,30400.0,30272.54,29855.08395214081,7.0,19,12,1
2018-12-22 20:00:00,30931.0,31021.14,30498.00840711594,6.7900000000000205,20,12,1
2018-12-22 21:00:00,30580.0,30745.3,29703.679492759708,7.260000000000048,21,12,1
2018-12-22 22:00:00,29293.0,29641.52,27682.553997993473,7.0,22,12,1
2018-12-22 23:00:00,27320.0,25996.54,25782.331341743473,6.510000000000048,23,12,1
2018-12-23 00:00:00,24956.0,25337.84116666666,24447.78043613434,6.0,0,12,1
2018-12-23 01:00:00,22910.0,23921.765,22858.311965560915,6.0,1,12,1
2018-12-23 02:00:00,21599.0,22388.66666666667,21394.163354969027,5.0,2,12,1
2018-12-23 03:00:00,20743.999999999996,20738.99,20446.60115365982,5.0,3,12,1
2018-12-23 04:00:00,20397.0,20439.753333333334,20083.105192327497,5.57000000000005,4,12,1
2018-12-23 05:00:00,20439.0,20592.523333333334,20265.572861814497,5.57000000000005,5,12,1
2018-12-23 06:00:00,20989.0,21790.57,20969.452945518497,5.57000000000005,6,12,1
2018-12-23 07:00:00,22014.0,23171.01,22189.42987918854,5.3700000000000045,7,12,1
2018-12-23 08:00:00,22978.0,23875.13,23811.739111900333,5.270000000000039,8,12,1
2018-12-23 09:00:00,25196.000000000004,25000.05,25493.66958847046,4.760000000000048,9,12,1
2018-12-23 10:00:00,27240.0,27097.59,26805.91563444138,5.020000000000039,10,12,1
2018-12-23 11:00:00,27874.000000000004,26997.88,27515.02216062546,5.210000000000036,11,12,1
2018-12-23 12:00:00,27700.0,25878.07,27626.0361451149,6.640000000000043,12,12,1
2018-12-23 13:00:00,27943.999999999996,27171.36,27306.955788517,5.710000000000036,13,12,1
2018-12-23 14:00:00,27598.0,26565.933999999997,26828.869984245302,8.0,14,12,1
2018-12-23 15:00:00,26415.0,24876.075,26445.26790723801,8.610000000000014,15,12,1
2018-12-23 16:00:00,25724.0,24140.21,26365.32445793152,8.800000000000011,16,12,1
2018-12-23 17:00:00,26020.0,24211.02,26732.69660587311,8.800000000000011,17,12,1
2018-12-23 18:00:00,28361.000000000004,27718.409833333335,27627.43035144806,8.620000000000005,18,12,1
2018-12-23 19:00:00,29187.0,31160.58,28924.242460060123,6.430000000000007,19,12,1
2018-12-23 20:00:00,29879.999999999996,32469.54,29948.554377079014,5.830000000000041,20,12,1
2018-12-23 21:00:00,29973.000000000004,28571.03,29462.511097431186,4.300000000000011,21,12,1
2018-12-23 22:00:00,28806.0,27484.19,27566.258632946017,4.430000000000007,22,12,1
2018-12-23 23:00:00,26608.0,26206.59,25769.258520889285,4.0,23,12,1
2018-12-24 00:00:00,24074.0,25060.08,24480.05960903168,3.4500000000000455,0,12,0
2018-12-24 01:00:00,22040.0,24426.54,22914.37566366196,3.4500000000000455,1,12,0
2018-12-24 02:00:00,20759.0,22073.75,21559.067931365968,4.0,2,12,0
2018-12-24 03:00:00,20087.0,21711.57,20844.35772123337,4.0,3,12,0
2018-12-24 04:00:00,19894.0,20390.45,20901.99142751694,3.430000000000007,4,12,0
2018-12-24 05:00:00,20299.0,22453.45,21917.35454206467,1.8500000000000227,5,12,0
2018-12-24 06:00:00,21616.999999999996,22535.75458333333,24147.41565141678,1.0,6,12,0
2018-12-24 07:00:00,23853.0,26893.132999999998,27166.834389495853,0.0,7,12,0
2018-12-24 08:00:00,25773.0,30946.81,29790.122727108002,1.5200000000000387,8,12,0
2018-12-24 09:00:00,28255.0,31809.06,31450.383184051516,1.0300000000000296,9,12,0
2018-12-24 10:00:00,29575.0,29174.96,32313.152735042575,2.650000000000034,10,12,0
2018-12-24 11:00:00,29423.0,33659.72,32582.37129211426,4.240000000000009,11,12,0
2018-12-24 12:00:00,28748.999999999996,34055.54,32390.224754142764,6.82000000000005,12,12,0
2018-12-24 13:00:00,28400.0,30846.56,31915.830788707735,9.180000000000007,13,12,0
2018-12-24 14:00:00,27707.0,32446.77,31417.73531560898,11.400000000000034,14,12,0
2018-12-24 15:00:00,26728.0,31052.75,31195.135990619663,13.400000000000034,15,12,0
2018-12-24 16:00:00,26319.0,29447.82,31419.009879016878,13.79000000000002,16,12,0
2018-12-24 17:00:00,26882.0,30012.78,32094.135372734072,14.189999999999998,17,12,0
2018-12-24 18:00:00,29305.0,30732.1,33012.055428886415,13.25,18,12,0
2018-12-24 19:00:00,29570.0,34075.07,33857.82103433609,9.620000000000005,19,12,0
2018-12-24 20:00:00,28474.0,35107.3,34283.950067043304,7.810000000000002,20,12,0
2018-12-24 21:00:00,26583.000000000004,31340.28,33685.039558410645,6.7000000000000455,21,12,0
2018-12-24 22:00:00,24287.0,31864.41,31564.065938282016,5.0,22,12,0
2018-12-24 23:00:00,23230.999999999996,29017.99,28939.35165233612,4.57000000000005,23,12,0
2018-12-25 00:00:00,22499.0,25803.47,26824.011016464236,4.0,0,12,0
2018-12-25 01:00:00,21353.000000000004,24482.16916666667,25169.017289924624,3.580000000000041,1,12,0
2018-12-25 02:00:00,20021.0,23823.96,23637.263101482393,3.0,2,12,0
2018-12-25 03:00:00,18899.0,22052.11,22694.186289024354,3.150000000000034,3,12,0
2018-12-25 04:00:00,18279.0,22949.27,22498.499297142032,2.150000000000034,4,12,0
2018-12-25 05:00:00,18179.0,24486.29,23324.470102691652,2.150000000000034,5,12,0
2018-12-25 06:00:00,18472.0,26113.300095238093,25644.44164953232,2.0,6,12,0
2018-12-25 07:00:00,19012.0,30374.57,28906.901560974122,1.3400000000000318,7,12,0
2018-12-25 08:00:00,19244.0,33464.84,31469.418617630006,1.9700000000000273,8,12,0
2018-12-25 09:00:00,20540.0,31257.61,32949.61647205353,2.4700000000000273,9,12,0
2018-12-25 10:00:00,22644.000000000004,33182.74,33672.81644649506,3.430000000000007,10,12,0
2018-12-25 11:00:00,24059.0,34472.52,33873.33310585022,5.210000000000036,11,12,0
2018-12-25 12:00:00,24491.0,33495.92,33641.26978130341,8.0,12,12,0
2018-12-25 13:00:00,24570.0,32642.52,33119.84882116318,10.400000000000034,13,12,0
2018-12-25 14:00:00,23736.0,33518.175,32556.66759672165,11.980000000000018,14,12,0
2018-12-25 15:00:00,22063.000000000004,32792.81166666667,32244.05528316498,13.950000000000045,15,12,0
2018-12-25 16:00:00,21618.0,29913.49,32393.369653892518,14.240000000000009,16,12,0
2018-12-25 17:00:00,22204.0,31650.93,33014.770590782166,14.760000000000048,17,12,0
2018-12-25 18:00:00,24487.000000000004,31322.24,33881.498125076294,13.78000000000003,18,12,0
2018-12-25 19:00:00,25638.0,32352.85,34612.74103412628,10.28000000000003,19,12,0
2018-12-25 20:00:00,26518.000000000004,30906.61,34838.600018405916,8.760000000000048,20,12,0
2018-12-25 21:00:00,26921.0,33482.39,33972.138628578185,7.270000000000039,21,12,0
2018-12-25 22:00:00,26318.0,29340.495,31576.884823131564,6.0,22,12,0
2018-12-25 23:00:00,24341.0,29510.79,28723.75998439789,4.430000000000007,23,12,0
2018-12-26 00:00:00,22138.0,27524.3,26536.467558288576,4.0,0,12,0
2018-12-26 01:00:00,20267.0,25292.363333333335,24891.816840553285,3.420000000000016,1,12,0
2018-12-26 02:00:00,19102.0,23757.47,23380.970863723756,3.0,2,12,0
2018-12-26 03:00:00,18598.0,22403.48,22464.010392665867,2.57000000000005,3,12,0
2018-12-26 04:00:00,18522.0,22125.11,22309.170472145084,2.0,4,12,0
2018-12-26 05:00:00,19135.0,23721.6,23148.92463102341,2.0,5,12,0
2018-12-26 06:00:00,20917.0,26523.973333333335,25334.7032078743,2.0,6,12,0
2018-12-26 07:00:00,23860.0,30352.77,28382.067114925387,2.0400000000000205,7,12,0
2018-12-26 08:00:00,26435.0,30893.83,30884.68213310242,2.2600000000000477,8,12,0
2018-12-26 09:00:00,28792.0,32963.82,32370.576455783845,2.6200000000000045,9,12,0
2018-12-26 10:00:00,30404.0,33640.54,33103.21357116699,2.7900000000000205,10,12,0
2018-12-26 11:00:00,30774.0,33915.47,33301.83791894913,4.980000000000018,11,12,0
2018-12-26 12:00:00,30530.0,32518.15,33074.543219566345,8.0,12,12,0
2018-12-26 13:00:00,30532.0,34491.49,32565.267237186436,8.470000000000027,13,12,0
2018-12-26 14:00:00,29732.0,34581.09,32028.092477989198,10.980000000000018,14,12,0
2018-12-26 15:00:00,28524.999999999996,33634.205,31722.939534568788,12.0,15,12,0
2018-12-26 16:00:00,28144.0,32164.23,31889.453186225892,12.79000000000002,16,12,0
2018-12-26 17:00:00,28627.0,32440.85,32539.905378723146,12.600000000000023,17,12,0
2018-12-26 18:00:00,30534.0,35033.37,33454.90028743744,12.010000000000048,18,12,0
2018-12-26 19:00:00,31167.000000000004,31949.07,34209.58344306946,9.03000000000003,19,12,0
2018-12-26 20:00:00,31577.0,37153.92,34391.5578907013,7.2000000000000455,20,12,0
2018-12-26 21:00:00,31459.000000000004,36575.66,33416.72686920166,6.53000000000003,21,12,0
2018-12-26 22:00:00,29812.000000000004,34264.24933333333,31085.89955816269,4.340000000000032,22,12,0
2018-12-26 23:00:00,27108.0,30088.295,28516.377286148072,3.0,23,12,0
2018-12-27 00:00:00,24679.000000000004,25984.29,26522.564562034608,2.0,0,12,0
2018-12-27 01:00:00,22620.0,23769.3075,24859.515692424775,1.5,1,12,0
2018-12-27 02:00:00,21316.0,23178.2,23319.59404306412,1.0,2,12,0
2018-12-27 03:00:00,20739.0,23041.045,22377.132537078858,0.57000000000005,3,12,0
2018-12-27 04:00:00,20676.000000000004,22126.47,22191.080463218692,-0.5699999999999932,4,12,0
2018-12-27 05:00:00,21231.0,23374.75,22946.303232860566,-0.42999999999995,5,12,0
2018-12-27 06:00:00,23195.000000000004,26355.71,24959.730071640017,-0.42999999999995,6,12,0
2018-12-27 07:00:00,26398.0,30491.9,27906.54752931595,-1.0600000000000023,7,12,0
2018-12-27 08:00:00,29222.0,34098.09,30489.68956127167,-0.2699999999999818,8,12,0
2018-12-27 09:00:00,31599.0,30511.34,32090.638869285587,0.8400000000000318,9,12,0
2018-12-27 10:00:00,32759.0,32064.18,32904.21808614731,1.410000000000025,10,12,0
2018-12-27 11:00:00,32889.0,33353.42,33151.31979389191,4.400000000000034,11,12,0
2018-12-27 12:00:00,32376.0,34591.611333333334,32969.113385486606,6.800000000000011,12,12,0
2018-12-27 13:00:00,32295.0,31681.1,32514.443410873417,8.400000000000034,13,12,0
2018-12-27 14:00:00,31398.999999999996,31159.61,31988.744605731965,9.79000000000002,14,12,0
2018-12-27 15:00:00,30469.0,30253.44,31727.332139110567,10.379999999999995,15,12,0
2018-12-27 16:00:00,30184.0,30264.17,31931.84829053879,11.400000000000034,16,12,0
2018-12-27 17:00:00,30819.0,28300.06,32620.68144512177,11.600000000000023,17,12,0
2018-12-27 18:00:00,32522.0,32651.17,33526.0365524292,10.810000000000002,18,12,0
2018-12-27 19:00:00,32940.0,35592.61,34240.74920425415,8.220000000000027,19,12,0
2018-12-27 20:00:00,33142.0,34999.98,34363.91060819626,6.78000000000003,20,12,0
2018-12-27 21:00:00,32669.0,35254.19,33332.984146595,5.970000000000027,21,12,0
2018-12-27 22:00:00,30752.999999999996,33423.69,31081.40684423447,4.2900000000000205,22,12,0
2018-12-27 23:00:00,27882.0,29953.12,28633.85687198639,4.0,23,12,0
2018-12-28 00:00:00,25147.0,25156.61,26691.776283741,2.580000000000041,0,12,0
2018-12-28 01:00:00,23067.999999999996,25298.10166666667,25000.459941768648,2.0,1,12,0
2018-12-28 02:00:00,21779.0,24042.23666666667,23418.782911491395,1.580000000000041,2,12,0
2018-12-28 03:00:00,21244.0,22685.84,22430.41514759064,0.5800000000000409,3,12,0
2018-12-28 04:00:00,21131.999999999996,22532.31,22186.80261821747,0.5800000000000409,4,12,0
2018-12-28 05:00:00,21642.0,21586.305,22837.914067649843,0.0,5,12,0
2018-12-28 06:00:00,23591.0,26310.69,24662.266017436985,-0.42999999999995,6,12,0
2018-12-28 07:00:00,26804.0,30387.38,27457.837725734713,-1.0,7,12,0
2018-12-28 08:00:00,29506.0,27303.47,30041.853883552554,-0.5299999999999727,8,12,0
2018-12-28 09:00:00,31863.0,28490.29,31690.84104690552,0.8400000000000318,9,12,0
2018-12-28 10:00:00,33050.0,25650.08,32536.679903125765,1.6100000000000136,10,12,0
2018-12-28 11:00:00,33200.0,31035.38,32801.62061519623,4.810000000000002,11,12,0
2018-12-28 12:00:00,32659.0,33346.68833333333,32644.66863079071,6.600000000000023,12,12,0
2018-12-28 13:00:00,32453.0,33189.25,32201.350083923342,9.379999999999995,13,12,0
2018-12-28 14:00:00,31308.0,31548.6,31683.423185539246,11.0,14,12,0
2018-12-28 15:00:00,30281.0,30474.36,31385.136281013492,12.810000000000002,15,12,0
2018-12-28 16:00:00,29935.0,33953.43,31528.092484855653,13.379999999999995,16,12,0
2018-12-28 17:00:00,30427.999999999996,31792.33833333334,32175.658596992496,14.189999999999998,17,12,0
2018-12-28 18:00:00,32248.0,32324.74,33064.82284231186,12.980000000000018,18,12,0
2018-12-28 19:00:00,32728.0,31799.86,33764.067373085025,9.379999999999995,19,12,0
2018-12-28 20:00:00,32642.0,35057.83,33824.13300495148,7.57000000000005,20,12,0
2018-12-28 21:00:00,32155.0,33789.88,32671.842224979402,7.050000000000011,21,12,0
2018-12-28 22:00:00,30427.999999999996,30315.413333333334,30506.17098464966,7.0,22,12,0
2018-12-28 23:00:00,28015.0,26328.33,28303.005116558077,7.580000000000041,23,12,0
2018-12-29 00:00:00,25709.0,25902.62,26558.306054687502,7.580000000000041,0,12,1
2018-12-29 01:00:00,23622.0,24291.74033333333,24900.83156871796,6.150000000000034,1,12,1
2018-12-29 02:00:00,22122.0,23534.3,23266.23818178177,5.420000000000016,2,12,1
2018-12-29 03:00:00,21368.0,23553.31,22123.821605682377,3.0,3,12,1
2018-12-29 04:00:00,21084.0,21000.445,21580.04206867218,2.0,4,12,1
2018-12-29 05:00:00,21168.0,22283.24,21632.88517456055,1.57000000000005,5,12,1
2018-12-29 06:00:00,21927.0,22507.854166666664,22307.563838577273,1.0,6,12,1
2018-12-29 07:00:00,23347.0,23179.6,23653.72987470627,1.3900000000000432,7,12,1
2018-12-29 08:00:00,24931.0,24817.53,25515.219965171815,1.7200000000000273,8,12,1
2018-12-29 09:00:00,27300.0,27079.65,27349.26055021286,1.990000000000009,9,12,1
2018-12-29 10:00:00,29315.0,27585.48,28618.049355697633,2.170000000000016,10,12,1
2018-12-29 11:00:00,29757.0,30368.92,29146.431580734254,5.0,11,12,1
2018-12-29 12:00:00,29366.0,30808.96,29019.881107807163,7.590000000000032,12,12,1
2018-12-29 13:00:00,29252.0,30131.14,28454.19470701218,9.57000000000005,13,12,1
2018-12-29 14:00:00,28811.000000000004,29766.3,27773.80736627579,10.78000000000003,14,12,1
2018-12-29 15:00:00,27814.999999999996,28602.32,27267.71535072327,12.189999999999998,15,12,1
2018-12-29 16:00:00,27044.0,27850.03,27151.739847373963,13.0,16,12,1
2018-12-29 17:00:00,27317.0,28732.248,27551.606037139896,13.0,17,12,1
2018-12-29 18:00:00,29535.0,30393.08,28487.860761165623,12.410000000000025,18,12,1
2018-12-29 19:00:00,30271.0,30870.496666666666,29698.068483734132,9.200000000000045,19,12,1
2018-12-29 20:00:00,30819.0,30555.19,30442.435489177707,7.2000000000000455,20,12,1
2018-12-29 21:00:00,30717.999999999996,31555.45,29626.192385959628,6.010000000000048,21,12,1
2018-12-29 22:00:00,29352.0,29076.57,27546.53708381653,5.580000000000041,22,12,1
2018-12-29 23:00:00,27332.0,26813.785833333335,25653.37824354172,4.0,23,12,1
2018-12-30 00:00:00,24922.0,24570.47,24335.389337158205,3.0,0,12,1
2018-12-30 01:00:00,22772.0,23278.043261904757,22744.68781194687,2.580000000000041,1,12,1
2018-12-30 02:00:00,21301.0,21138.426,21279.25975456238,2.150000000000034,2,12,1
2018-12-30 03:00:00,20386.0,20291.584333333332,20323.2151140213,1.57000000000005,3,12,1
2018-12-30 04:00:00,20103.0,21033.79,19938.919596385957,0.57000000000005,4,12,1
2018-12-30 05:00:00,20112.0,21551.12,20078.401272010804,-0.5699999999999932,5,12,1
2018-12-30 06:00:00,20651.0,20914.26,20710.855750179293,0.0,6,12,1
2018-12-30 07:00:00,21639.0,22691.52,21837.44527645111,-0.9599999999999795,7,12,1
2018-12-30 08:00:00,22662.0,22922.85,23355.809224033357,-0.060000000000002274,8,12,1
2018-12-30 09:00:00,24759.0,25861.96,24943.619785499573,-0.2699999999999818,9,12,1
2018-12-30 10:00:00,26941.999999999996,27834.44,26180.11232624054,2.2100000000000364,10,12,1
2018-12-30 11:00:00,27614.0,26504.95,26827.839590072635,5.430000000000007,11,12,1
2018-12-30 12:00:00,27235.0,27421.62,26900.49214601517,7.640000000000043,12,12,1
2018-12-30 13:00:00,27462.0,29288.26,26584.415071010593,10.020000000000039,13,12,1
2018-12-30 14:00:00,27263.999999999996,28290.125,26149.96963415146,12.610000000000014,14,12,1
2018-12-30 15:00:00,26002.000000000004,26585.71,25853.013451957704,13.610000000000014,15,12,1
2018-12-30 16:00:00,25313.0,27179.32,25886.960300731662,15.0,16,12,1
2018-12-30 17:00:00,25552.000000000004,27680.45,26376.9542386055,15.0,17,12,1
2018-12-30 18:00:00,28071.999999999996,27780.64,27389.463014793397,14.410000000000025,18,12,1
2018-12-30 19:00:00,29221.0,29096.45,28807.646766853333,10.82000000000005,19,12,1
2018-12-30 20:00:00,30041.999999999996,29311.44,29954.426647186283,8.240000000000009,20,12,1
2018-12-30 21:00:00,30229.0,30334.23,29456.116305160525,6.520000000000039,21,12,1
2018-12-30 22:00:00,29145.0,27674.67,27444.327841949464,3.990000000000009,22,12,1
2018-12-30 23:00:00,26934.0,27937.525,25619.499762153628,2.420000000000016,23,12,1
2018-12-31 00:00:00,24312.0,25458.41,24333.743636512758,1.0,0,12,0
2018-12-31 01:00:00,22140.0,22733.55,22787.939950275424,1.0,1,12,0
2018-12-31 02:00:00,20851.0,22045.87566666667,21458.807159996035,0.0,2,12,0
2018-12-31 03:00:00,20200.0,22146.385,20754.830629444124,-1.5699999999999932,3,12,0
2018-12-31 04:00:00,20006.0,21575.11866666666,20811.734269714358,-1.42999999999995,4,12,0
2018-12-31 05:00:00,20366.0,22650.51,21838.324285697938,-2.0,5,12,0
2018-12-31 06:00:00,21723.0,24312.15825,24088.39750556946,-2.42999999999995,6,12,0
2018-12-31 07:00:00,23850.0,27113.010499999997,27096.032636356354,-1.3100000000000023,7,12,0
2018-12-31 08:00:00,25969.0,23883.77,29675.949192714692,-1.2699999999999818,8,12,0
2018-12-31 09:00:00,28382.0,34172.22,31306.491812038425,-1.7699999999999818,9,12,0
2018-12-31 10:00:00,29873.0,28739.51,32139.90489587784,1.240000000000009,10,12,0
2018-12-31 11:00:00,29753.0,29071.45,32368.02732896805,5.810000000000002,11,12,0
2018-12-31 12:00:00,28982.0,29723.98,32124.427008056642,7.830000000000041,12,12,0
2018-12-31 13:00:00,28636.0,31878.17,31624.812802314762,10.0,13,12,0
2018-12-31 14:00:00,27988.0,32693.48,31168.32376689911,12.189999999999998,14,12,0
2018-12-31 15:00:00,27009.0,30078.94,31046.654236984254,13.590000000000032,15,12,0
2018-12-31 16:00:00,26449.0,30085.74,31423.37318325043,14.970000000000027,16,12,0
2018-12-31 17:00:00,26738.0,28463.51,32264.299354457857,15.189999999999998,17,12,0
2018-12-31 18:00:00,29592.0,29552.4,33316.52714014053,14.610000000000014,18,12,0
2018-12-31 19:00:00,30653.000000000004,34999.91,34242.72697505951,10.410000000000025,19,12,0
2018-12-31 20:00:00,29735.0,34765.61,34736.59343700409,6.970000000000027,20,12,0
2018-12-31 21:00:00,28070.999999999996,35355.54,34276.67626552582,5.0,21,12,0
2018-12-31 22:00:00,25801.0,29885.61,32274.68875541687,3.420000000000016,22,12,0
2018-12-31 23:00:00,24454.999999999996,29852.500333333337,29555.92048006058,2.0,23,12,0
